Grammar:

Rule 0     S' -> code_block
Rule 1     code_block -> statement
Rule 2     code_block -> statement code_block
Rule 3     code_block -> code_block statement
Rule 4     statement -> COMMAND
Rule 5     statement -> expr COMMA  [precedence=left, level=2]
Rule 6     statement -> expr NEWLINE
Rule 7     statement -> expr SEMICOLON
Rule 8     statement -> NEWLINE
Rule 9     statement -> SEMICOLON
Rule 10    statement -> switch_block OTHERWISE NEWLINE code_block END SEMICOLON
Rule 11    statement -> switch_block OTHERWISE SEMICOLON code_block END SEMICOLON
Rule 12    statement -> switch_block OTHERWISE NEWLINE code_block END NEWLINE
Rule 13    statement -> switch_block OTHERWISE SEMICOLON code_block END NEWLINE
Rule 14    statement -> switch_block END NEWLINE
Rule 15    statement -> TRY code_block CATCH statement code_block END NEWLINE
Rule 16    statement -> WHILE expr code_block END NEWLINE
Rule 17    statement -> WHILE statement code_block END NEWLINE
Rule 18    statement -> IF expr statement END SEMICOLON
Rule 19    statement -> IF expr statement END NEWLINE
Rule 20    statement -> IF expr statement END
Rule 21    statement -> IF statement statement END SEMICOLON
Rule 22    statement -> IF statement statement END NEWLINE
Rule 23    statement -> IF statement statement END
Rule 24    statement -> if_block END SEMICOLON
Rule 25    statement -> if_block END NEWLINE
Rule 26    statement -> if_block END
Rule 27    statement -> BREAK SEMICOLON
Rule 28    statement -> CONTINUE SEMICOLON
Rule 29    statement -> BREAK NEWLINE
Rule 30    statement -> CONTINUE NEWLINE
Rule 31    statement -> FOR statement code_block END SEMICOLON
Rule 32    statement -> FOR statement code_block END NEWLINE
Rule 33    statement -> RETURN expr SEMICOLON
Rule 34    statement -> RETURN expr NEWLINE
Rule 35    statement -> FUNCTION statement code_block
Rule 36    statement -> FUNCTION statement code_block END NEWLINE
Rule 37    if_block -> IF expr code_block
Rule 38    if_block -> IF statement code_block
Rule 39    if_block -> if_block ELSEIF expr code_block
Rule 40    if_block -> if_block ELSEIF statement code_block
Rule 41    if_block -> if_block ELSE SEMICOLON code_block
Rule 42    if_block -> if_block ELSE NEWLINE code_block
Rule 43    switch_block -> SWITCH expr CASE expr code_block
Rule 44    switch_block -> SWITCH expr CASE statement code_block
Rule 45    switch_block -> SWITCH statement CASE expr code_block
Rule 46    switch_block -> SWITCH statement CASE statement code_block
Rule 47    switch_block -> switch_block CASE expr code_block
Rule 48    switch_block -> switch_block CASE statement code_block
Rule 49    expr -> STRING
Rule 50    expr -> NUMBER
Rule 51    expr -> NAME
Rule 52    expr -> expr CTRANSPOSE  [precedence=left, level=12]
Rule 53    expr -> expr TRANSPOSE  [precedence=left, level=12]
Rule 54    expr -> expr MPOWER expr  [precedence=left, level=12]
Rule 55    expr -> expr POWER expr  [precedence=left, level=12]
Rule 56    expr -> expr LDIVIDE expr  [precedence=left, level=10]
Rule 57    expr -> expr RDIVIDE expr  [precedence=left, level=10]
Rule 58    expr -> expr TIMES expr  [precedence=left, level=10]
Rule 59    expr -> expr MLDIVIDE expr  [precedence=left, level=10]
Rule 60    expr -> expr MRDIVIDE expr  [precedence=left, level=10]
Rule 61    expr -> expr MTIMES expr  [precedence=left, level=10]
Rule 62    expr -> expr MINUS expr  [precedence=left, level=9]
Rule 63    expr -> expr PLUS expr  [precedence=left, level=9]
Rule 64    expr -> expr NE expr  [precedence=left, level=7]
Rule 65    expr -> expr EQ expr  [precedence=left, level=7]
Rule 66    expr -> expr GE expr  [precedence=left, level=7]
Rule 67    expr -> expr GT expr  [precedence=left, level=7]
Rule 68    expr -> expr LE expr  [precedence=left, level=7]
Rule 69    expr -> expr LT expr  [precedence=left, level=7]
Rule 70    expr -> expr AND expr  [precedence=left, level=6]
Rule 71    expr -> expr OR expr  [precedence=left, level=5]
Rule 72    expr -> expr ANDAND expr  [precedence=left, level=4]
Rule 73    expr -> expr OROR expr  [precedence=left, level=3]
Rule 74    expr -> expr COLON expr  [precedence=left, level=8]
Rule 75    expr -> NOT expr  [precedence=left, level=11]
Rule 76    expr -> MINUS expr  [precedence=left, level=9]
Rule 77    expr -> PLUS expr  [precedence=left, level=9]
Rule 78    expr -> AT LPAREN args RPAREN expr
Rule 79    expr -> expr DOT NAME
Rule 80    expr -> expr ELLIPSIS NEWLINE
Rule 81    expr -> LPAREN expr RPAREN
Rule 82    expr -> expr ASSIGN expr  [precedence=left, level=1]
Rule 83    expr -> LSQR matrx_rows matrx_elements RSQR
Rule 84    expr -> LSQR matrx_elements RSQR
Rule 85    expr -> LSQR RSQR
Rule 86    expr -> LSQR matrx_rows RSQR
Rule 87    expr -> LCURL matrx_rows matrx_elements RCURL
Rule 88    expr -> LCURL matrx_elements RCURL
Rule 89    expr -> LCURL RCURL
Rule 90    expr -> LCURL matrx_rows RCURL
Rule 91    expr -> expr LCURL args RCURL
Rule 92    expr -> expr LPAREN args RPAREN
Rule 93    args -> expr
Rule 94    args -> expr COMMA expr  [precedence=left, level=2]
Rule 95    args -> args COMMA expr  [precedence=left, level=2]
Rule 96    matrx_rows -> matrx_elements SEMICOLON
Rule 97    matrx_rows -> matrx_rows matrx_elements SEMICOLON
Rule 98    matrx_elements -> expr
Rule 99    matrx_elements -> matrx_elements COMMA expr  [precedence=left, level=2]
Rule 100   matrx_elements -> matrx_elements expr

Unused terminals:

    ignore_COMMENT

Terminals, with rules where they appear:

AND                  : 70
ANDAND               : 72
ASSIGN               : 82
AT                   : 78
BREAK                : 27 29
CASE                 : 43 44 45 46 47 48
CATCH                : 15
COLON                : 74
COMMA                : 5 94 95 99
COMMAND              : 4
CONTINUE             : 28 30
CTRANSPOSE           : 52
DOT                  : 79
ELLIPSIS             : 80
ELSE                 : 41 42
ELSEIF               : 39 40
END                  : 10 11 12 13 14 15 16 17 18 19 20 21 22 23 24 25 26 31 32 36
EQ                   : 65
FOR                  : 31 32
FUNCTION             : 35 36
GE                   : 66
GT                   : 67
IF                   : 18 19 20 21 22 23 37 38
LCURL                : 87 88 89 90 91
LDIVIDE              : 56
LE                   : 68
LPAREN               : 78 81 92
LSQR                 : 83 84 85 86
LT                   : 69
MINUS                : 62 76
MLDIVIDE             : 59
MPOWER               : 54
MRDIVIDE             : 60
MTIMES               : 61
NAME                 : 51 79
NE                   : 64
NEWLINE              : 6 8 10 12 12 13 14 15 16 17 19 22 25 29 30 32 34 36 42 80
NOT                  : 75
NUMBER               : 50
OR                   : 71
OROR                 : 73
OTHERWISE            : 10 11 12 13
PLUS                 : 63 77
POWER                : 55
RCURL                : 87 88 89 90 91
RDIVIDE              : 57
RETURN               : 33 34
RPAREN               : 78 81 92
RSQR                 : 83 84 85 86
SEMICOLON            : 7 9 10 11 11 13 18 21 24 27 28 31 33 41 96 97
STRING               : 49
SWITCH               : 43 44 45 46
TIMES                : 58
TRANSPOSE            : 53
TRY                  : 15
WHILE                : 16 17
error                : 
ignore_COMMENT       : 

Nonterminals, with rules where they appear:

args                 : 78 91 92 95
code_block           : 2 3 10 11 12 13 15 15 16 17 31 32 35 36 37 38 39 40 41 42 43 44 45 46 47 48 0
expr                 : 5 6 7 16 18 19 20 33 34 37 39 43 43 44 45 47 52 53 54 54 55 55 56 56 57 57 58 58 59 59 60 60 61 61 62 62 63 63 64 64 65 65 66 66 67 67 68 68 69 69 70 70 71 71 72 72 73 73 74 74 75 76 77 78 79 80 81 82 82 91 92 93 94 94 95 98 99 100
if_block             : 24 25 26 39 40 41 42
matrx_elements       : 83 84 87 88 96 97 99 100
matrx_rows           : 83 86 87 90 97
statement            : 1 2 3 15 17 18 19 20 21 21 22 22 23 23 31 32 35 36 38 40 44 45 46 46 48
switch_block         : 10 11 12 13 14 47 48


state 0

    (0) S' -> . code_block
    (1) code_block -> . statement
    (2) code_block -> . statement code_block
    (3) code_block -> . code_block statement
    (4) statement -> . COMMAND
    (5) statement -> . expr COMMA
    (6) statement -> . expr NEWLINE
    (7) statement -> . expr SEMICOLON
    (8) statement -> . NEWLINE
    (9) statement -> . SEMICOLON
    (10) statement -> . switch_block OTHERWISE NEWLINE code_block END SEMICOLON
    (11) statement -> . switch_block OTHERWISE SEMICOLON code_block END SEMICOLON
    (12) statement -> . switch_block OTHERWISE NEWLINE code_block END NEWLINE
    (13) statement -> . switch_block OTHERWISE SEMICOLON code_block END NEWLINE
    (14) statement -> . switch_block END NEWLINE
    (15) statement -> . TRY code_block CATCH statement code_block END NEWLINE
    (16) statement -> . WHILE expr code_block END NEWLINE
    (17) statement -> . WHILE statement code_block END NEWLINE
    (18) statement -> . IF expr statement END SEMICOLON
    (19) statement -> . IF expr statement END NEWLINE
    (20) statement -> . IF expr statement END
    (21) statement -> . IF statement statement END SEMICOLON
    (22) statement -> . IF statement statement END NEWLINE
    (23) statement -> . IF statement statement END
    (24) statement -> . if_block END SEMICOLON
    (25) statement -> . if_block END NEWLINE
    (26) statement -> . if_block END
    (27) statement -> . BREAK SEMICOLON
    (28) statement -> . CONTINUE SEMICOLON
    (29) statement -> . BREAK NEWLINE
    (30) statement -> . CONTINUE NEWLINE
    (31) statement -> . FOR statement code_block END SEMICOLON
    (32) statement -> . FOR statement code_block END NEWLINE
    (33) statement -> . RETURN expr SEMICOLON
    (34) statement -> . RETURN expr NEWLINE
    (35) statement -> . FUNCTION statement code_block
    (36) statement -> . FUNCTION statement code_block END NEWLINE
    (49) expr -> . STRING
    (50) expr -> . NUMBER
    (51) expr -> . NAME
    (52) expr -> . expr CTRANSPOSE
    (53) expr -> . expr TRANSPOSE
    (54) expr -> . expr MPOWER expr
    (55) expr -> . expr POWER expr
    (56) expr -> . expr LDIVIDE expr
    (57) expr -> . expr RDIVIDE expr
    (58) expr -> . expr TIMES expr
    (59) expr -> . expr MLDIVIDE expr
    (60) expr -> . expr MRDIVIDE expr
    (61) expr -> . expr MTIMES expr
    (62) expr -> . expr MINUS expr
    (63) expr -> . expr PLUS expr
    (64) expr -> . expr NE expr
    (65) expr -> . expr EQ expr
    (66) expr -> . expr GE expr
    (67) expr -> . expr GT expr
    (68) expr -> . expr LE expr
    (69) expr -> . expr LT expr
    (70) expr -> . expr AND expr
    (71) expr -> . expr OR expr
    (72) expr -> . expr ANDAND expr
    (73) expr -> . expr OROR expr
    (74) expr -> . expr COLON expr
    (75) expr -> . NOT expr
    (76) expr -> . MINUS expr
    (77) expr -> . PLUS expr
    (78) expr -> . AT LPAREN args RPAREN expr
    (79) expr -> . expr DOT NAME
    (80) expr -> . expr ELLIPSIS NEWLINE
    (81) expr -> . LPAREN expr RPAREN
    (82) expr -> . expr ASSIGN expr
    (83) expr -> . LSQR matrx_rows matrx_elements RSQR
    (84) expr -> . LSQR matrx_elements RSQR
    (85) expr -> . LSQR RSQR
    (86) expr -> . LSQR matrx_rows RSQR
    (87) expr -> . LCURL matrx_rows matrx_elements RCURL
    (88) expr -> . LCURL matrx_elements RCURL
    (89) expr -> . LCURL RCURL
    (90) expr -> . LCURL matrx_rows RCURL
    (91) expr -> . expr LCURL args RCURL
    (92) expr -> . expr LPAREN args RPAREN
    (43) switch_block -> . SWITCH expr CASE expr code_block
    (44) switch_block -> . SWITCH expr CASE statement code_block
    (45) switch_block -> . SWITCH statement CASE expr code_block
    (46) switch_block -> . SWITCH statement CASE statement code_block
    (47) switch_block -> . switch_block CASE expr code_block
    (48) switch_block -> . switch_block CASE statement code_block
    (37) if_block -> . IF expr code_block
    (38) if_block -> . IF statement code_block
    (39) if_block -> . if_block ELSEIF expr code_block
    (40) if_block -> . if_block ELSEIF statement code_block
    (41) if_block -> . if_block ELSE SEMICOLON code_block
    (42) if_block -> . if_block ELSE NEWLINE code_block
    COMMAND         shift and go to state 3
    NEWLINE         shift and go to state 5
    SEMICOLON       shift and go to state 6
    TRY             shift and go to state 8
    WHILE           shift and go to state 9
    IF              shift and go to state 10
    BREAK           shift and go to state 12
    CONTINUE        shift and go to state 13
    FOR             shift and go to state 14
    RETURN          shift and go to state 15
    FUNCTION        shift and go to state 16
    STRING          shift and go to state 17
    NUMBER          shift and go to state 18
    NAME            shift and go to state 19
    NOT             shift and go to state 22
    MINUS           shift and go to state 20
    PLUS            shift and go to state 21
    AT              shift and go to state 23
    LPAREN          shift and go to state 24
    LSQR            shift and go to state 25
    LCURL           shift and go to state 26
    SWITCH          shift and go to state 27

    code_block                     shift and go to state 1
    statement                      shift and go to state 2
    expr                           shift and go to state 4
    switch_block                   shift and go to state 7
    if_block                       shift and go to state 11

state 1

    (0) S' -> code_block .
    (3) code_block -> code_block . statement
    (4) statement -> . COMMAND
    (5) statement -> . expr COMMA
    (6) statement -> . expr NEWLINE
    (7) statement -> . expr SEMICOLON
    (8) statement -> . NEWLINE
    (9) statement -> . SEMICOLON
    (10) statement -> . switch_block OTHERWISE NEWLINE code_block END SEMICOLON
    (11) statement -> . switch_block OTHERWISE SEMICOLON code_block END SEMICOLON
    (12) statement -> . switch_block OTHERWISE NEWLINE code_block END NEWLINE
    (13) statement -> . switch_block OTHERWISE SEMICOLON code_block END NEWLINE
    (14) statement -> . switch_block END NEWLINE
    (15) statement -> . TRY code_block CATCH statement code_block END NEWLINE
    (16) statement -> . WHILE expr code_block END NEWLINE
    (17) statement -> . WHILE statement code_block END NEWLINE
    (18) statement -> . IF expr statement END SEMICOLON
    (19) statement -> . IF expr statement END NEWLINE
    (20) statement -> . IF expr statement END
    (21) statement -> . IF statement statement END SEMICOLON
    (22) statement -> . IF statement statement END NEWLINE
    (23) statement -> . IF statement statement END
    (24) statement -> . if_block END SEMICOLON
    (25) statement -> . if_block END NEWLINE
    (26) statement -> . if_block END
    (27) statement -> . BREAK SEMICOLON
    (28) statement -> . CONTINUE SEMICOLON
    (29) statement -> . BREAK NEWLINE
    (30) statement -> . CONTINUE NEWLINE
    (31) statement -> . FOR statement code_block END SEMICOLON
    (32) statement -> . FOR statement code_block END NEWLINE
    (33) statement -> . RETURN expr SEMICOLON
    (34) statement -> . RETURN expr NEWLINE
    (35) statement -> . FUNCTION statement code_block
    (36) statement -> . FUNCTION statement code_block END NEWLINE
    (49) expr -> . STRING
    (50) expr -> . NUMBER
    (51) expr -> . NAME
    (52) expr -> . expr CTRANSPOSE
    (53) expr -> . expr TRANSPOSE
    (54) expr -> . expr MPOWER expr
    (55) expr -> . expr POWER expr
    (56) expr -> . expr LDIVIDE expr
    (57) expr -> . expr RDIVIDE expr
    (58) expr -> . expr TIMES expr
    (59) expr -> . expr MLDIVIDE expr
    (60) expr -> . expr MRDIVIDE expr
    (61) expr -> . expr MTIMES expr
    (62) expr -> . expr MINUS expr
    (63) expr -> . expr PLUS expr
    (64) expr -> . expr NE expr
    (65) expr -> . expr EQ expr
    (66) expr -> . expr GE expr
    (67) expr -> . expr GT expr
    (68) expr -> . expr LE expr
    (69) expr -> . expr LT expr
    (70) expr -> . expr AND expr
    (71) expr -> . expr OR expr
    (72) expr -> . expr ANDAND expr
    (73) expr -> . expr OROR expr
    (74) expr -> . expr COLON expr
    (75) expr -> . NOT expr
    (76) expr -> . MINUS expr
    (77) expr -> . PLUS expr
    (78) expr -> . AT LPAREN args RPAREN expr
    (79) expr -> . expr DOT NAME
    (80) expr -> . expr ELLIPSIS NEWLINE
    (81) expr -> . LPAREN expr RPAREN
    (82) expr -> . expr ASSIGN expr
    (83) expr -> . LSQR matrx_rows matrx_elements RSQR
    (84) expr -> . LSQR matrx_elements RSQR
    (85) expr -> . LSQR RSQR
    (86) expr -> . LSQR matrx_rows RSQR
    (87) expr -> . LCURL matrx_rows matrx_elements RCURL
    (88) expr -> . LCURL matrx_elements RCURL
    (89) expr -> . LCURL RCURL
    (90) expr -> . LCURL matrx_rows RCURL
    (91) expr -> . expr LCURL args RCURL
    (92) expr -> . expr LPAREN args RPAREN
    (43) switch_block -> . SWITCH expr CASE expr code_block
    (44) switch_block -> . SWITCH expr CASE statement code_block
    (45) switch_block -> . SWITCH statement CASE expr code_block
    (46) switch_block -> . SWITCH statement CASE statement code_block
    (47) switch_block -> . switch_block CASE expr code_block
    (48) switch_block -> . switch_block CASE statement code_block
    (37) if_block -> . IF expr code_block
    (38) if_block -> . IF statement code_block
    (39) if_block -> . if_block ELSEIF expr code_block
    (40) if_block -> . if_block ELSEIF statement code_block
    (41) if_block -> . if_block ELSE SEMICOLON code_block
    (42) if_block -> . if_block ELSE NEWLINE code_block
    COMMAND         shift and go to state 3
    NEWLINE         shift and go to state 5
    SEMICOLON       shift and go to state 6
    TRY             shift and go to state 8
    WHILE           shift and go to state 9
    IF              shift and go to state 10
    BREAK           shift and go to state 12
    CONTINUE        shift and go to state 13
    FOR             shift and go to state 14
    RETURN          shift and go to state 15
    FUNCTION        shift and go to state 16
    STRING          shift and go to state 17
    NUMBER          shift and go to state 18
    NAME            shift and go to state 19
    NOT             shift and go to state 22
    MINUS           shift and go to state 20
    PLUS            shift and go to state 21
    AT              shift and go to state 23
    LPAREN          shift and go to state 24
    LSQR            shift and go to state 25
    LCURL           shift and go to state 26
    SWITCH          shift and go to state 27

    statement                      shift and go to state 28
    expr                           shift and go to state 4
    switch_block                   shift and go to state 7
    if_block                       shift and go to state 11

state 2

    (1) code_block -> statement .
    (2) code_block -> statement . code_block
    (1) code_block -> . statement
    (2) code_block -> . statement code_block
    (3) code_block -> . code_block statement
    (4) statement -> . COMMAND
    (5) statement -> . expr COMMA
    (6) statement -> . expr NEWLINE
    (7) statement -> . expr SEMICOLON
    (8) statement -> . NEWLINE
    (9) statement -> . SEMICOLON
    (10) statement -> . switch_block OTHERWISE NEWLINE code_block END SEMICOLON
    (11) statement -> . switch_block OTHERWISE SEMICOLON code_block END SEMICOLON
    (12) statement -> . switch_block OTHERWISE NEWLINE code_block END NEWLINE
    (13) statement -> . switch_block OTHERWISE SEMICOLON code_block END NEWLINE
    (14) statement -> . switch_block END NEWLINE
    (15) statement -> . TRY code_block CATCH statement code_block END NEWLINE
    (16) statement -> . WHILE expr code_block END NEWLINE
    (17) statement -> . WHILE statement code_block END NEWLINE
    (18) statement -> . IF expr statement END SEMICOLON
    (19) statement -> . IF expr statement END NEWLINE
    (20) statement -> . IF expr statement END
    (21) statement -> . IF statement statement END SEMICOLON
    (22) statement -> . IF statement statement END NEWLINE
    (23) statement -> . IF statement statement END
    (24) statement -> . if_block END SEMICOLON
    (25) statement -> . if_block END NEWLINE
    (26) statement -> . if_block END
    (27) statement -> . BREAK SEMICOLON
    (28) statement -> . CONTINUE SEMICOLON
    (29) statement -> . BREAK NEWLINE
    (30) statement -> . CONTINUE NEWLINE
    (31) statement -> . FOR statement code_block END SEMICOLON
    (32) statement -> . FOR statement code_block END NEWLINE
    (33) statement -> . RETURN expr SEMICOLON
    (34) statement -> . RETURN expr NEWLINE
    (35) statement -> . FUNCTION statement code_block
    (36) statement -> . FUNCTION statement code_block END NEWLINE
    (49) expr -> . STRING
    (50) expr -> . NUMBER
    (51) expr -> . NAME
    (52) expr -> . expr CTRANSPOSE
    (53) expr -> . expr TRANSPOSE
    (54) expr -> . expr MPOWER expr
    (55) expr -> . expr POWER expr
    (56) expr -> . expr LDIVIDE expr
    (57) expr -> . expr RDIVIDE expr
    (58) expr -> . expr TIMES expr
    (59) expr -> . expr MLDIVIDE expr
    (60) expr -> . expr MRDIVIDE expr
    (61) expr -> . expr MTIMES expr
    (62) expr -> . expr MINUS expr
    (63) expr -> . expr PLUS expr
    (64) expr -> . expr NE expr
    (65) expr -> . expr EQ expr
    (66) expr -> . expr GE expr
    (67) expr -> . expr GT expr
    (68) expr -> . expr LE expr
    (69) expr -> . expr LT expr
    (70) expr -> . expr AND expr
    (71) expr -> . expr OR expr
    (72) expr -> . expr ANDAND expr
    (73) expr -> . expr OROR expr
    (74) expr -> . expr COLON expr
    (75) expr -> . NOT expr
    (76) expr -> . MINUS expr
    (77) expr -> . PLUS expr
    (78) expr -> . AT LPAREN args RPAREN expr
    (79) expr -> . expr DOT NAME
    (80) expr -> . expr ELLIPSIS NEWLINE
    (81) expr -> . LPAREN expr RPAREN
    (82) expr -> . expr ASSIGN expr
    (83) expr -> . LSQR matrx_rows matrx_elements RSQR
    (84) expr -> . LSQR matrx_elements RSQR
    (85) expr -> . LSQR RSQR
    (86) expr -> . LSQR matrx_rows RSQR
    (87) expr -> . LCURL matrx_rows matrx_elements RCURL
    (88) expr -> . LCURL matrx_elements RCURL
    (89) expr -> . LCURL RCURL
    (90) expr -> . LCURL matrx_rows RCURL
    (91) expr -> . expr LCURL args RCURL
    (92) expr -> . expr LPAREN args RPAREN
    (43) switch_block -> . SWITCH expr CASE expr code_block
    (44) switch_block -> . SWITCH expr CASE statement code_block
    (45) switch_block -> . SWITCH statement CASE expr code_block
    (46) switch_block -> . SWITCH statement CASE statement code_block
    (47) switch_block -> . switch_block CASE expr code_block
    (48) switch_block -> . switch_block CASE statement code_block
    (37) if_block -> . IF expr code_block
    (38) if_block -> . IF statement code_block
    (39) if_block -> . if_block ELSEIF expr code_block
    (40) if_block -> . if_block ELSEIF statement code_block
    (41) if_block -> . if_block ELSE SEMICOLON code_block
    (42) if_block -> . if_block ELSE NEWLINE code_block
  ! shift/reduce conflict for COMMAND resolved as shift
  ! shift/reduce conflict for NEWLINE resolved as shift
  ! shift/reduce conflict for SEMICOLON resolved as shift
  ! shift/reduce conflict for TRY resolved as shift
  ! shift/reduce conflict for WHILE resolved as shift
  ! shift/reduce conflict for IF resolved as shift
  ! shift/reduce conflict for BREAK resolved as shift
  ! shift/reduce conflict for CONTINUE resolved as shift
  ! shift/reduce conflict for FOR resolved as shift
  ! shift/reduce conflict for RETURN resolved as shift
  ! shift/reduce conflict for FUNCTION resolved as shift
  ! shift/reduce conflict for STRING resolved as shift
  ! shift/reduce conflict for NUMBER resolved as shift
  ! shift/reduce conflict for NAME resolved as shift
  ! shift/reduce conflict for NOT resolved as shift
  ! shift/reduce conflict for MINUS resolved as shift
  ! shift/reduce conflict for PLUS resolved as shift
  ! shift/reduce conflict for AT resolved as shift
  ! shift/reduce conflict for LPAREN resolved as shift
  ! shift/reduce conflict for LSQR resolved as shift
  ! shift/reduce conflict for LCURL resolved as shift
  ! shift/reduce conflict for SWITCH resolved as shift
    $end            reduce using rule 1 (code_block -> statement .)
    CATCH           reduce using rule 1 (code_block -> statement .)
    END             reduce using rule 1 (code_block -> statement .)
    CASE            reduce using rule 1 (code_block -> statement .)
    ELSEIF          reduce using rule 1 (code_block -> statement .)
    ELSE            reduce using rule 1 (code_block -> statement .)
    OTHERWISE       reduce using rule 1 (code_block -> statement .)
    COMMAND         shift and go to state 3
    NEWLINE         shift and go to state 5
    SEMICOLON       shift and go to state 6
    TRY             shift and go to state 8
    WHILE           shift and go to state 9
    IF              shift and go to state 10
    BREAK           shift and go to state 12
    CONTINUE        shift and go to state 13
    FOR             shift and go to state 14
    RETURN          shift and go to state 15
    FUNCTION        shift and go to state 16
    STRING          shift and go to state 17
    NUMBER          shift and go to state 18
    NAME            shift and go to state 19
    NOT             shift and go to state 22
    MINUS           shift and go to state 20
    PLUS            shift and go to state 21
    AT              shift and go to state 23
    LPAREN          shift and go to state 24
    LSQR            shift and go to state 25
    LCURL           shift and go to state 26
    SWITCH          shift and go to state 27

    statement                      shift and go to state 2
    code_block                     shift and go to state 29
    expr                           shift and go to state 4
    switch_block                   shift and go to state 7
    if_block                       shift and go to state 11

state 3

    (4) statement -> COMMAND .
    COMMAND         reduce using rule 4 (statement -> COMMAND .)
    NEWLINE         reduce using rule 4 (statement -> COMMAND .)
    SEMICOLON       reduce using rule 4 (statement -> COMMAND .)
    TRY             reduce using rule 4 (statement -> COMMAND .)
    WHILE           reduce using rule 4 (statement -> COMMAND .)
    IF              reduce using rule 4 (statement -> COMMAND .)
    BREAK           reduce using rule 4 (statement -> COMMAND .)
    CONTINUE        reduce using rule 4 (statement -> COMMAND .)
    FOR             reduce using rule 4 (statement -> COMMAND .)
    RETURN          reduce using rule 4 (statement -> COMMAND .)
    FUNCTION        reduce using rule 4 (statement -> COMMAND .)
    STRING          reduce using rule 4 (statement -> COMMAND .)
    NUMBER          reduce using rule 4 (statement -> COMMAND .)
    NAME            reduce using rule 4 (statement -> COMMAND .)
    NOT             reduce using rule 4 (statement -> COMMAND .)
    MINUS           reduce using rule 4 (statement -> COMMAND .)
    PLUS            reduce using rule 4 (statement -> COMMAND .)
    AT              reduce using rule 4 (statement -> COMMAND .)
    LPAREN          reduce using rule 4 (statement -> COMMAND .)
    LSQR            reduce using rule 4 (statement -> COMMAND .)
    LCURL           reduce using rule 4 (statement -> COMMAND .)
    SWITCH          reduce using rule 4 (statement -> COMMAND .)
    $end            reduce using rule 4 (statement -> COMMAND .)
    CATCH           reduce using rule 4 (statement -> COMMAND .)
    END             reduce using rule 4 (statement -> COMMAND .)
    CASE            reduce using rule 4 (statement -> COMMAND .)
    ELSEIF          reduce using rule 4 (statement -> COMMAND .)
    ELSE            reduce using rule 4 (statement -> COMMAND .)
    OTHERWISE       reduce using rule 4 (statement -> COMMAND .)


state 4

    (5) statement -> expr . COMMA
    (6) statement -> expr . NEWLINE
    (7) statement -> expr . SEMICOLON
    (52) expr -> expr . CTRANSPOSE
    (53) expr -> expr . TRANSPOSE
    (54) expr -> expr . MPOWER expr
    (55) expr -> expr . POWER expr
    (56) expr -> expr . LDIVIDE expr
    (57) expr -> expr . RDIVIDE expr
    (58) expr -> expr . TIMES expr
    (59) expr -> expr . MLDIVIDE expr
    (60) expr -> expr . MRDIVIDE expr
    (61) expr -> expr . MTIMES expr
    (62) expr -> expr . MINUS expr
    (63) expr -> expr . PLUS expr
    (64) expr -> expr . NE expr
    (65) expr -> expr . EQ expr
    (66) expr -> expr . GE expr
    (67) expr -> expr . GT expr
    (68) expr -> expr . LE expr
    (69) expr -> expr . LT expr
    (70) expr -> expr . AND expr
    (71) expr -> expr . OR expr
    (72) expr -> expr . ANDAND expr
    (73) expr -> expr . OROR expr
    (74) expr -> expr . COLON expr
    (79) expr -> expr . DOT NAME
    (80) expr -> expr . ELLIPSIS NEWLINE
    (82) expr -> expr . ASSIGN expr
    (91) expr -> expr . LCURL args RCURL
    (92) expr -> expr . LPAREN args RPAREN
    COMMA           shift and go to state 30
    NEWLINE         shift and go to state 31
    SEMICOLON       shift and go to state 32
    CTRANSPOSE      shift and go to state 33
    TRANSPOSE       shift and go to state 34
    MPOWER          shift and go to state 35
    POWER           shift and go to state 36
    LDIVIDE         shift and go to state 37
    RDIVIDE         shift and go to state 38
    TIMES           shift and go to state 39
    MLDIVIDE        shift and go to state 40
    MRDIVIDE        shift and go to state 41
    MTIMES          shift and go to state 42
    MINUS           shift and go to state 43
    PLUS            shift and go to state 44
    NE              shift and go to state 45
    EQ              shift and go to state 46
    GE              shift and go to state 47
    GT              shift and go to state 48
    LE              shift and go to state 49
    LT              shift and go to state 50
    AND             shift and go to state 51
    OR              shift and go to state 52
    ANDAND          shift and go to state 53
    OROR            shift and go to state 54
    COLON           shift and go to state 55
    DOT             shift and go to state 56
    ELLIPSIS        shift and go to state 57
    ASSIGN          shift and go to state 58
    LCURL           shift and go to state 59
    LPAREN          shift and go to state 60


state 5

    (8) statement -> NEWLINE .
    COMMAND         reduce using rule 8 (statement -> NEWLINE .)
    NEWLINE         reduce using rule 8 (statement -> NEWLINE .)
    SEMICOLON       reduce using rule 8 (statement -> NEWLINE .)
    TRY             reduce using rule 8 (statement -> NEWLINE .)
    WHILE           reduce using rule 8 (statement -> NEWLINE .)
    IF              reduce using rule 8 (statement -> NEWLINE .)
    BREAK           reduce using rule 8 (statement -> NEWLINE .)
    CONTINUE        reduce using rule 8 (statement -> NEWLINE .)
    FOR             reduce using rule 8 (statement -> NEWLINE .)
    RETURN          reduce using rule 8 (statement -> NEWLINE .)
    FUNCTION        reduce using rule 8 (statement -> NEWLINE .)
    STRING          reduce using rule 8 (statement -> NEWLINE .)
    NUMBER          reduce using rule 8 (statement -> NEWLINE .)
    NAME            reduce using rule 8 (statement -> NEWLINE .)
    NOT             reduce using rule 8 (statement -> NEWLINE .)
    MINUS           reduce using rule 8 (statement -> NEWLINE .)
    PLUS            reduce using rule 8 (statement -> NEWLINE .)
    AT              reduce using rule 8 (statement -> NEWLINE .)
    LPAREN          reduce using rule 8 (statement -> NEWLINE .)
    LSQR            reduce using rule 8 (statement -> NEWLINE .)
    LCURL           reduce using rule 8 (statement -> NEWLINE .)
    SWITCH          reduce using rule 8 (statement -> NEWLINE .)
    $end            reduce using rule 8 (statement -> NEWLINE .)
    CATCH           reduce using rule 8 (statement -> NEWLINE .)
    END             reduce using rule 8 (statement -> NEWLINE .)
    CASE            reduce using rule 8 (statement -> NEWLINE .)
    ELSEIF          reduce using rule 8 (statement -> NEWLINE .)
    ELSE            reduce using rule 8 (statement -> NEWLINE .)
    OTHERWISE       reduce using rule 8 (statement -> NEWLINE .)


state 6

    (9) statement -> SEMICOLON .
    COMMAND         reduce using rule 9 (statement -> SEMICOLON .)
    NEWLINE         reduce using rule 9 (statement -> SEMICOLON .)
    SEMICOLON       reduce using rule 9 (statement -> SEMICOLON .)
    TRY             reduce using rule 9 (statement -> SEMICOLON .)
    WHILE           reduce using rule 9 (statement -> SEMICOLON .)
    IF              reduce using rule 9 (statement -> SEMICOLON .)
    BREAK           reduce using rule 9 (statement -> SEMICOLON .)
    CONTINUE        reduce using rule 9 (statement -> SEMICOLON .)
    FOR             reduce using rule 9 (statement -> SEMICOLON .)
    RETURN          reduce using rule 9 (statement -> SEMICOLON .)
    FUNCTION        reduce using rule 9 (statement -> SEMICOLON .)
    STRING          reduce using rule 9 (statement -> SEMICOLON .)
    NUMBER          reduce using rule 9 (statement -> SEMICOLON .)
    NAME            reduce using rule 9 (statement -> SEMICOLON .)
    NOT             reduce using rule 9 (statement -> SEMICOLON .)
    MINUS           reduce using rule 9 (statement -> SEMICOLON .)
    PLUS            reduce using rule 9 (statement -> SEMICOLON .)
    AT              reduce using rule 9 (statement -> SEMICOLON .)
    LPAREN          reduce using rule 9 (statement -> SEMICOLON .)
    LSQR            reduce using rule 9 (statement -> SEMICOLON .)
    LCURL           reduce using rule 9 (statement -> SEMICOLON .)
    SWITCH          reduce using rule 9 (statement -> SEMICOLON .)
    $end            reduce using rule 9 (statement -> SEMICOLON .)
    CATCH           reduce using rule 9 (statement -> SEMICOLON .)
    END             reduce using rule 9 (statement -> SEMICOLON .)
    CASE            reduce using rule 9 (statement -> SEMICOLON .)
    ELSEIF          reduce using rule 9 (statement -> SEMICOLON .)
    ELSE            reduce using rule 9 (statement -> SEMICOLON .)
    OTHERWISE       reduce using rule 9 (statement -> SEMICOLON .)


state 7

    (10) statement -> switch_block . OTHERWISE NEWLINE code_block END SEMICOLON
    (11) statement -> switch_block . OTHERWISE SEMICOLON code_block END SEMICOLON
    (12) statement -> switch_block . OTHERWISE NEWLINE code_block END NEWLINE
    (13) statement -> switch_block . OTHERWISE SEMICOLON code_block END NEWLINE
    (14) statement -> switch_block . END NEWLINE
    (47) switch_block -> switch_block . CASE expr code_block
    (48) switch_block -> switch_block . CASE statement code_block
    OTHERWISE       shift and go to state 61
    END             shift and go to state 62
    CASE            shift and go to state 63


state 8

    (15) statement -> TRY . code_block CATCH statement code_block END NEWLINE
    (1) code_block -> . statement
    (2) code_block -> . statement code_block
    (3) code_block -> . code_block statement
    (4) statement -> . COMMAND
    (5) statement -> . expr COMMA
    (6) statement -> . expr NEWLINE
    (7) statement -> . expr SEMICOLON
    (8) statement -> . NEWLINE
    (9) statement -> . SEMICOLON
    (10) statement -> . switch_block OTHERWISE NEWLINE code_block END SEMICOLON
    (11) statement -> . switch_block OTHERWISE SEMICOLON code_block END SEMICOLON
    (12) statement -> . switch_block OTHERWISE NEWLINE code_block END NEWLINE
    (13) statement -> . switch_block OTHERWISE SEMICOLON code_block END NEWLINE
    (14) statement -> . switch_block END NEWLINE
    (15) statement -> . TRY code_block CATCH statement code_block END NEWLINE
    (16) statement -> . WHILE expr code_block END NEWLINE
    (17) statement -> . WHILE statement code_block END NEWLINE
    (18) statement -> . IF expr statement END SEMICOLON
    (19) statement -> . IF expr statement END NEWLINE
    (20) statement -> . IF expr statement END
    (21) statement -> . IF statement statement END SEMICOLON
    (22) statement -> . IF statement statement END NEWLINE
    (23) statement -> . IF statement statement END
    (24) statement -> . if_block END SEMICOLON
    (25) statement -> . if_block END NEWLINE
    (26) statement -> . if_block END
    (27) statement -> . BREAK SEMICOLON
    (28) statement -> . CONTINUE SEMICOLON
    (29) statement -> . BREAK NEWLINE
    (30) statement -> . CONTINUE NEWLINE
    (31) statement -> . FOR statement code_block END SEMICOLON
    (32) statement -> . FOR statement code_block END NEWLINE
    (33) statement -> . RETURN expr SEMICOLON
    (34) statement -> . RETURN expr NEWLINE
    (35) statement -> . FUNCTION statement code_block
    (36) statement -> . FUNCTION statement code_block END NEWLINE
    (49) expr -> . STRING
    (50) expr -> . NUMBER
    (51) expr -> . NAME
    (52) expr -> . expr CTRANSPOSE
    (53) expr -> . expr TRANSPOSE
    (54) expr -> . expr MPOWER expr
    (55) expr -> . expr POWER expr
    (56) expr -> . expr LDIVIDE expr
    (57) expr -> . expr RDIVIDE expr
    (58) expr -> . expr TIMES expr
    (59) expr -> . expr MLDIVIDE expr
    (60) expr -> . expr MRDIVIDE expr
    (61) expr -> . expr MTIMES expr
    (62) expr -> . expr MINUS expr
    (63) expr -> . expr PLUS expr
    (64) expr -> . expr NE expr
    (65) expr -> . expr EQ expr
    (66) expr -> . expr GE expr
    (67) expr -> . expr GT expr
    (68) expr -> . expr LE expr
    (69) expr -> . expr LT expr
    (70) expr -> . expr AND expr
    (71) expr -> . expr OR expr
    (72) expr -> . expr ANDAND expr
    (73) expr -> . expr OROR expr
    (74) expr -> . expr COLON expr
    (75) expr -> . NOT expr
    (76) expr -> . MINUS expr
    (77) expr -> . PLUS expr
    (78) expr -> . AT LPAREN args RPAREN expr
    (79) expr -> . expr DOT NAME
    (80) expr -> . expr ELLIPSIS NEWLINE
    (81) expr -> . LPAREN expr RPAREN
    (82) expr -> . expr ASSIGN expr
    (83) expr -> . LSQR matrx_rows matrx_elements RSQR
    (84) expr -> . LSQR matrx_elements RSQR
    (85) expr -> . LSQR RSQR
    (86) expr -> . LSQR matrx_rows RSQR
    (87) expr -> . LCURL matrx_rows matrx_elements RCURL
    (88) expr -> . LCURL matrx_elements RCURL
    (89) expr -> . LCURL RCURL
    (90) expr -> . LCURL matrx_rows RCURL
    (91) expr -> . expr LCURL args RCURL
    (92) expr -> . expr LPAREN args RPAREN
    (43) switch_block -> . SWITCH expr CASE expr code_block
    (44) switch_block -> . SWITCH expr CASE statement code_block
    (45) switch_block -> . SWITCH statement CASE expr code_block
    (46) switch_block -> . SWITCH statement CASE statement code_block
    (47) switch_block -> . switch_block CASE expr code_block
    (48) switch_block -> . switch_block CASE statement code_block
    (37) if_block -> . IF expr code_block
    (38) if_block -> . IF statement code_block
    (39) if_block -> . if_block ELSEIF expr code_block
    (40) if_block -> . if_block ELSEIF statement code_block
    (41) if_block -> . if_block ELSE SEMICOLON code_block
    (42) if_block -> . if_block ELSE NEWLINE code_block
    COMMAND         shift and go to state 3
    NEWLINE         shift and go to state 5
    SEMICOLON       shift and go to state 6
    TRY             shift and go to state 8
    WHILE           shift and go to state 9
    IF              shift and go to state 10
    BREAK           shift and go to state 12
    CONTINUE        shift and go to state 13
    FOR             shift and go to state 14
    RETURN          shift and go to state 15
    FUNCTION        shift and go to state 16
    STRING          shift and go to state 17
    NUMBER          shift and go to state 18
    NAME            shift and go to state 19
    NOT             shift and go to state 22
    MINUS           shift and go to state 20
    PLUS            shift and go to state 21
    AT              shift and go to state 23
    LPAREN          shift and go to state 24
    LSQR            shift and go to state 25
    LCURL           shift and go to state 26
    SWITCH          shift and go to state 27

    code_block                     shift and go to state 64
    statement                      shift and go to state 2
    expr                           shift and go to state 4
    switch_block                   shift and go to state 7
    if_block                       shift and go to state 11

state 9

    (16) statement -> WHILE . expr code_block END NEWLINE
    (17) statement -> WHILE . statement code_block END NEWLINE
    (49) expr -> . STRING
    (50) expr -> . NUMBER
    (51) expr -> . NAME
    (52) expr -> . expr CTRANSPOSE
    (53) expr -> . expr TRANSPOSE
    (54) expr -> . expr MPOWER expr
    (55) expr -> . expr POWER expr
    (56) expr -> . expr LDIVIDE expr
    (57) expr -> . expr RDIVIDE expr
    (58) expr -> . expr TIMES expr
    (59) expr -> . expr MLDIVIDE expr
    (60) expr -> . expr MRDIVIDE expr
    (61) expr -> . expr MTIMES expr
    (62) expr -> . expr MINUS expr
    (63) expr -> . expr PLUS expr
    (64) expr -> . expr NE expr
    (65) expr -> . expr EQ expr
    (66) expr -> . expr GE expr
    (67) expr -> . expr GT expr
    (68) expr -> . expr LE expr
    (69) expr -> . expr LT expr
    (70) expr -> . expr AND expr
    (71) expr -> . expr OR expr
    (72) expr -> . expr ANDAND expr
    (73) expr -> . expr OROR expr
    (74) expr -> . expr COLON expr
    (75) expr -> . NOT expr
    (76) expr -> . MINUS expr
    (77) expr -> . PLUS expr
    (78) expr -> . AT LPAREN args RPAREN expr
    (79) expr -> . expr DOT NAME
    (80) expr -> . expr ELLIPSIS NEWLINE
    (81) expr -> . LPAREN expr RPAREN
    (82) expr -> . expr ASSIGN expr
    (83) expr -> . LSQR matrx_rows matrx_elements RSQR
    (84) expr -> . LSQR matrx_elements RSQR
    (85) expr -> . LSQR RSQR
    (86) expr -> . LSQR matrx_rows RSQR
    (87) expr -> . LCURL matrx_rows matrx_elements RCURL
    (88) expr -> . LCURL matrx_elements RCURL
    (89) expr -> . LCURL RCURL
    (90) expr -> . LCURL matrx_rows RCURL
    (91) expr -> . expr LCURL args RCURL
    (92) expr -> . expr LPAREN args RPAREN
    (4) statement -> . COMMAND
    (5) statement -> . expr COMMA
    (6) statement -> . expr NEWLINE
    (7) statement -> . expr SEMICOLON
    (8) statement -> . NEWLINE
    (9) statement -> . SEMICOLON
    (10) statement -> . switch_block OTHERWISE NEWLINE code_block END SEMICOLON
    (11) statement -> . switch_block OTHERWISE SEMICOLON code_block END SEMICOLON
    (12) statement -> . switch_block OTHERWISE NEWLINE code_block END NEWLINE
    (13) statement -> . switch_block OTHERWISE SEMICOLON code_block END NEWLINE
    (14) statement -> . switch_block END NEWLINE
    (15) statement -> . TRY code_block CATCH statement code_block END NEWLINE
    (16) statement -> . WHILE expr code_block END NEWLINE
    (17) statement -> . WHILE statement code_block END NEWLINE
    (18) statement -> . IF expr statement END SEMICOLON
    (19) statement -> . IF expr statement END NEWLINE
    (20) statement -> . IF expr statement END
    (21) statement -> . IF statement statement END SEMICOLON
    (22) statement -> . IF statement statement END NEWLINE
    (23) statement -> . IF statement statement END
    (24) statement -> . if_block END SEMICOLON
    (25) statement -> . if_block END NEWLINE
    (26) statement -> . if_block END
    (27) statement -> . BREAK SEMICOLON
    (28) statement -> . CONTINUE SEMICOLON
    (29) statement -> . BREAK NEWLINE
    (30) statement -> . CONTINUE NEWLINE
    (31) statement -> . FOR statement code_block END SEMICOLON
    (32) statement -> . FOR statement code_block END NEWLINE
    (33) statement -> . RETURN expr SEMICOLON
    (34) statement -> . RETURN expr NEWLINE
    (35) statement -> . FUNCTION statement code_block
    (36) statement -> . FUNCTION statement code_block END NEWLINE
    (43) switch_block -> . SWITCH expr CASE expr code_block
    (44) switch_block -> . SWITCH expr CASE statement code_block
    (45) switch_block -> . SWITCH statement CASE expr code_block
    (46) switch_block -> . SWITCH statement CASE statement code_block
    (47) switch_block -> . switch_block CASE expr code_block
    (48) switch_block -> . switch_block CASE statement code_block
    (37) if_block -> . IF expr code_block
    (38) if_block -> . IF statement code_block
    (39) if_block -> . if_block ELSEIF expr code_block
    (40) if_block -> . if_block ELSEIF statement code_block
    (41) if_block -> . if_block ELSE SEMICOLON code_block
    (42) if_block -> . if_block ELSE NEWLINE code_block
    STRING          shift and go to state 17
    NUMBER          shift and go to state 18
    NAME            shift and go to state 19
    NOT             shift and go to state 22
    MINUS           shift and go to state 20
    PLUS            shift and go to state 21
    AT              shift and go to state 23
    LPAREN          shift and go to state 24
    LSQR            shift and go to state 25
    LCURL           shift and go to state 26
    COMMAND         shift and go to state 3
    NEWLINE         shift and go to state 5
    SEMICOLON       shift and go to state 6
    TRY             shift and go to state 8
    WHILE           shift and go to state 9
    IF              shift and go to state 10
    BREAK           shift and go to state 12
    CONTINUE        shift and go to state 13
    FOR             shift and go to state 14
    RETURN          shift and go to state 15
    FUNCTION        shift and go to state 16
    SWITCH          shift and go to state 27

    expr                           shift and go to state 65
    statement                      shift and go to state 66
    switch_block                   shift and go to state 7
    if_block                       shift and go to state 11

state 10

    (18) statement -> IF . expr statement END SEMICOLON
    (19) statement -> IF . expr statement END NEWLINE
    (20) statement -> IF . expr statement END
    (21) statement -> IF . statement statement END SEMICOLON
    (22) statement -> IF . statement statement END NEWLINE
    (23) statement -> IF . statement statement END
    (37) if_block -> IF . expr code_block
    (38) if_block -> IF . statement code_block
    (49) expr -> . STRING
    (50) expr -> . NUMBER
    (51) expr -> . NAME
    (52) expr -> . expr CTRANSPOSE
    (53) expr -> . expr TRANSPOSE
    (54) expr -> . expr MPOWER expr
    (55) expr -> . expr POWER expr
    (56) expr -> . expr LDIVIDE expr
    (57) expr -> . expr RDIVIDE expr
    (58) expr -> . expr TIMES expr
    (59) expr -> . expr MLDIVIDE expr
    (60) expr -> . expr MRDIVIDE expr
    (61) expr -> . expr MTIMES expr
    (62) expr -> . expr MINUS expr
    (63) expr -> . expr PLUS expr
    (64) expr -> . expr NE expr
    (65) expr -> . expr EQ expr
    (66) expr -> . expr GE expr
    (67) expr -> . expr GT expr
    (68) expr -> . expr LE expr
    (69) expr -> . expr LT expr
    (70) expr -> . expr AND expr
    (71) expr -> . expr OR expr
    (72) expr -> . expr ANDAND expr
    (73) expr -> . expr OROR expr
    (74) expr -> . expr COLON expr
    (75) expr -> . NOT expr
    (76) expr -> . MINUS expr
    (77) expr -> . PLUS expr
    (78) expr -> . AT LPAREN args RPAREN expr
    (79) expr -> . expr DOT NAME
    (80) expr -> . expr ELLIPSIS NEWLINE
    (81) expr -> . LPAREN expr RPAREN
    (82) expr -> . expr ASSIGN expr
    (83) expr -> . LSQR matrx_rows matrx_elements RSQR
    (84) expr -> . LSQR matrx_elements RSQR
    (85) expr -> . LSQR RSQR
    (86) expr -> . LSQR matrx_rows RSQR
    (87) expr -> . LCURL matrx_rows matrx_elements RCURL
    (88) expr -> . LCURL matrx_elements RCURL
    (89) expr -> . LCURL RCURL
    (90) expr -> . LCURL matrx_rows RCURL
    (91) expr -> . expr LCURL args RCURL
    (92) expr -> . expr LPAREN args RPAREN
    (4) statement -> . COMMAND
    (5) statement -> . expr COMMA
    (6) statement -> . expr NEWLINE
    (7) statement -> . expr SEMICOLON
    (8) statement -> . NEWLINE
    (9) statement -> . SEMICOLON
    (10) statement -> . switch_block OTHERWISE NEWLINE code_block END SEMICOLON
    (11) statement -> . switch_block OTHERWISE SEMICOLON code_block END SEMICOLON
    (12) statement -> . switch_block OTHERWISE NEWLINE code_block END NEWLINE
    (13) statement -> . switch_block OTHERWISE SEMICOLON code_block END NEWLINE
    (14) statement -> . switch_block END NEWLINE
    (15) statement -> . TRY code_block CATCH statement code_block END NEWLINE
    (16) statement -> . WHILE expr code_block END NEWLINE
    (17) statement -> . WHILE statement code_block END NEWLINE
    (18) statement -> . IF expr statement END SEMICOLON
    (19) statement -> . IF expr statement END NEWLINE
    (20) statement -> . IF expr statement END
    (21) statement -> . IF statement statement END SEMICOLON
    (22) statement -> . IF statement statement END NEWLINE
    (23) statement -> . IF statement statement END
    (24) statement -> . if_block END SEMICOLON
    (25) statement -> . if_block END NEWLINE
    (26) statement -> . if_block END
    (27) statement -> . BREAK SEMICOLON
    (28) statement -> . CONTINUE SEMICOLON
    (29) statement -> . BREAK NEWLINE
    (30) statement -> . CONTINUE NEWLINE
    (31) statement -> . FOR statement code_block END SEMICOLON
    (32) statement -> . FOR statement code_block END NEWLINE
    (33) statement -> . RETURN expr SEMICOLON
    (34) statement -> . RETURN expr NEWLINE
    (35) statement -> . FUNCTION statement code_block
    (36) statement -> . FUNCTION statement code_block END NEWLINE
    (43) switch_block -> . SWITCH expr CASE expr code_block
    (44) switch_block -> . SWITCH expr CASE statement code_block
    (45) switch_block -> . SWITCH statement CASE expr code_block
    (46) switch_block -> . SWITCH statement CASE statement code_block
    (47) switch_block -> . switch_block CASE expr code_block
    (48) switch_block -> . switch_block CASE statement code_block
    (37) if_block -> . IF expr code_block
    (38) if_block -> . IF statement code_block
    (39) if_block -> . if_block ELSEIF expr code_block
    (40) if_block -> . if_block ELSEIF statement code_block
    (41) if_block -> . if_block ELSE SEMICOLON code_block
    (42) if_block -> . if_block ELSE NEWLINE code_block
    STRING          shift and go to state 17
    NUMBER          shift and go to state 18
    NAME            shift and go to state 19
    NOT             shift and go to state 22
    MINUS           shift and go to state 20
    PLUS            shift and go to state 21
    AT              shift and go to state 23
    LPAREN          shift and go to state 24
    LSQR            shift and go to state 25
    LCURL           shift and go to state 26
    COMMAND         shift and go to state 3
    NEWLINE         shift and go to state 5
    SEMICOLON       shift and go to state 6
    TRY             shift and go to state 8
    WHILE           shift and go to state 9
    IF              shift and go to state 10
    BREAK           shift and go to state 12
    CONTINUE        shift and go to state 13
    FOR             shift and go to state 14
    RETURN          shift and go to state 15
    FUNCTION        shift and go to state 16
    SWITCH          shift and go to state 27

    expr                           shift and go to state 67
    statement                      shift and go to state 68
    switch_block                   shift and go to state 7
    if_block                       shift and go to state 11

state 11

    (24) statement -> if_block . END SEMICOLON
    (25) statement -> if_block . END NEWLINE
    (26) statement -> if_block . END
    (39) if_block -> if_block . ELSEIF expr code_block
    (40) if_block -> if_block . ELSEIF statement code_block
    (41) if_block -> if_block . ELSE SEMICOLON code_block
    (42) if_block -> if_block . ELSE NEWLINE code_block
    END             shift and go to state 69
    ELSEIF          shift and go to state 70
    ELSE            shift and go to state 71


state 12

    (27) statement -> BREAK . SEMICOLON
    (29) statement -> BREAK . NEWLINE
    SEMICOLON       shift and go to state 72
    NEWLINE         shift and go to state 73


state 13

    (28) statement -> CONTINUE . SEMICOLON
    (30) statement -> CONTINUE . NEWLINE
    SEMICOLON       shift and go to state 74
    NEWLINE         shift and go to state 75


state 14

    (31) statement -> FOR . statement code_block END SEMICOLON
    (32) statement -> FOR . statement code_block END NEWLINE
    (4) statement -> . COMMAND
    (5) statement -> . expr COMMA
    (6) statement -> . expr NEWLINE
    (7) statement -> . expr SEMICOLON
    (8) statement -> . NEWLINE
    (9) statement -> . SEMICOLON
    (10) statement -> . switch_block OTHERWISE NEWLINE code_block END SEMICOLON
    (11) statement -> . switch_block OTHERWISE SEMICOLON code_block END SEMICOLON
    (12) statement -> . switch_block OTHERWISE NEWLINE code_block END NEWLINE
    (13) statement -> . switch_block OTHERWISE SEMICOLON code_block END NEWLINE
    (14) statement -> . switch_block END NEWLINE
    (15) statement -> . TRY code_block CATCH statement code_block END NEWLINE
    (16) statement -> . WHILE expr code_block END NEWLINE
    (17) statement -> . WHILE statement code_block END NEWLINE
    (18) statement -> . IF expr statement END SEMICOLON
    (19) statement -> . IF expr statement END NEWLINE
    (20) statement -> . IF expr statement END
    (21) statement -> . IF statement statement END SEMICOLON
    (22) statement -> . IF statement statement END NEWLINE
    (23) statement -> . IF statement statement END
    (24) statement -> . if_block END SEMICOLON
    (25) statement -> . if_block END NEWLINE
    (26) statement -> . if_block END
    (27) statement -> . BREAK SEMICOLON
    (28) statement -> . CONTINUE SEMICOLON
    (29) statement -> . BREAK NEWLINE
    (30) statement -> . CONTINUE NEWLINE
    (31) statement -> . FOR statement code_block END SEMICOLON
    (32) statement -> . FOR statement code_block END NEWLINE
    (33) statement -> . RETURN expr SEMICOLON
    (34) statement -> . RETURN expr NEWLINE
    (35) statement -> . FUNCTION statement code_block
    (36) statement -> . FUNCTION statement code_block END NEWLINE
    (49) expr -> . STRING
    (50) expr -> . NUMBER
    (51) expr -> . NAME
    (52) expr -> . expr CTRANSPOSE
    (53) expr -> . expr TRANSPOSE
    (54) expr -> . expr MPOWER expr
    (55) expr -> . expr POWER expr
    (56) expr -> . expr LDIVIDE expr
    (57) expr -> . expr RDIVIDE expr
    (58) expr -> . expr TIMES expr
    (59) expr -> . expr MLDIVIDE expr
    (60) expr -> . expr MRDIVIDE expr
    (61) expr -> . expr MTIMES expr
    (62) expr -> . expr MINUS expr
    (63) expr -> . expr PLUS expr
    (64) expr -> . expr NE expr
    (65) expr -> . expr EQ expr
    (66) expr -> . expr GE expr
    (67) expr -> . expr GT expr
    (68) expr -> . expr LE expr
    (69) expr -> . expr LT expr
    (70) expr -> . expr AND expr
    (71) expr -> . expr OR expr
    (72) expr -> . expr ANDAND expr
    (73) expr -> . expr OROR expr
    (74) expr -> . expr COLON expr
    (75) expr -> . NOT expr
    (76) expr -> . MINUS expr
    (77) expr -> . PLUS expr
    (78) expr -> . AT LPAREN args RPAREN expr
    (79) expr -> . expr DOT NAME
    (80) expr -> . expr ELLIPSIS NEWLINE
    (81) expr -> . LPAREN expr RPAREN
    (82) expr -> . expr ASSIGN expr
    (83) expr -> . LSQR matrx_rows matrx_elements RSQR
    (84) expr -> . LSQR matrx_elements RSQR
    (85) expr -> . LSQR RSQR
    (86) expr -> . LSQR matrx_rows RSQR
    (87) expr -> . LCURL matrx_rows matrx_elements RCURL
    (88) expr -> . LCURL matrx_elements RCURL
    (89) expr -> . LCURL RCURL
    (90) expr -> . LCURL matrx_rows RCURL
    (91) expr -> . expr LCURL args RCURL
    (92) expr -> . expr LPAREN args RPAREN
    (43) switch_block -> . SWITCH expr CASE expr code_block
    (44) switch_block -> . SWITCH expr CASE statement code_block
    (45) switch_block -> . SWITCH statement CASE expr code_block
    (46) switch_block -> . SWITCH statement CASE statement code_block
    (47) switch_block -> . switch_block CASE expr code_block
    (48) switch_block -> . switch_block CASE statement code_block
    (37) if_block -> . IF expr code_block
    (38) if_block -> . IF statement code_block
    (39) if_block -> . if_block ELSEIF expr code_block
    (40) if_block -> . if_block ELSEIF statement code_block
    (41) if_block -> . if_block ELSE SEMICOLON code_block
    (42) if_block -> . if_block ELSE NEWLINE code_block
    COMMAND         shift and go to state 3
    NEWLINE         shift and go to state 5
    SEMICOLON       shift and go to state 6
    TRY             shift and go to state 8
    WHILE           shift and go to state 9
    IF              shift and go to state 10
    BREAK           shift and go to state 12
    CONTINUE        shift and go to state 13
    FOR             shift and go to state 14
    RETURN          shift and go to state 15
    FUNCTION        shift and go to state 16
    STRING          shift and go to state 17
    NUMBER          shift and go to state 18
    NAME            shift and go to state 19
    NOT             shift and go to state 22
    MINUS           shift and go to state 20
    PLUS            shift and go to state 21
    AT              shift and go to state 23
    LPAREN          shift and go to state 24
    LSQR            shift and go to state 25
    LCURL           shift and go to state 26
    SWITCH          shift and go to state 27

    statement                      shift and go to state 76
    expr                           shift and go to state 4
    switch_block                   shift and go to state 7
    if_block                       shift and go to state 11

state 15

    (33) statement -> RETURN . expr SEMICOLON
    (34) statement -> RETURN . expr NEWLINE
    (49) expr -> . STRING
    (50) expr -> . NUMBER
    (51) expr -> . NAME
    (52) expr -> . expr CTRANSPOSE
    (53) expr -> . expr TRANSPOSE
    (54) expr -> . expr MPOWER expr
    (55) expr -> . expr POWER expr
    (56) expr -> . expr LDIVIDE expr
    (57) expr -> . expr RDIVIDE expr
    (58) expr -> . expr TIMES expr
    (59) expr -> . expr MLDIVIDE expr
    (60) expr -> . expr MRDIVIDE expr
    (61) expr -> . expr MTIMES expr
    (62) expr -> . expr MINUS expr
    (63) expr -> . expr PLUS expr
    (64) expr -> . expr NE expr
    (65) expr -> . expr EQ expr
    (66) expr -> . expr GE expr
    (67) expr -> . expr GT expr
    (68) expr -> . expr LE expr
    (69) expr -> . expr LT expr
    (70) expr -> . expr AND expr
    (71) expr -> . expr OR expr
    (72) expr -> . expr ANDAND expr
    (73) expr -> . expr OROR expr
    (74) expr -> . expr COLON expr
    (75) expr -> . NOT expr
    (76) expr -> . MINUS expr
    (77) expr -> . PLUS expr
    (78) expr -> . AT LPAREN args RPAREN expr
    (79) expr -> . expr DOT NAME
    (80) expr -> . expr ELLIPSIS NEWLINE
    (81) expr -> . LPAREN expr RPAREN
    (82) expr -> . expr ASSIGN expr
    (83) expr -> . LSQR matrx_rows matrx_elements RSQR
    (84) expr -> . LSQR matrx_elements RSQR
    (85) expr -> . LSQR RSQR
    (86) expr -> . LSQR matrx_rows RSQR
    (87) expr -> . LCURL matrx_rows matrx_elements RCURL
    (88) expr -> . LCURL matrx_elements RCURL
    (89) expr -> . LCURL RCURL
    (90) expr -> . LCURL matrx_rows RCURL
    (91) expr -> . expr LCURL args RCURL
    (92) expr -> . expr LPAREN args RPAREN
    STRING          shift and go to state 17
    NUMBER          shift and go to state 18
    NAME            shift and go to state 19
    NOT             shift and go to state 22
    MINUS           shift and go to state 20
    PLUS            shift and go to state 21
    AT              shift and go to state 23
    LPAREN          shift and go to state 24
    LSQR            shift and go to state 25
    LCURL           shift and go to state 26

    expr                           shift and go to state 77

state 16

    (35) statement -> FUNCTION . statement code_block
    (36) statement -> FUNCTION . statement code_block END NEWLINE
    (4) statement -> . COMMAND
    (5) statement -> . expr COMMA
    (6) statement -> . expr NEWLINE
    (7) statement -> . expr SEMICOLON
    (8) statement -> . NEWLINE
    (9) statement -> . SEMICOLON
    (10) statement -> . switch_block OTHERWISE NEWLINE code_block END SEMICOLON
    (11) statement -> . switch_block OTHERWISE SEMICOLON code_block END SEMICOLON
    (12) statement -> . switch_block OTHERWISE NEWLINE code_block END NEWLINE
    (13) statement -> . switch_block OTHERWISE SEMICOLON code_block END NEWLINE
    (14) statement -> . switch_block END NEWLINE
    (15) statement -> . TRY code_block CATCH statement code_block END NEWLINE
    (16) statement -> . WHILE expr code_block END NEWLINE
    (17) statement -> . WHILE statement code_block END NEWLINE
    (18) statement -> . IF expr statement END SEMICOLON
    (19) statement -> . IF expr statement END NEWLINE
    (20) statement -> . IF expr statement END
    (21) statement -> . IF statement statement END SEMICOLON
    (22) statement -> . IF statement statement END NEWLINE
    (23) statement -> . IF statement statement END
    (24) statement -> . if_block END SEMICOLON
    (25) statement -> . if_block END NEWLINE
    (26) statement -> . if_block END
    (27) statement -> . BREAK SEMICOLON
    (28) statement -> . CONTINUE SEMICOLON
    (29) statement -> . BREAK NEWLINE
    (30) statement -> . CONTINUE NEWLINE
    (31) statement -> . FOR statement code_block END SEMICOLON
    (32) statement -> . FOR statement code_block END NEWLINE
    (33) statement -> . RETURN expr SEMICOLON
    (34) statement -> . RETURN expr NEWLINE
    (35) statement -> . FUNCTION statement code_block
    (36) statement -> . FUNCTION statement code_block END NEWLINE
    (49) expr -> . STRING
    (50) expr -> . NUMBER
    (51) expr -> . NAME
    (52) expr -> . expr CTRANSPOSE
    (53) expr -> . expr TRANSPOSE
    (54) expr -> . expr MPOWER expr
    (55) expr -> . expr POWER expr
    (56) expr -> . expr LDIVIDE expr
    (57) expr -> . expr RDIVIDE expr
    (58) expr -> . expr TIMES expr
    (59) expr -> . expr MLDIVIDE expr
    (60) expr -> . expr MRDIVIDE expr
    (61) expr -> . expr MTIMES expr
    (62) expr -> . expr MINUS expr
    (63) expr -> . expr PLUS expr
    (64) expr -> . expr NE expr
    (65) expr -> . expr EQ expr
    (66) expr -> . expr GE expr
    (67) expr -> . expr GT expr
    (68) expr -> . expr LE expr
    (69) expr -> . expr LT expr
    (70) expr -> . expr AND expr
    (71) expr -> . expr OR expr
    (72) expr -> . expr ANDAND expr
    (73) expr -> . expr OROR expr
    (74) expr -> . expr COLON expr
    (75) expr -> . NOT expr
    (76) expr -> . MINUS expr
    (77) expr -> . PLUS expr
    (78) expr -> . AT LPAREN args RPAREN expr
    (79) expr -> . expr DOT NAME
    (80) expr -> . expr ELLIPSIS NEWLINE
    (81) expr -> . LPAREN expr RPAREN
    (82) expr -> . expr ASSIGN expr
    (83) expr -> . LSQR matrx_rows matrx_elements RSQR
    (84) expr -> . LSQR matrx_elements RSQR
    (85) expr -> . LSQR RSQR
    (86) expr -> . LSQR matrx_rows RSQR
    (87) expr -> . LCURL matrx_rows matrx_elements RCURL
    (88) expr -> . LCURL matrx_elements RCURL
    (89) expr -> . LCURL RCURL
    (90) expr -> . LCURL matrx_rows RCURL
    (91) expr -> . expr LCURL args RCURL
    (92) expr -> . expr LPAREN args RPAREN
    (43) switch_block -> . SWITCH expr CASE expr code_block
    (44) switch_block -> . SWITCH expr CASE statement code_block
    (45) switch_block -> . SWITCH statement CASE expr code_block
    (46) switch_block -> . SWITCH statement CASE statement code_block
    (47) switch_block -> . switch_block CASE expr code_block
    (48) switch_block -> . switch_block CASE statement code_block
    (37) if_block -> . IF expr code_block
    (38) if_block -> . IF statement code_block
    (39) if_block -> . if_block ELSEIF expr code_block
    (40) if_block -> . if_block ELSEIF statement code_block
    (41) if_block -> . if_block ELSE SEMICOLON code_block
    (42) if_block -> . if_block ELSE NEWLINE code_block
    COMMAND         shift and go to state 3
    NEWLINE         shift and go to state 5
    SEMICOLON       shift and go to state 6
    TRY             shift and go to state 8
    WHILE           shift and go to state 9
    IF              shift and go to state 10
    BREAK           shift and go to state 12
    CONTINUE        shift and go to state 13
    FOR             shift and go to state 14
    RETURN          shift and go to state 15
    FUNCTION        shift and go to state 16
    STRING          shift and go to state 17
    NUMBER          shift and go to state 18
    NAME            shift and go to state 19
    NOT             shift and go to state 22
    MINUS           shift and go to state 20
    PLUS            shift and go to state 21
    AT              shift and go to state 23
    LPAREN          shift and go to state 24
    LSQR            shift and go to state 25
    LCURL           shift and go to state 26
    SWITCH          shift and go to state 27

    statement                      shift and go to state 78
    expr                           shift and go to state 4
    switch_block                   shift and go to state 7
    if_block                       shift and go to state 11

state 17

    (49) expr -> STRING .
    COMMA           reduce using rule 49 (expr -> STRING .)
    NEWLINE         reduce using rule 49 (expr -> STRING .)
    SEMICOLON       reduce using rule 49 (expr -> STRING .)
    CTRANSPOSE      reduce using rule 49 (expr -> STRING .)
    TRANSPOSE       reduce using rule 49 (expr -> STRING .)
    MPOWER          reduce using rule 49 (expr -> STRING .)
    POWER           reduce using rule 49 (expr -> STRING .)
    LDIVIDE         reduce using rule 49 (expr -> STRING .)
    RDIVIDE         reduce using rule 49 (expr -> STRING .)
    TIMES           reduce using rule 49 (expr -> STRING .)
    MLDIVIDE        reduce using rule 49 (expr -> STRING .)
    MRDIVIDE        reduce using rule 49 (expr -> STRING .)
    MTIMES          reduce using rule 49 (expr -> STRING .)
    MINUS           reduce using rule 49 (expr -> STRING .)
    PLUS            reduce using rule 49 (expr -> STRING .)
    NE              reduce using rule 49 (expr -> STRING .)
    EQ              reduce using rule 49 (expr -> STRING .)
    GE              reduce using rule 49 (expr -> STRING .)
    GT              reduce using rule 49 (expr -> STRING .)
    LE              reduce using rule 49 (expr -> STRING .)
    LT              reduce using rule 49 (expr -> STRING .)
    AND             reduce using rule 49 (expr -> STRING .)
    OR              reduce using rule 49 (expr -> STRING .)
    ANDAND          reduce using rule 49 (expr -> STRING .)
    OROR            reduce using rule 49 (expr -> STRING .)
    COLON           reduce using rule 49 (expr -> STRING .)
    DOT             reduce using rule 49 (expr -> STRING .)
    ELLIPSIS        reduce using rule 49 (expr -> STRING .)
    ASSIGN          reduce using rule 49 (expr -> STRING .)
    LCURL           reduce using rule 49 (expr -> STRING .)
    LPAREN          reduce using rule 49 (expr -> STRING .)
    COMMAND         reduce using rule 49 (expr -> STRING .)
    TRY             reduce using rule 49 (expr -> STRING .)
    WHILE           reduce using rule 49 (expr -> STRING .)
    IF              reduce using rule 49 (expr -> STRING .)
    BREAK           reduce using rule 49 (expr -> STRING .)
    CONTINUE        reduce using rule 49 (expr -> STRING .)
    FOR             reduce using rule 49 (expr -> STRING .)
    RETURN          reduce using rule 49 (expr -> STRING .)
    FUNCTION        reduce using rule 49 (expr -> STRING .)
    STRING          reduce using rule 49 (expr -> STRING .)
    NUMBER          reduce using rule 49 (expr -> STRING .)
    NAME            reduce using rule 49 (expr -> STRING .)
    NOT             reduce using rule 49 (expr -> STRING .)
    AT              reduce using rule 49 (expr -> STRING .)
    LSQR            reduce using rule 49 (expr -> STRING .)
    SWITCH          reduce using rule 49 (expr -> STRING .)
    RPAREN          reduce using rule 49 (expr -> STRING .)
    RSQR            reduce using rule 49 (expr -> STRING .)
    RCURL           reduce using rule 49 (expr -> STRING .)
    CASE            reduce using rule 49 (expr -> STRING .)


state 18

    (50) expr -> NUMBER .
    COMMA           reduce using rule 50 (expr -> NUMBER .)
    NEWLINE         reduce using rule 50 (expr -> NUMBER .)
    SEMICOLON       reduce using rule 50 (expr -> NUMBER .)
    CTRANSPOSE      reduce using rule 50 (expr -> NUMBER .)
    TRANSPOSE       reduce using rule 50 (expr -> NUMBER .)
    MPOWER          reduce using rule 50 (expr -> NUMBER .)
    POWER           reduce using rule 50 (expr -> NUMBER .)
    LDIVIDE         reduce using rule 50 (expr -> NUMBER .)
    RDIVIDE         reduce using rule 50 (expr -> NUMBER .)
    TIMES           reduce using rule 50 (expr -> NUMBER .)
    MLDIVIDE        reduce using rule 50 (expr -> NUMBER .)
    MRDIVIDE        reduce using rule 50 (expr -> NUMBER .)
    MTIMES          reduce using rule 50 (expr -> NUMBER .)
    MINUS           reduce using rule 50 (expr -> NUMBER .)
    PLUS            reduce using rule 50 (expr -> NUMBER .)
    NE              reduce using rule 50 (expr -> NUMBER .)
    EQ              reduce using rule 50 (expr -> NUMBER .)
    GE              reduce using rule 50 (expr -> NUMBER .)
    GT              reduce using rule 50 (expr -> NUMBER .)
    LE              reduce using rule 50 (expr -> NUMBER .)
    LT              reduce using rule 50 (expr -> NUMBER .)
    AND             reduce using rule 50 (expr -> NUMBER .)
    OR              reduce using rule 50 (expr -> NUMBER .)
    ANDAND          reduce using rule 50 (expr -> NUMBER .)
    OROR            reduce using rule 50 (expr -> NUMBER .)
    COLON           reduce using rule 50 (expr -> NUMBER .)
    DOT             reduce using rule 50 (expr -> NUMBER .)
    ELLIPSIS        reduce using rule 50 (expr -> NUMBER .)
    ASSIGN          reduce using rule 50 (expr -> NUMBER .)
    LCURL           reduce using rule 50 (expr -> NUMBER .)
    LPAREN          reduce using rule 50 (expr -> NUMBER .)
    COMMAND         reduce using rule 50 (expr -> NUMBER .)
    TRY             reduce using rule 50 (expr -> NUMBER .)
    WHILE           reduce using rule 50 (expr -> NUMBER .)
    IF              reduce using rule 50 (expr -> NUMBER .)
    BREAK           reduce using rule 50 (expr -> NUMBER .)
    CONTINUE        reduce using rule 50 (expr -> NUMBER .)
    FOR             reduce using rule 50 (expr -> NUMBER .)
    RETURN          reduce using rule 50 (expr -> NUMBER .)
    FUNCTION        reduce using rule 50 (expr -> NUMBER .)
    STRING          reduce using rule 50 (expr -> NUMBER .)
    NUMBER          reduce using rule 50 (expr -> NUMBER .)
    NAME            reduce using rule 50 (expr -> NUMBER .)
    NOT             reduce using rule 50 (expr -> NUMBER .)
    AT              reduce using rule 50 (expr -> NUMBER .)
    LSQR            reduce using rule 50 (expr -> NUMBER .)
    SWITCH          reduce using rule 50 (expr -> NUMBER .)
    RPAREN          reduce using rule 50 (expr -> NUMBER .)
    RSQR            reduce using rule 50 (expr -> NUMBER .)
    RCURL           reduce using rule 50 (expr -> NUMBER .)
    CASE            reduce using rule 50 (expr -> NUMBER .)


state 19

    (51) expr -> NAME .
    COMMA           reduce using rule 51 (expr -> NAME .)
    NEWLINE         reduce using rule 51 (expr -> NAME .)
    SEMICOLON       reduce using rule 51 (expr -> NAME .)
    CTRANSPOSE      reduce using rule 51 (expr -> NAME .)
    TRANSPOSE       reduce using rule 51 (expr -> NAME .)
    MPOWER          reduce using rule 51 (expr -> NAME .)
    POWER           reduce using rule 51 (expr -> NAME .)
    LDIVIDE         reduce using rule 51 (expr -> NAME .)
    RDIVIDE         reduce using rule 51 (expr -> NAME .)
    TIMES           reduce using rule 51 (expr -> NAME .)
    MLDIVIDE        reduce using rule 51 (expr -> NAME .)
    MRDIVIDE        reduce using rule 51 (expr -> NAME .)
    MTIMES          reduce using rule 51 (expr -> NAME .)
    MINUS           reduce using rule 51 (expr -> NAME .)
    PLUS            reduce using rule 51 (expr -> NAME .)
    NE              reduce using rule 51 (expr -> NAME .)
    EQ              reduce using rule 51 (expr -> NAME .)
    GE              reduce using rule 51 (expr -> NAME .)
    GT              reduce using rule 51 (expr -> NAME .)
    LE              reduce using rule 51 (expr -> NAME .)
    LT              reduce using rule 51 (expr -> NAME .)
    AND             reduce using rule 51 (expr -> NAME .)
    OR              reduce using rule 51 (expr -> NAME .)
    ANDAND          reduce using rule 51 (expr -> NAME .)
    OROR            reduce using rule 51 (expr -> NAME .)
    COLON           reduce using rule 51 (expr -> NAME .)
    DOT             reduce using rule 51 (expr -> NAME .)
    ELLIPSIS        reduce using rule 51 (expr -> NAME .)
    ASSIGN          reduce using rule 51 (expr -> NAME .)
    LCURL           reduce using rule 51 (expr -> NAME .)
    LPAREN          reduce using rule 51 (expr -> NAME .)
    COMMAND         reduce using rule 51 (expr -> NAME .)
    TRY             reduce using rule 51 (expr -> NAME .)
    WHILE           reduce using rule 51 (expr -> NAME .)
    IF              reduce using rule 51 (expr -> NAME .)
    BREAK           reduce using rule 51 (expr -> NAME .)
    CONTINUE        reduce using rule 51 (expr -> NAME .)
    FOR             reduce using rule 51 (expr -> NAME .)
    RETURN          reduce using rule 51 (expr -> NAME .)
    FUNCTION        reduce using rule 51 (expr -> NAME .)
    STRING          reduce using rule 51 (expr -> NAME .)
    NUMBER          reduce using rule 51 (expr -> NAME .)
    NAME            reduce using rule 51 (expr -> NAME .)
    NOT             reduce using rule 51 (expr -> NAME .)
    AT              reduce using rule 51 (expr -> NAME .)
    LSQR            reduce using rule 51 (expr -> NAME .)
    SWITCH          reduce using rule 51 (expr -> NAME .)
    RPAREN          reduce using rule 51 (expr -> NAME .)
    RSQR            reduce using rule 51 (expr -> NAME .)
    RCURL           reduce using rule 51 (expr -> NAME .)
    CASE            reduce using rule 51 (expr -> NAME .)


state 20

    (76) expr -> MINUS . expr
    (49) expr -> . STRING
    (50) expr -> . NUMBER
    (51) expr -> . NAME
    (52) expr -> . expr CTRANSPOSE
    (53) expr -> . expr TRANSPOSE
    (54) expr -> . expr MPOWER expr
    (55) expr -> . expr POWER expr
    (56) expr -> . expr LDIVIDE expr
    (57) expr -> . expr RDIVIDE expr
    (58) expr -> . expr TIMES expr
    (59) expr -> . expr MLDIVIDE expr
    (60) expr -> . expr MRDIVIDE expr
    (61) expr -> . expr MTIMES expr
    (62) expr -> . expr MINUS expr
    (63) expr -> . expr PLUS expr
    (64) expr -> . expr NE expr
    (65) expr -> . expr EQ expr
    (66) expr -> . expr GE expr
    (67) expr -> . expr GT expr
    (68) expr -> . expr LE expr
    (69) expr -> . expr LT expr
    (70) expr -> . expr AND expr
    (71) expr -> . expr OR expr
    (72) expr -> . expr ANDAND expr
    (73) expr -> . expr OROR expr
    (74) expr -> . expr COLON expr
    (75) expr -> . NOT expr
    (76) expr -> . MINUS expr
    (77) expr -> . PLUS expr
    (78) expr -> . AT LPAREN args RPAREN expr
    (79) expr -> . expr DOT NAME
    (80) expr -> . expr ELLIPSIS NEWLINE
    (81) expr -> . LPAREN expr RPAREN
    (82) expr -> . expr ASSIGN expr
    (83) expr -> . LSQR matrx_rows matrx_elements RSQR
    (84) expr -> . LSQR matrx_elements RSQR
    (85) expr -> . LSQR RSQR
    (86) expr -> . LSQR matrx_rows RSQR
    (87) expr -> . LCURL matrx_rows matrx_elements RCURL
    (88) expr -> . LCURL matrx_elements RCURL
    (89) expr -> . LCURL RCURL
    (90) expr -> . LCURL matrx_rows RCURL
    (91) expr -> . expr LCURL args RCURL
    (92) expr -> . expr LPAREN args RPAREN
    STRING          shift and go to state 17
    NUMBER          shift and go to state 18
    NAME            shift and go to state 19
    NOT             shift and go to state 22
    MINUS           shift and go to state 20
    PLUS            shift and go to state 21
    AT              shift and go to state 23
    LPAREN          shift and go to state 24
    LSQR            shift and go to state 25
    LCURL           shift and go to state 26

    expr                           shift and go to state 79

state 21

    (77) expr -> PLUS . expr
    (49) expr -> . STRING
    (50) expr -> . NUMBER
    (51) expr -> . NAME
    (52) expr -> . expr CTRANSPOSE
    (53) expr -> . expr TRANSPOSE
    (54) expr -> . expr MPOWER expr
    (55) expr -> . expr POWER expr
    (56) expr -> . expr LDIVIDE expr
    (57) expr -> . expr RDIVIDE expr
    (58) expr -> . expr TIMES expr
    (59) expr -> . expr MLDIVIDE expr
    (60) expr -> . expr MRDIVIDE expr
    (61) expr -> . expr MTIMES expr
    (62) expr -> . expr MINUS expr
    (63) expr -> . expr PLUS expr
    (64) expr -> . expr NE expr
    (65) expr -> . expr EQ expr
    (66) expr -> . expr GE expr
    (67) expr -> . expr GT expr
    (68) expr -> . expr LE expr
    (69) expr -> . expr LT expr
    (70) expr -> . expr AND expr
    (71) expr -> . expr OR expr
    (72) expr -> . expr ANDAND expr
    (73) expr -> . expr OROR expr
    (74) expr -> . expr COLON expr
    (75) expr -> . NOT expr
    (76) expr -> . MINUS expr
    (77) expr -> . PLUS expr
    (78) expr -> . AT LPAREN args RPAREN expr
    (79) expr -> . expr DOT NAME
    (80) expr -> . expr ELLIPSIS NEWLINE
    (81) expr -> . LPAREN expr RPAREN
    (82) expr -> . expr ASSIGN expr
    (83) expr -> . LSQR matrx_rows matrx_elements RSQR
    (84) expr -> . LSQR matrx_elements RSQR
    (85) expr -> . LSQR RSQR
    (86) expr -> . LSQR matrx_rows RSQR
    (87) expr -> . LCURL matrx_rows matrx_elements RCURL
    (88) expr -> . LCURL matrx_elements RCURL
    (89) expr -> . LCURL RCURL
    (90) expr -> . LCURL matrx_rows RCURL
    (91) expr -> . expr LCURL args RCURL
    (92) expr -> . expr LPAREN args RPAREN
    STRING          shift and go to state 17
    NUMBER          shift and go to state 18
    NAME            shift and go to state 19
    NOT             shift and go to state 22
    MINUS           shift and go to state 20
    PLUS            shift and go to state 21
    AT              shift and go to state 23
    LPAREN          shift and go to state 24
    LSQR            shift and go to state 25
    LCURL           shift and go to state 26

    expr                           shift and go to state 80

state 22

    (75) expr -> NOT . expr
    (49) expr -> . STRING
    (50) expr -> . NUMBER
    (51) expr -> . NAME
    (52) expr -> . expr CTRANSPOSE
    (53) expr -> . expr TRANSPOSE
    (54) expr -> . expr MPOWER expr
    (55) expr -> . expr POWER expr
    (56) expr -> . expr LDIVIDE expr
    (57) expr -> . expr RDIVIDE expr
    (58) expr -> . expr TIMES expr
    (59) expr -> . expr MLDIVIDE expr
    (60) expr -> . expr MRDIVIDE expr
    (61) expr -> . expr MTIMES expr
    (62) expr -> . expr MINUS expr
    (63) expr -> . expr PLUS expr
    (64) expr -> . expr NE expr
    (65) expr -> . expr EQ expr
    (66) expr -> . expr GE expr
    (67) expr -> . expr GT expr
    (68) expr -> . expr LE expr
    (69) expr -> . expr LT expr
    (70) expr -> . expr AND expr
    (71) expr -> . expr OR expr
    (72) expr -> . expr ANDAND expr
    (73) expr -> . expr OROR expr
    (74) expr -> . expr COLON expr
    (75) expr -> . NOT expr
    (76) expr -> . MINUS expr
    (77) expr -> . PLUS expr
    (78) expr -> . AT LPAREN args RPAREN expr
    (79) expr -> . expr DOT NAME
    (80) expr -> . expr ELLIPSIS NEWLINE
    (81) expr -> . LPAREN expr RPAREN
    (82) expr -> . expr ASSIGN expr
    (83) expr -> . LSQR matrx_rows matrx_elements RSQR
    (84) expr -> . LSQR matrx_elements RSQR
    (85) expr -> . LSQR RSQR
    (86) expr -> . LSQR matrx_rows RSQR
    (87) expr -> . LCURL matrx_rows matrx_elements RCURL
    (88) expr -> . LCURL matrx_elements RCURL
    (89) expr -> . LCURL RCURL
    (90) expr -> . LCURL matrx_rows RCURL
    (91) expr -> . expr LCURL args RCURL
    (92) expr -> . expr LPAREN args RPAREN
    STRING          shift and go to state 17
    NUMBER          shift and go to state 18
    NAME            shift and go to state 19
    NOT             shift and go to state 22
    MINUS           shift and go to state 20
    PLUS            shift and go to state 21
    AT              shift and go to state 23
    LPAREN          shift and go to state 24
    LSQR            shift and go to state 25
    LCURL           shift and go to state 26

    expr                           shift and go to state 81

state 23

    (78) expr -> AT . LPAREN args RPAREN expr
    LPAREN          shift and go to state 82


state 24

    (81) expr -> LPAREN . expr RPAREN
    (49) expr -> . STRING
    (50) expr -> . NUMBER
    (51) expr -> . NAME
    (52) expr -> . expr CTRANSPOSE
    (53) expr -> . expr TRANSPOSE
    (54) expr -> . expr MPOWER expr
    (55) expr -> . expr POWER expr
    (56) expr -> . expr LDIVIDE expr
    (57) expr -> . expr RDIVIDE expr
    (58) expr -> . expr TIMES expr
    (59) expr -> . expr MLDIVIDE expr
    (60) expr -> . expr MRDIVIDE expr
    (61) expr -> . expr MTIMES expr
    (62) expr -> . expr MINUS expr
    (63) expr -> . expr PLUS expr
    (64) expr -> . expr NE expr
    (65) expr -> . expr EQ expr
    (66) expr -> . expr GE expr
    (67) expr -> . expr GT expr
    (68) expr -> . expr LE expr
    (69) expr -> . expr LT expr
    (70) expr -> . expr AND expr
    (71) expr -> . expr OR expr
    (72) expr -> . expr ANDAND expr
    (73) expr -> . expr OROR expr
    (74) expr -> . expr COLON expr
    (75) expr -> . NOT expr
    (76) expr -> . MINUS expr
    (77) expr -> . PLUS expr
    (78) expr -> . AT LPAREN args RPAREN expr
    (79) expr -> . expr DOT NAME
    (80) expr -> . expr ELLIPSIS NEWLINE
    (81) expr -> . LPAREN expr RPAREN
    (82) expr -> . expr ASSIGN expr
    (83) expr -> . LSQR matrx_rows matrx_elements RSQR
    (84) expr -> . LSQR matrx_elements RSQR
    (85) expr -> . LSQR RSQR
    (86) expr -> . LSQR matrx_rows RSQR
    (87) expr -> . LCURL matrx_rows matrx_elements RCURL
    (88) expr -> . LCURL matrx_elements RCURL
    (89) expr -> . LCURL RCURL
    (90) expr -> . LCURL matrx_rows RCURL
    (91) expr -> . expr LCURL args RCURL
    (92) expr -> . expr LPAREN args RPAREN
    STRING          shift and go to state 17
    NUMBER          shift and go to state 18
    NAME            shift and go to state 19
    NOT             shift and go to state 22
    MINUS           shift and go to state 20
    PLUS            shift and go to state 21
    AT              shift and go to state 23
    LPAREN          shift and go to state 24
    LSQR            shift and go to state 25
    LCURL           shift and go to state 26

    expr                           shift and go to state 83

state 25

    (83) expr -> LSQR . matrx_rows matrx_elements RSQR
    (84) expr -> LSQR . matrx_elements RSQR
    (85) expr -> LSQR . RSQR
    (86) expr -> LSQR . matrx_rows RSQR
    (96) matrx_rows -> . matrx_elements SEMICOLON
    (97) matrx_rows -> . matrx_rows matrx_elements SEMICOLON
    (98) matrx_elements -> . expr
    (99) matrx_elements -> . matrx_elements COMMA expr
    (100) matrx_elements -> . matrx_elements expr
    (49) expr -> . STRING
    (50) expr -> . NUMBER
    (51) expr -> . NAME
    (52) expr -> . expr CTRANSPOSE
    (53) expr -> . expr TRANSPOSE
    (54) expr -> . expr MPOWER expr
    (55) expr -> . expr POWER expr
    (56) expr -> . expr LDIVIDE expr
    (57) expr -> . expr RDIVIDE expr
    (58) expr -> . expr TIMES expr
    (59) expr -> . expr MLDIVIDE expr
    (60) expr -> . expr MRDIVIDE expr
    (61) expr -> . expr MTIMES expr
    (62) expr -> . expr MINUS expr
    (63) expr -> . expr PLUS expr
    (64) expr -> . expr NE expr
    (65) expr -> . expr EQ expr
    (66) expr -> . expr GE expr
    (67) expr -> . expr GT expr
    (68) expr -> . expr LE expr
    (69) expr -> . expr LT expr
    (70) expr -> . expr AND expr
    (71) expr -> . expr OR expr
    (72) expr -> . expr ANDAND expr
    (73) expr -> . expr OROR expr
    (74) expr -> . expr COLON expr
    (75) expr -> . NOT expr
    (76) expr -> . MINUS expr
    (77) expr -> . PLUS expr
    (78) expr -> . AT LPAREN args RPAREN expr
    (79) expr -> . expr DOT NAME
    (80) expr -> . expr ELLIPSIS NEWLINE
    (81) expr -> . LPAREN expr RPAREN
    (82) expr -> . expr ASSIGN expr
    (83) expr -> . LSQR matrx_rows matrx_elements RSQR
    (84) expr -> . LSQR matrx_elements RSQR
    (85) expr -> . LSQR RSQR
    (86) expr -> . LSQR matrx_rows RSQR
    (87) expr -> . LCURL matrx_rows matrx_elements RCURL
    (88) expr -> . LCURL matrx_elements RCURL
    (89) expr -> . LCURL RCURL
    (90) expr -> . LCURL matrx_rows RCURL
    (91) expr -> . expr LCURL args RCURL
    (92) expr -> . expr LPAREN args RPAREN
    RSQR            shift and go to state 86
    STRING          shift and go to state 17
    NUMBER          shift and go to state 18
    NAME            shift and go to state 19
    NOT             shift and go to state 22
    MINUS           shift and go to state 20
    PLUS            shift and go to state 21
    AT              shift and go to state 23
    LPAREN          shift and go to state 24
    LSQR            shift and go to state 25
    LCURL           shift and go to state 26

    matrx_rows                     shift and go to state 84
    matrx_elements                 shift and go to state 85
    expr                           shift and go to state 87

state 26

    (87) expr -> LCURL . matrx_rows matrx_elements RCURL
    (88) expr -> LCURL . matrx_elements RCURL
    (89) expr -> LCURL . RCURL
    (90) expr -> LCURL . matrx_rows RCURL
    (96) matrx_rows -> . matrx_elements SEMICOLON
    (97) matrx_rows -> . matrx_rows matrx_elements SEMICOLON
    (98) matrx_elements -> . expr
    (99) matrx_elements -> . matrx_elements COMMA expr
    (100) matrx_elements -> . matrx_elements expr
    (49) expr -> . STRING
    (50) expr -> . NUMBER
    (51) expr -> . NAME
    (52) expr -> . expr CTRANSPOSE
    (53) expr -> . expr TRANSPOSE
    (54) expr -> . expr MPOWER expr
    (55) expr -> . expr POWER expr
    (56) expr -> . expr LDIVIDE expr
    (57) expr -> . expr RDIVIDE expr
    (58) expr -> . expr TIMES expr
    (59) expr -> . expr MLDIVIDE expr
    (60) expr -> . expr MRDIVIDE expr
    (61) expr -> . expr MTIMES expr
    (62) expr -> . expr MINUS expr
    (63) expr -> . expr PLUS expr
    (64) expr -> . expr NE expr
    (65) expr -> . expr EQ expr
    (66) expr -> . expr GE expr
    (67) expr -> . expr GT expr
    (68) expr -> . expr LE expr
    (69) expr -> . expr LT expr
    (70) expr -> . expr AND expr
    (71) expr -> . expr OR expr
    (72) expr -> . expr ANDAND expr
    (73) expr -> . expr OROR expr
    (74) expr -> . expr COLON expr
    (75) expr -> . NOT expr
    (76) expr -> . MINUS expr
    (77) expr -> . PLUS expr
    (78) expr -> . AT LPAREN args RPAREN expr
    (79) expr -> . expr DOT NAME
    (80) expr -> . expr ELLIPSIS NEWLINE
    (81) expr -> . LPAREN expr RPAREN
    (82) expr -> . expr ASSIGN expr
    (83) expr -> . LSQR matrx_rows matrx_elements RSQR
    (84) expr -> . LSQR matrx_elements RSQR
    (85) expr -> . LSQR RSQR
    (86) expr -> . LSQR matrx_rows RSQR
    (87) expr -> . LCURL matrx_rows matrx_elements RCURL
    (88) expr -> . LCURL matrx_elements RCURL
    (89) expr -> . LCURL RCURL
    (90) expr -> . LCURL matrx_rows RCURL
    (91) expr -> . expr LCURL args RCURL
    (92) expr -> . expr LPAREN args RPAREN
    RCURL           shift and go to state 90
    STRING          shift and go to state 17
    NUMBER          shift and go to state 18
    NAME            shift and go to state 19
    NOT             shift and go to state 22
    MINUS           shift and go to state 20
    PLUS            shift and go to state 21
    AT              shift and go to state 23
    LPAREN          shift and go to state 24
    LSQR            shift and go to state 25
    LCURL           shift and go to state 26

    matrx_rows                     shift and go to state 88
    matrx_elements                 shift and go to state 89
    expr                           shift and go to state 87

state 27

    (43) switch_block -> SWITCH . expr CASE expr code_block
    (44) switch_block -> SWITCH . expr CASE statement code_block
    (45) switch_block -> SWITCH . statement CASE expr code_block
    (46) switch_block -> SWITCH . statement CASE statement code_block
    (49) expr -> . STRING
    (50) expr -> . NUMBER
    (51) expr -> . NAME
    (52) expr -> . expr CTRANSPOSE
    (53) expr -> . expr TRANSPOSE
    (54) expr -> . expr MPOWER expr
    (55) expr -> . expr POWER expr
    (56) expr -> . expr LDIVIDE expr
    (57) expr -> . expr RDIVIDE expr
    (58) expr -> . expr TIMES expr
    (59) expr -> . expr MLDIVIDE expr
    (60) expr -> . expr MRDIVIDE expr
    (61) expr -> . expr MTIMES expr
    (62) expr -> . expr MINUS expr
    (63) expr -> . expr PLUS expr
    (64) expr -> . expr NE expr
    (65) expr -> . expr EQ expr
    (66) expr -> . expr GE expr
    (67) expr -> . expr GT expr
    (68) expr -> . expr LE expr
    (69) expr -> . expr LT expr
    (70) expr -> . expr AND expr
    (71) expr -> . expr OR expr
    (72) expr -> . expr ANDAND expr
    (73) expr -> . expr OROR expr
    (74) expr -> . expr COLON expr
    (75) expr -> . NOT expr
    (76) expr -> . MINUS expr
    (77) expr -> . PLUS expr
    (78) expr -> . AT LPAREN args RPAREN expr
    (79) expr -> . expr DOT NAME
    (80) expr -> . expr ELLIPSIS NEWLINE
    (81) expr -> . LPAREN expr RPAREN
    (82) expr -> . expr ASSIGN expr
    (83) expr -> . LSQR matrx_rows matrx_elements RSQR
    (84) expr -> . LSQR matrx_elements RSQR
    (85) expr -> . LSQR RSQR
    (86) expr -> . LSQR matrx_rows RSQR
    (87) expr -> . LCURL matrx_rows matrx_elements RCURL
    (88) expr -> . LCURL matrx_elements RCURL
    (89) expr -> . LCURL RCURL
    (90) expr -> . LCURL matrx_rows RCURL
    (91) expr -> . expr LCURL args RCURL
    (92) expr -> . expr LPAREN args RPAREN
    (4) statement -> . COMMAND
    (5) statement -> . expr COMMA
    (6) statement -> . expr NEWLINE
    (7) statement -> . expr SEMICOLON
    (8) statement -> . NEWLINE
    (9) statement -> . SEMICOLON
    (10) statement -> . switch_block OTHERWISE NEWLINE code_block END SEMICOLON
    (11) statement -> . switch_block OTHERWISE SEMICOLON code_block END SEMICOLON
    (12) statement -> . switch_block OTHERWISE NEWLINE code_block END NEWLINE
    (13) statement -> . switch_block OTHERWISE SEMICOLON code_block END NEWLINE
    (14) statement -> . switch_block END NEWLINE
    (15) statement -> . TRY code_block CATCH statement code_block END NEWLINE
    (16) statement -> . WHILE expr code_block END NEWLINE
    (17) statement -> . WHILE statement code_block END NEWLINE
    (18) statement -> . IF expr statement END SEMICOLON
    (19) statement -> . IF expr statement END NEWLINE
    (20) statement -> . IF expr statement END
    (21) statement -> . IF statement statement END SEMICOLON
    (22) statement -> . IF statement statement END NEWLINE
    (23) statement -> . IF statement statement END
    (24) statement -> . if_block END SEMICOLON
    (25) statement -> . if_block END NEWLINE
    (26) statement -> . if_block END
    (27) statement -> . BREAK SEMICOLON
    (28) statement -> . CONTINUE SEMICOLON
    (29) statement -> . BREAK NEWLINE
    (30) statement -> . CONTINUE NEWLINE
    (31) statement -> . FOR statement code_block END SEMICOLON
    (32) statement -> . FOR statement code_block END NEWLINE
    (33) statement -> . RETURN expr SEMICOLON
    (34) statement -> . RETURN expr NEWLINE
    (35) statement -> . FUNCTION statement code_block
    (36) statement -> . FUNCTION statement code_block END NEWLINE
    (43) switch_block -> . SWITCH expr CASE expr code_block
    (44) switch_block -> . SWITCH expr CASE statement code_block
    (45) switch_block -> . SWITCH statement CASE expr code_block
    (46) switch_block -> . SWITCH statement CASE statement code_block
    (47) switch_block -> . switch_block CASE expr code_block
    (48) switch_block -> . switch_block CASE statement code_block
    (37) if_block -> . IF expr code_block
    (38) if_block -> . IF statement code_block
    (39) if_block -> . if_block ELSEIF expr code_block
    (40) if_block -> . if_block ELSEIF statement code_block
    (41) if_block -> . if_block ELSE SEMICOLON code_block
    (42) if_block -> . if_block ELSE NEWLINE code_block
    STRING          shift and go to state 17
    NUMBER          shift and go to state 18
    NAME            shift and go to state 19
    NOT             shift and go to state 22
    MINUS           shift and go to state 20
    PLUS            shift and go to state 21
    AT              shift and go to state 23
    LPAREN          shift and go to state 24
    LSQR            shift and go to state 25
    LCURL           shift and go to state 26
    COMMAND         shift and go to state 3
    NEWLINE         shift and go to state 5
    SEMICOLON       shift and go to state 6
    TRY             shift and go to state 8
    WHILE           shift and go to state 9
    IF              shift and go to state 10
    BREAK           shift and go to state 12
    CONTINUE        shift and go to state 13
    FOR             shift and go to state 14
    RETURN          shift and go to state 15
    FUNCTION        shift and go to state 16
    SWITCH          shift and go to state 27

    expr                           shift and go to state 91
    statement                      shift and go to state 92
    switch_block                   shift and go to state 7
    if_block                       shift and go to state 11

state 28

    (3) code_block -> code_block statement .
    COMMAND         reduce using rule 3 (code_block -> code_block statement .)
    NEWLINE         reduce using rule 3 (code_block -> code_block statement .)
    SEMICOLON       reduce using rule 3 (code_block -> code_block statement .)
    TRY             reduce using rule 3 (code_block -> code_block statement .)
    WHILE           reduce using rule 3 (code_block -> code_block statement .)
    IF              reduce using rule 3 (code_block -> code_block statement .)
    BREAK           reduce using rule 3 (code_block -> code_block statement .)
    CONTINUE        reduce using rule 3 (code_block -> code_block statement .)
    FOR             reduce using rule 3 (code_block -> code_block statement .)
    RETURN          reduce using rule 3 (code_block -> code_block statement .)
    FUNCTION        reduce using rule 3 (code_block -> code_block statement .)
    STRING          reduce using rule 3 (code_block -> code_block statement .)
    NUMBER          reduce using rule 3 (code_block -> code_block statement .)
    NAME            reduce using rule 3 (code_block -> code_block statement .)
    NOT             reduce using rule 3 (code_block -> code_block statement .)
    MINUS           reduce using rule 3 (code_block -> code_block statement .)
    PLUS            reduce using rule 3 (code_block -> code_block statement .)
    AT              reduce using rule 3 (code_block -> code_block statement .)
    LPAREN          reduce using rule 3 (code_block -> code_block statement .)
    LSQR            reduce using rule 3 (code_block -> code_block statement .)
    LCURL           reduce using rule 3 (code_block -> code_block statement .)
    SWITCH          reduce using rule 3 (code_block -> code_block statement .)
    $end            reduce using rule 3 (code_block -> code_block statement .)
    CATCH           reduce using rule 3 (code_block -> code_block statement .)
    END             reduce using rule 3 (code_block -> code_block statement .)
    CASE            reduce using rule 3 (code_block -> code_block statement .)
    ELSEIF          reduce using rule 3 (code_block -> code_block statement .)
    ELSE            reduce using rule 3 (code_block -> code_block statement .)
    OTHERWISE       reduce using rule 3 (code_block -> code_block statement .)


state 29

    (2) code_block -> statement code_block .
    (3) code_block -> code_block . statement
    (4) statement -> . COMMAND
    (5) statement -> . expr COMMA
    (6) statement -> . expr NEWLINE
    (7) statement -> . expr SEMICOLON
    (8) statement -> . NEWLINE
    (9) statement -> . SEMICOLON
    (10) statement -> . switch_block OTHERWISE NEWLINE code_block END SEMICOLON
    (11) statement -> . switch_block OTHERWISE SEMICOLON code_block END SEMICOLON
    (12) statement -> . switch_block OTHERWISE NEWLINE code_block END NEWLINE
    (13) statement -> . switch_block OTHERWISE SEMICOLON code_block END NEWLINE
    (14) statement -> . switch_block END NEWLINE
    (15) statement -> . TRY code_block CATCH statement code_block END NEWLINE
    (16) statement -> . WHILE expr code_block END NEWLINE
    (17) statement -> . WHILE statement code_block END NEWLINE
    (18) statement -> . IF expr statement END SEMICOLON
    (19) statement -> . IF expr statement END NEWLINE
    (20) statement -> . IF expr statement END
    (21) statement -> . IF statement statement END SEMICOLON
    (22) statement -> . IF statement statement END NEWLINE
    (23) statement -> . IF statement statement END
    (24) statement -> . if_block END SEMICOLON
    (25) statement -> . if_block END NEWLINE
    (26) statement -> . if_block END
    (27) statement -> . BREAK SEMICOLON
    (28) statement -> . CONTINUE SEMICOLON
    (29) statement -> . BREAK NEWLINE
    (30) statement -> . CONTINUE NEWLINE
    (31) statement -> . FOR statement code_block END SEMICOLON
    (32) statement -> . FOR statement code_block END NEWLINE
    (33) statement -> . RETURN expr SEMICOLON
    (34) statement -> . RETURN expr NEWLINE
    (35) statement -> . FUNCTION statement code_block
    (36) statement -> . FUNCTION statement code_block END NEWLINE
    (49) expr -> . STRING
    (50) expr -> . NUMBER
    (51) expr -> . NAME
    (52) expr -> . expr CTRANSPOSE
    (53) expr -> . expr TRANSPOSE
    (54) expr -> . expr MPOWER expr
    (55) expr -> . expr POWER expr
    (56) expr -> . expr LDIVIDE expr
    (57) expr -> . expr RDIVIDE expr
    (58) expr -> . expr TIMES expr
    (59) expr -> . expr MLDIVIDE expr
    (60) expr -> . expr MRDIVIDE expr
    (61) expr -> . expr MTIMES expr
    (62) expr -> . expr MINUS expr
    (63) expr -> . expr PLUS expr
    (64) expr -> . expr NE expr
    (65) expr -> . expr EQ expr
    (66) expr -> . expr GE expr
    (67) expr -> . expr GT expr
    (68) expr -> . expr LE expr
    (69) expr -> . expr LT expr
    (70) expr -> . expr AND expr
    (71) expr -> . expr OR expr
    (72) expr -> . expr ANDAND expr
    (73) expr -> . expr OROR expr
    (74) expr -> . expr COLON expr
    (75) expr -> . NOT expr
    (76) expr -> . MINUS expr
    (77) expr -> . PLUS expr
    (78) expr -> . AT LPAREN args RPAREN expr
    (79) expr -> . expr DOT NAME
    (80) expr -> . expr ELLIPSIS NEWLINE
    (81) expr -> . LPAREN expr RPAREN
    (82) expr -> . expr ASSIGN expr
    (83) expr -> . LSQR matrx_rows matrx_elements RSQR
    (84) expr -> . LSQR matrx_elements RSQR
    (85) expr -> . LSQR RSQR
    (86) expr -> . LSQR matrx_rows RSQR
    (87) expr -> . LCURL matrx_rows matrx_elements RCURL
    (88) expr -> . LCURL matrx_elements RCURL
    (89) expr -> . LCURL RCURL
    (90) expr -> . LCURL matrx_rows RCURL
    (91) expr -> . expr LCURL args RCURL
    (92) expr -> . expr LPAREN args RPAREN
    (43) switch_block -> . SWITCH expr CASE expr code_block
    (44) switch_block -> . SWITCH expr CASE statement code_block
    (45) switch_block -> . SWITCH statement CASE expr code_block
    (46) switch_block -> . SWITCH statement CASE statement code_block
    (47) switch_block -> . switch_block CASE expr code_block
    (48) switch_block -> . switch_block CASE statement code_block
    (37) if_block -> . IF expr code_block
    (38) if_block -> . IF statement code_block
    (39) if_block -> . if_block ELSEIF expr code_block
    (40) if_block -> . if_block ELSEIF statement code_block
    (41) if_block -> . if_block ELSE SEMICOLON code_block
    (42) if_block -> . if_block ELSE NEWLINE code_block
  ! shift/reduce conflict for COMMAND resolved as shift
  ! shift/reduce conflict for NEWLINE resolved as shift
  ! shift/reduce conflict for SEMICOLON resolved as shift
  ! shift/reduce conflict for TRY resolved as shift
  ! shift/reduce conflict for WHILE resolved as shift
  ! shift/reduce conflict for IF resolved as shift
  ! shift/reduce conflict for BREAK resolved as shift
  ! shift/reduce conflict for CONTINUE resolved as shift
  ! shift/reduce conflict for FOR resolved as shift
  ! shift/reduce conflict for RETURN resolved as shift
  ! shift/reduce conflict for FUNCTION resolved as shift
  ! shift/reduce conflict for STRING resolved as shift
  ! shift/reduce conflict for NUMBER resolved as shift
  ! shift/reduce conflict for NAME resolved as shift
  ! shift/reduce conflict for NOT resolved as shift
  ! shift/reduce conflict for MINUS resolved as shift
  ! shift/reduce conflict for PLUS resolved as shift
  ! shift/reduce conflict for AT resolved as shift
  ! shift/reduce conflict for LPAREN resolved as shift
  ! shift/reduce conflict for LSQR resolved as shift
  ! shift/reduce conflict for LCURL resolved as shift
  ! shift/reduce conflict for SWITCH resolved as shift
    $end            reduce using rule 2 (code_block -> statement code_block .)
    CATCH           reduce using rule 2 (code_block -> statement code_block .)
    END             reduce using rule 2 (code_block -> statement code_block .)
    CASE            reduce using rule 2 (code_block -> statement code_block .)
    ELSEIF          reduce using rule 2 (code_block -> statement code_block .)
    ELSE            reduce using rule 2 (code_block -> statement code_block .)
    OTHERWISE       reduce using rule 2 (code_block -> statement code_block .)
    COMMAND         shift and go to state 3
    NEWLINE         shift and go to state 5
    SEMICOLON       shift and go to state 6
    TRY             shift and go to state 8
    WHILE           shift and go to state 9
    IF              shift and go to state 10
    BREAK           shift and go to state 12
    CONTINUE        shift and go to state 13
    FOR             shift and go to state 14
    RETURN          shift and go to state 15
    FUNCTION        shift and go to state 16
    STRING          shift and go to state 17
    NUMBER          shift and go to state 18
    NAME            shift and go to state 19
    NOT             shift and go to state 22
    MINUS           shift and go to state 20
    PLUS            shift and go to state 21
    AT              shift and go to state 23
    LPAREN          shift and go to state 24
    LSQR            shift and go to state 25
    LCURL           shift and go to state 26
    SWITCH          shift and go to state 27

    statement                      shift and go to state 28
    expr                           shift and go to state 4
    switch_block                   shift and go to state 7
    if_block                       shift and go to state 11

state 30

    (5) statement -> expr COMMA .
    COMMAND         reduce using rule 5 (statement -> expr COMMA .)
    NEWLINE         reduce using rule 5 (statement -> expr COMMA .)
    SEMICOLON       reduce using rule 5 (statement -> expr COMMA .)
    TRY             reduce using rule 5 (statement -> expr COMMA .)
    WHILE           reduce using rule 5 (statement -> expr COMMA .)
    IF              reduce using rule 5 (statement -> expr COMMA .)
    BREAK           reduce using rule 5 (statement -> expr COMMA .)
    CONTINUE        reduce using rule 5 (statement -> expr COMMA .)
    FOR             reduce using rule 5 (statement -> expr COMMA .)
    RETURN          reduce using rule 5 (statement -> expr COMMA .)
    FUNCTION        reduce using rule 5 (statement -> expr COMMA .)
    STRING          reduce using rule 5 (statement -> expr COMMA .)
    NUMBER          reduce using rule 5 (statement -> expr COMMA .)
    NAME            reduce using rule 5 (statement -> expr COMMA .)
    NOT             reduce using rule 5 (statement -> expr COMMA .)
    MINUS           reduce using rule 5 (statement -> expr COMMA .)
    PLUS            reduce using rule 5 (statement -> expr COMMA .)
    AT              reduce using rule 5 (statement -> expr COMMA .)
    LPAREN          reduce using rule 5 (statement -> expr COMMA .)
    LSQR            reduce using rule 5 (statement -> expr COMMA .)
    LCURL           reduce using rule 5 (statement -> expr COMMA .)
    SWITCH          reduce using rule 5 (statement -> expr COMMA .)
    $end            reduce using rule 5 (statement -> expr COMMA .)
    CATCH           reduce using rule 5 (statement -> expr COMMA .)
    END             reduce using rule 5 (statement -> expr COMMA .)
    CASE            reduce using rule 5 (statement -> expr COMMA .)
    ELSEIF          reduce using rule 5 (statement -> expr COMMA .)
    ELSE            reduce using rule 5 (statement -> expr COMMA .)
    OTHERWISE       reduce using rule 5 (statement -> expr COMMA .)


state 31

    (6) statement -> expr NEWLINE .
    COMMAND         reduce using rule 6 (statement -> expr NEWLINE .)
    NEWLINE         reduce using rule 6 (statement -> expr NEWLINE .)
    SEMICOLON       reduce using rule 6 (statement -> expr NEWLINE .)
    TRY             reduce using rule 6 (statement -> expr NEWLINE .)
    WHILE           reduce using rule 6 (statement -> expr NEWLINE .)
    IF              reduce using rule 6 (statement -> expr NEWLINE .)
    BREAK           reduce using rule 6 (statement -> expr NEWLINE .)
    CONTINUE        reduce using rule 6 (statement -> expr NEWLINE .)
    FOR             reduce using rule 6 (statement -> expr NEWLINE .)
    RETURN          reduce using rule 6 (statement -> expr NEWLINE .)
    FUNCTION        reduce using rule 6 (statement -> expr NEWLINE .)
    STRING          reduce using rule 6 (statement -> expr NEWLINE .)
    NUMBER          reduce using rule 6 (statement -> expr NEWLINE .)
    NAME            reduce using rule 6 (statement -> expr NEWLINE .)
    NOT             reduce using rule 6 (statement -> expr NEWLINE .)
    MINUS           reduce using rule 6 (statement -> expr NEWLINE .)
    PLUS            reduce using rule 6 (statement -> expr NEWLINE .)
    AT              reduce using rule 6 (statement -> expr NEWLINE .)
    LPAREN          reduce using rule 6 (statement -> expr NEWLINE .)
    LSQR            reduce using rule 6 (statement -> expr NEWLINE .)
    LCURL           reduce using rule 6 (statement -> expr NEWLINE .)
    SWITCH          reduce using rule 6 (statement -> expr NEWLINE .)
    $end            reduce using rule 6 (statement -> expr NEWLINE .)
    CATCH           reduce using rule 6 (statement -> expr NEWLINE .)
    END             reduce using rule 6 (statement -> expr NEWLINE .)
    CASE            reduce using rule 6 (statement -> expr NEWLINE .)
    ELSEIF          reduce using rule 6 (statement -> expr NEWLINE .)
    ELSE            reduce using rule 6 (statement -> expr NEWLINE .)
    OTHERWISE       reduce using rule 6 (statement -> expr NEWLINE .)


state 32

    (7) statement -> expr SEMICOLON .
    COMMAND         reduce using rule 7 (statement -> expr SEMICOLON .)
    NEWLINE         reduce using rule 7 (statement -> expr SEMICOLON .)
    SEMICOLON       reduce using rule 7 (statement -> expr SEMICOLON .)
    TRY             reduce using rule 7 (statement -> expr SEMICOLON .)
    WHILE           reduce using rule 7 (statement -> expr SEMICOLON .)
    IF              reduce using rule 7 (statement -> expr SEMICOLON .)
    BREAK           reduce using rule 7 (statement -> expr SEMICOLON .)
    CONTINUE        reduce using rule 7 (statement -> expr SEMICOLON .)
    FOR             reduce using rule 7 (statement -> expr SEMICOLON .)
    RETURN          reduce using rule 7 (statement -> expr SEMICOLON .)
    FUNCTION        reduce using rule 7 (statement -> expr SEMICOLON .)
    STRING          reduce using rule 7 (statement -> expr SEMICOLON .)
    NUMBER          reduce using rule 7 (statement -> expr SEMICOLON .)
    NAME            reduce using rule 7 (statement -> expr SEMICOLON .)
    NOT             reduce using rule 7 (statement -> expr SEMICOLON .)
    MINUS           reduce using rule 7 (statement -> expr SEMICOLON .)
    PLUS            reduce using rule 7 (statement -> expr SEMICOLON .)
    AT              reduce using rule 7 (statement -> expr SEMICOLON .)
    LPAREN          reduce using rule 7 (statement -> expr SEMICOLON .)
    LSQR            reduce using rule 7 (statement -> expr SEMICOLON .)
    LCURL           reduce using rule 7 (statement -> expr SEMICOLON .)
    SWITCH          reduce using rule 7 (statement -> expr SEMICOLON .)
    $end            reduce using rule 7 (statement -> expr SEMICOLON .)
    CATCH           reduce using rule 7 (statement -> expr SEMICOLON .)
    END             reduce using rule 7 (statement -> expr SEMICOLON .)
    CASE            reduce using rule 7 (statement -> expr SEMICOLON .)
    ELSEIF          reduce using rule 7 (statement -> expr SEMICOLON .)
    ELSE            reduce using rule 7 (statement -> expr SEMICOLON .)
    OTHERWISE       reduce using rule 7 (statement -> expr SEMICOLON .)


state 33

    (52) expr -> expr CTRANSPOSE .
    COMMA           reduce using rule 52 (expr -> expr CTRANSPOSE .)
    NEWLINE         reduce using rule 52 (expr -> expr CTRANSPOSE .)
    SEMICOLON       reduce using rule 52 (expr -> expr CTRANSPOSE .)
    CTRANSPOSE      reduce using rule 52 (expr -> expr CTRANSPOSE .)
    TRANSPOSE       reduce using rule 52 (expr -> expr CTRANSPOSE .)
    MPOWER          reduce using rule 52 (expr -> expr CTRANSPOSE .)
    POWER           reduce using rule 52 (expr -> expr CTRANSPOSE .)
    LDIVIDE         reduce using rule 52 (expr -> expr CTRANSPOSE .)
    RDIVIDE         reduce using rule 52 (expr -> expr CTRANSPOSE .)
    TIMES           reduce using rule 52 (expr -> expr CTRANSPOSE .)
    MLDIVIDE        reduce using rule 52 (expr -> expr CTRANSPOSE .)
    MRDIVIDE        reduce using rule 52 (expr -> expr CTRANSPOSE .)
    MTIMES          reduce using rule 52 (expr -> expr CTRANSPOSE .)
    MINUS           reduce using rule 52 (expr -> expr CTRANSPOSE .)
    PLUS            reduce using rule 52 (expr -> expr CTRANSPOSE .)
    NE              reduce using rule 52 (expr -> expr CTRANSPOSE .)
    EQ              reduce using rule 52 (expr -> expr CTRANSPOSE .)
    GE              reduce using rule 52 (expr -> expr CTRANSPOSE .)
    GT              reduce using rule 52 (expr -> expr CTRANSPOSE .)
    LE              reduce using rule 52 (expr -> expr CTRANSPOSE .)
    LT              reduce using rule 52 (expr -> expr CTRANSPOSE .)
    AND             reduce using rule 52 (expr -> expr CTRANSPOSE .)
    OR              reduce using rule 52 (expr -> expr CTRANSPOSE .)
    ANDAND          reduce using rule 52 (expr -> expr CTRANSPOSE .)
    OROR            reduce using rule 52 (expr -> expr CTRANSPOSE .)
    COLON           reduce using rule 52 (expr -> expr CTRANSPOSE .)
    DOT             reduce using rule 52 (expr -> expr CTRANSPOSE .)
    ELLIPSIS        reduce using rule 52 (expr -> expr CTRANSPOSE .)
    ASSIGN          reduce using rule 52 (expr -> expr CTRANSPOSE .)
    LCURL           reduce using rule 52 (expr -> expr CTRANSPOSE .)
    LPAREN          reduce using rule 52 (expr -> expr CTRANSPOSE .)
    COMMAND         reduce using rule 52 (expr -> expr CTRANSPOSE .)
    TRY             reduce using rule 52 (expr -> expr CTRANSPOSE .)
    WHILE           reduce using rule 52 (expr -> expr CTRANSPOSE .)
    IF              reduce using rule 52 (expr -> expr CTRANSPOSE .)
    BREAK           reduce using rule 52 (expr -> expr CTRANSPOSE .)
    CONTINUE        reduce using rule 52 (expr -> expr CTRANSPOSE .)
    FOR             reduce using rule 52 (expr -> expr CTRANSPOSE .)
    RETURN          reduce using rule 52 (expr -> expr CTRANSPOSE .)
    FUNCTION        reduce using rule 52 (expr -> expr CTRANSPOSE .)
    STRING          reduce using rule 52 (expr -> expr CTRANSPOSE .)
    NUMBER          reduce using rule 52 (expr -> expr CTRANSPOSE .)
    NAME            reduce using rule 52 (expr -> expr CTRANSPOSE .)
    NOT             reduce using rule 52 (expr -> expr CTRANSPOSE .)
    AT              reduce using rule 52 (expr -> expr CTRANSPOSE .)
    LSQR            reduce using rule 52 (expr -> expr CTRANSPOSE .)
    SWITCH          reduce using rule 52 (expr -> expr CTRANSPOSE .)
    RPAREN          reduce using rule 52 (expr -> expr CTRANSPOSE .)
    RSQR            reduce using rule 52 (expr -> expr CTRANSPOSE .)
    RCURL           reduce using rule 52 (expr -> expr CTRANSPOSE .)
    CASE            reduce using rule 52 (expr -> expr CTRANSPOSE .)


state 34

    (53) expr -> expr TRANSPOSE .
    COMMA           reduce using rule 53 (expr -> expr TRANSPOSE .)
    NEWLINE         reduce using rule 53 (expr -> expr TRANSPOSE .)
    SEMICOLON       reduce using rule 53 (expr -> expr TRANSPOSE .)
    CTRANSPOSE      reduce using rule 53 (expr -> expr TRANSPOSE .)
    TRANSPOSE       reduce using rule 53 (expr -> expr TRANSPOSE .)
    MPOWER          reduce using rule 53 (expr -> expr TRANSPOSE .)
    POWER           reduce using rule 53 (expr -> expr TRANSPOSE .)
    LDIVIDE         reduce using rule 53 (expr -> expr TRANSPOSE .)
    RDIVIDE         reduce using rule 53 (expr -> expr TRANSPOSE .)
    TIMES           reduce using rule 53 (expr -> expr TRANSPOSE .)
    MLDIVIDE        reduce using rule 53 (expr -> expr TRANSPOSE .)
    MRDIVIDE        reduce using rule 53 (expr -> expr TRANSPOSE .)
    MTIMES          reduce using rule 53 (expr -> expr TRANSPOSE .)
    MINUS           reduce using rule 53 (expr -> expr TRANSPOSE .)
    PLUS            reduce using rule 53 (expr -> expr TRANSPOSE .)
    NE              reduce using rule 53 (expr -> expr TRANSPOSE .)
    EQ              reduce using rule 53 (expr -> expr TRANSPOSE .)
    GE              reduce using rule 53 (expr -> expr TRANSPOSE .)
    GT              reduce using rule 53 (expr -> expr TRANSPOSE .)
    LE              reduce using rule 53 (expr -> expr TRANSPOSE .)
    LT              reduce using rule 53 (expr -> expr TRANSPOSE .)
    AND             reduce using rule 53 (expr -> expr TRANSPOSE .)
    OR              reduce using rule 53 (expr -> expr TRANSPOSE .)
    ANDAND          reduce using rule 53 (expr -> expr TRANSPOSE .)
    OROR            reduce using rule 53 (expr -> expr TRANSPOSE .)
    COLON           reduce using rule 53 (expr -> expr TRANSPOSE .)
    DOT             reduce using rule 53 (expr -> expr TRANSPOSE .)
    ELLIPSIS        reduce using rule 53 (expr -> expr TRANSPOSE .)
    ASSIGN          reduce using rule 53 (expr -> expr TRANSPOSE .)
    LCURL           reduce using rule 53 (expr -> expr TRANSPOSE .)
    LPAREN          reduce using rule 53 (expr -> expr TRANSPOSE .)
    COMMAND         reduce using rule 53 (expr -> expr TRANSPOSE .)
    TRY             reduce using rule 53 (expr -> expr TRANSPOSE .)
    WHILE           reduce using rule 53 (expr -> expr TRANSPOSE .)
    IF              reduce using rule 53 (expr -> expr TRANSPOSE .)
    BREAK           reduce using rule 53 (expr -> expr TRANSPOSE .)
    CONTINUE        reduce using rule 53 (expr -> expr TRANSPOSE .)
    FOR             reduce using rule 53 (expr -> expr TRANSPOSE .)
    RETURN          reduce using rule 53 (expr -> expr TRANSPOSE .)
    FUNCTION        reduce using rule 53 (expr -> expr TRANSPOSE .)
    STRING          reduce using rule 53 (expr -> expr TRANSPOSE .)
    NUMBER          reduce using rule 53 (expr -> expr TRANSPOSE .)
    NAME            reduce using rule 53 (expr -> expr TRANSPOSE .)
    NOT             reduce using rule 53 (expr -> expr TRANSPOSE .)
    AT              reduce using rule 53 (expr -> expr TRANSPOSE .)
    LSQR            reduce using rule 53 (expr -> expr TRANSPOSE .)
    SWITCH          reduce using rule 53 (expr -> expr TRANSPOSE .)
    RPAREN          reduce using rule 53 (expr -> expr TRANSPOSE .)
    RSQR            reduce using rule 53 (expr -> expr TRANSPOSE .)
    RCURL           reduce using rule 53 (expr -> expr TRANSPOSE .)
    CASE            reduce using rule 53 (expr -> expr TRANSPOSE .)


state 35

    (54) expr -> expr MPOWER . expr
    (49) expr -> . STRING
    (50) expr -> . NUMBER
    (51) expr -> . NAME
    (52) expr -> . expr CTRANSPOSE
    (53) expr -> . expr TRANSPOSE
    (54) expr -> . expr MPOWER expr
    (55) expr -> . expr POWER expr
    (56) expr -> . expr LDIVIDE expr
    (57) expr -> . expr RDIVIDE expr
    (58) expr -> . expr TIMES expr
    (59) expr -> . expr MLDIVIDE expr
    (60) expr -> . expr MRDIVIDE expr
    (61) expr -> . expr MTIMES expr
    (62) expr -> . expr MINUS expr
    (63) expr -> . expr PLUS expr
    (64) expr -> . expr NE expr
    (65) expr -> . expr EQ expr
    (66) expr -> . expr GE expr
    (67) expr -> . expr GT expr
    (68) expr -> . expr LE expr
    (69) expr -> . expr LT expr
    (70) expr -> . expr AND expr
    (71) expr -> . expr OR expr
    (72) expr -> . expr ANDAND expr
    (73) expr -> . expr OROR expr
    (74) expr -> . expr COLON expr
    (75) expr -> . NOT expr
    (76) expr -> . MINUS expr
    (77) expr -> . PLUS expr
    (78) expr -> . AT LPAREN args RPAREN expr
    (79) expr -> . expr DOT NAME
    (80) expr -> . expr ELLIPSIS NEWLINE
    (81) expr -> . LPAREN expr RPAREN
    (82) expr -> . expr ASSIGN expr
    (83) expr -> . LSQR matrx_rows matrx_elements RSQR
    (84) expr -> . LSQR matrx_elements RSQR
    (85) expr -> . LSQR RSQR
    (86) expr -> . LSQR matrx_rows RSQR
    (87) expr -> . LCURL matrx_rows matrx_elements RCURL
    (88) expr -> . LCURL matrx_elements RCURL
    (89) expr -> . LCURL RCURL
    (90) expr -> . LCURL matrx_rows RCURL
    (91) expr -> . expr LCURL args RCURL
    (92) expr -> . expr LPAREN args RPAREN
    STRING          shift and go to state 17
    NUMBER          shift and go to state 18
    NAME            shift and go to state 19
    NOT             shift and go to state 22
    MINUS           shift and go to state 20
    PLUS            shift and go to state 21
    AT              shift and go to state 23
    LPAREN          shift and go to state 24
    LSQR            shift and go to state 25
    LCURL           shift and go to state 26

    expr                           shift and go to state 93

state 36

    (55) expr -> expr POWER . expr
    (49) expr -> . STRING
    (50) expr -> . NUMBER
    (51) expr -> . NAME
    (52) expr -> . expr CTRANSPOSE
    (53) expr -> . expr TRANSPOSE
    (54) expr -> . expr MPOWER expr
    (55) expr -> . expr POWER expr
    (56) expr -> . expr LDIVIDE expr
    (57) expr -> . expr RDIVIDE expr
    (58) expr -> . expr TIMES expr
    (59) expr -> . expr MLDIVIDE expr
    (60) expr -> . expr MRDIVIDE expr
    (61) expr -> . expr MTIMES expr
    (62) expr -> . expr MINUS expr
    (63) expr -> . expr PLUS expr
    (64) expr -> . expr NE expr
    (65) expr -> . expr EQ expr
    (66) expr -> . expr GE expr
    (67) expr -> . expr GT expr
    (68) expr -> . expr LE expr
    (69) expr -> . expr LT expr
    (70) expr -> . expr AND expr
    (71) expr -> . expr OR expr
    (72) expr -> . expr ANDAND expr
    (73) expr -> . expr OROR expr
    (74) expr -> . expr COLON expr
    (75) expr -> . NOT expr
    (76) expr -> . MINUS expr
    (77) expr -> . PLUS expr
    (78) expr -> . AT LPAREN args RPAREN expr
    (79) expr -> . expr DOT NAME
    (80) expr -> . expr ELLIPSIS NEWLINE
    (81) expr -> . LPAREN expr RPAREN
    (82) expr -> . expr ASSIGN expr
    (83) expr -> . LSQR matrx_rows matrx_elements RSQR
    (84) expr -> . LSQR matrx_elements RSQR
    (85) expr -> . LSQR RSQR
    (86) expr -> . LSQR matrx_rows RSQR
    (87) expr -> . LCURL matrx_rows matrx_elements RCURL
    (88) expr -> . LCURL matrx_elements RCURL
    (89) expr -> . LCURL RCURL
    (90) expr -> . LCURL matrx_rows RCURL
    (91) expr -> . expr LCURL args RCURL
    (92) expr -> . expr LPAREN args RPAREN
    STRING          shift and go to state 17
    NUMBER          shift and go to state 18
    NAME            shift and go to state 19
    NOT             shift and go to state 22
    MINUS           shift and go to state 20
    PLUS            shift and go to state 21
    AT              shift and go to state 23
    LPAREN          shift and go to state 24
    LSQR            shift and go to state 25
    LCURL           shift and go to state 26

    expr                           shift and go to state 94

state 37

    (56) expr -> expr LDIVIDE . expr
    (49) expr -> . STRING
    (50) expr -> . NUMBER
    (51) expr -> . NAME
    (52) expr -> . expr CTRANSPOSE
    (53) expr -> . expr TRANSPOSE
    (54) expr -> . expr MPOWER expr
    (55) expr -> . expr POWER expr
    (56) expr -> . expr LDIVIDE expr
    (57) expr -> . expr RDIVIDE expr
    (58) expr -> . expr TIMES expr
    (59) expr -> . expr MLDIVIDE expr
    (60) expr -> . expr MRDIVIDE expr
    (61) expr -> . expr MTIMES expr
    (62) expr -> . expr MINUS expr
    (63) expr -> . expr PLUS expr
    (64) expr -> . expr NE expr
    (65) expr -> . expr EQ expr
    (66) expr -> . expr GE expr
    (67) expr -> . expr GT expr
    (68) expr -> . expr LE expr
    (69) expr -> . expr LT expr
    (70) expr -> . expr AND expr
    (71) expr -> . expr OR expr
    (72) expr -> . expr ANDAND expr
    (73) expr -> . expr OROR expr
    (74) expr -> . expr COLON expr
    (75) expr -> . NOT expr
    (76) expr -> . MINUS expr
    (77) expr -> . PLUS expr
    (78) expr -> . AT LPAREN args RPAREN expr
    (79) expr -> . expr DOT NAME
    (80) expr -> . expr ELLIPSIS NEWLINE
    (81) expr -> . LPAREN expr RPAREN
    (82) expr -> . expr ASSIGN expr
    (83) expr -> . LSQR matrx_rows matrx_elements RSQR
    (84) expr -> . LSQR matrx_elements RSQR
    (85) expr -> . LSQR RSQR
    (86) expr -> . LSQR matrx_rows RSQR
    (87) expr -> . LCURL matrx_rows matrx_elements RCURL
    (88) expr -> . LCURL matrx_elements RCURL
    (89) expr -> . LCURL RCURL
    (90) expr -> . LCURL matrx_rows RCURL
    (91) expr -> . expr LCURL args RCURL
    (92) expr -> . expr LPAREN args RPAREN
    STRING          shift and go to state 17
    NUMBER          shift and go to state 18
    NAME            shift and go to state 19
    NOT             shift and go to state 22
    MINUS           shift and go to state 20
    PLUS            shift and go to state 21
    AT              shift and go to state 23
    LPAREN          shift and go to state 24
    LSQR            shift and go to state 25
    LCURL           shift and go to state 26

    expr                           shift and go to state 95

state 38

    (57) expr -> expr RDIVIDE . expr
    (49) expr -> . STRING
    (50) expr -> . NUMBER
    (51) expr -> . NAME
    (52) expr -> . expr CTRANSPOSE
    (53) expr -> . expr TRANSPOSE
    (54) expr -> . expr MPOWER expr
    (55) expr -> . expr POWER expr
    (56) expr -> . expr LDIVIDE expr
    (57) expr -> . expr RDIVIDE expr
    (58) expr -> . expr TIMES expr
    (59) expr -> . expr MLDIVIDE expr
    (60) expr -> . expr MRDIVIDE expr
    (61) expr -> . expr MTIMES expr
    (62) expr -> . expr MINUS expr
    (63) expr -> . expr PLUS expr
    (64) expr -> . expr NE expr
    (65) expr -> . expr EQ expr
    (66) expr -> . expr GE expr
    (67) expr -> . expr GT expr
    (68) expr -> . expr LE expr
    (69) expr -> . expr LT expr
    (70) expr -> . expr AND expr
    (71) expr -> . expr OR expr
    (72) expr -> . expr ANDAND expr
    (73) expr -> . expr OROR expr
    (74) expr -> . expr COLON expr
    (75) expr -> . NOT expr
    (76) expr -> . MINUS expr
    (77) expr -> . PLUS expr
    (78) expr -> . AT LPAREN args RPAREN expr
    (79) expr -> . expr DOT NAME
    (80) expr -> . expr ELLIPSIS NEWLINE
    (81) expr -> . LPAREN expr RPAREN
    (82) expr -> . expr ASSIGN expr
    (83) expr -> . LSQR matrx_rows matrx_elements RSQR
    (84) expr -> . LSQR matrx_elements RSQR
    (85) expr -> . LSQR RSQR
    (86) expr -> . LSQR matrx_rows RSQR
    (87) expr -> . LCURL matrx_rows matrx_elements RCURL
    (88) expr -> . LCURL matrx_elements RCURL
    (89) expr -> . LCURL RCURL
    (90) expr -> . LCURL matrx_rows RCURL
    (91) expr -> . expr LCURL args RCURL
    (92) expr -> . expr LPAREN args RPAREN
    STRING          shift and go to state 17
    NUMBER          shift and go to state 18
    NAME            shift and go to state 19
    NOT             shift and go to state 22
    MINUS           shift and go to state 20
    PLUS            shift and go to state 21
    AT              shift and go to state 23
    LPAREN          shift and go to state 24
    LSQR            shift and go to state 25
    LCURL           shift and go to state 26

    expr                           shift and go to state 96

state 39

    (58) expr -> expr TIMES . expr
    (49) expr -> . STRING
    (50) expr -> . NUMBER
    (51) expr -> . NAME
    (52) expr -> . expr CTRANSPOSE
    (53) expr -> . expr TRANSPOSE
    (54) expr -> . expr MPOWER expr
    (55) expr -> . expr POWER expr
    (56) expr -> . expr LDIVIDE expr
    (57) expr -> . expr RDIVIDE expr
    (58) expr -> . expr TIMES expr
    (59) expr -> . expr MLDIVIDE expr
    (60) expr -> . expr MRDIVIDE expr
    (61) expr -> . expr MTIMES expr
    (62) expr -> . expr MINUS expr
    (63) expr -> . expr PLUS expr
    (64) expr -> . expr NE expr
    (65) expr -> . expr EQ expr
    (66) expr -> . expr GE expr
    (67) expr -> . expr GT expr
    (68) expr -> . expr LE expr
    (69) expr -> . expr LT expr
    (70) expr -> . expr AND expr
    (71) expr -> . expr OR expr
    (72) expr -> . expr ANDAND expr
    (73) expr -> . expr OROR expr
    (74) expr -> . expr COLON expr
    (75) expr -> . NOT expr
    (76) expr -> . MINUS expr
    (77) expr -> . PLUS expr
    (78) expr -> . AT LPAREN args RPAREN expr
    (79) expr -> . expr DOT NAME
    (80) expr -> . expr ELLIPSIS NEWLINE
    (81) expr -> . LPAREN expr RPAREN
    (82) expr -> . expr ASSIGN expr
    (83) expr -> . LSQR matrx_rows matrx_elements RSQR
    (84) expr -> . LSQR matrx_elements RSQR
    (85) expr -> . LSQR RSQR
    (86) expr -> . LSQR matrx_rows RSQR
    (87) expr -> . LCURL matrx_rows matrx_elements RCURL
    (88) expr -> . LCURL matrx_elements RCURL
    (89) expr -> . LCURL RCURL
    (90) expr -> . LCURL matrx_rows RCURL
    (91) expr -> . expr LCURL args RCURL
    (92) expr -> . expr LPAREN args RPAREN
    STRING          shift and go to state 17
    NUMBER          shift and go to state 18
    NAME            shift and go to state 19
    NOT             shift and go to state 22
    MINUS           shift and go to state 20
    PLUS            shift and go to state 21
    AT              shift and go to state 23
    LPAREN          shift and go to state 24
    LSQR            shift and go to state 25
    LCURL           shift and go to state 26

    expr                           shift and go to state 97

state 40

    (59) expr -> expr MLDIVIDE . expr
    (49) expr -> . STRING
    (50) expr -> . NUMBER
    (51) expr -> . NAME
    (52) expr -> . expr CTRANSPOSE
    (53) expr -> . expr TRANSPOSE
    (54) expr -> . expr MPOWER expr
    (55) expr -> . expr POWER expr
    (56) expr -> . expr LDIVIDE expr
    (57) expr -> . expr RDIVIDE expr
    (58) expr -> . expr TIMES expr
    (59) expr -> . expr MLDIVIDE expr
    (60) expr -> . expr MRDIVIDE expr
    (61) expr -> . expr MTIMES expr
    (62) expr -> . expr MINUS expr
    (63) expr -> . expr PLUS expr
    (64) expr -> . expr NE expr
    (65) expr -> . expr EQ expr
    (66) expr -> . expr GE expr
    (67) expr -> . expr GT expr
    (68) expr -> . expr LE expr
    (69) expr -> . expr LT expr
    (70) expr -> . expr AND expr
    (71) expr -> . expr OR expr
    (72) expr -> . expr ANDAND expr
    (73) expr -> . expr OROR expr
    (74) expr -> . expr COLON expr
    (75) expr -> . NOT expr
    (76) expr -> . MINUS expr
    (77) expr -> . PLUS expr
    (78) expr -> . AT LPAREN args RPAREN expr
    (79) expr -> . expr DOT NAME
    (80) expr -> . expr ELLIPSIS NEWLINE
    (81) expr -> . LPAREN expr RPAREN
    (82) expr -> . expr ASSIGN expr
    (83) expr -> . LSQR matrx_rows matrx_elements RSQR
    (84) expr -> . LSQR matrx_elements RSQR
    (85) expr -> . LSQR RSQR
    (86) expr -> . LSQR matrx_rows RSQR
    (87) expr -> . LCURL matrx_rows matrx_elements RCURL
    (88) expr -> . LCURL matrx_elements RCURL
    (89) expr -> . LCURL RCURL
    (90) expr -> . LCURL matrx_rows RCURL
    (91) expr -> . expr LCURL args RCURL
    (92) expr -> . expr LPAREN args RPAREN
    STRING          shift and go to state 17
    NUMBER          shift and go to state 18
    NAME            shift and go to state 19
    NOT             shift and go to state 22
    MINUS           shift and go to state 20
    PLUS            shift and go to state 21
    AT              shift and go to state 23
    LPAREN          shift and go to state 24
    LSQR            shift and go to state 25
    LCURL           shift and go to state 26

    expr                           shift and go to state 98

state 41

    (60) expr -> expr MRDIVIDE . expr
    (49) expr -> . STRING
    (50) expr -> . NUMBER
    (51) expr -> . NAME
    (52) expr -> . expr CTRANSPOSE
    (53) expr -> . expr TRANSPOSE
    (54) expr -> . expr MPOWER expr
    (55) expr -> . expr POWER expr
    (56) expr -> . expr LDIVIDE expr
    (57) expr -> . expr RDIVIDE expr
    (58) expr -> . expr TIMES expr
    (59) expr -> . expr MLDIVIDE expr
    (60) expr -> . expr MRDIVIDE expr
    (61) expr -> . expr MTIMES expr
    (62) expr -> . expr MINUS expr
    (63) expr -> . expr PLUS expr
    (64) expr -> . expr NE expr
    (65) expr -> . expr EQ expr
    (66) expr -> . expr GE expr
    (67) expr -> . expr GT expr
    (68) expr -> . expr LE expr
    (69) expr -> . expr LT expr
    (70) expr -> . expr AND expr
    (71) expr -> . expr OR expr
    (72) expr -> . expr ANDAND expr
    (73) expr -> . expr OROR expr
    (74) expr -> . expr COLON expr
    (75) expr -> . NOT expr
    (76) expr -> . MINUS expr
    (77) expr -> . PLUS expr
    (78) expr -> . AT LPAREN args RPAREN expr
    (79) expr -> . expr DOT NAME
    (80) expr -> . expr ELLIPSIS NEWLINE
    (81) expr -> . LPAREN expr RPAREN
    (82) expr -> . expr ASSIGN expr
    (83) expr -> . LSQR matrx_rows matrx_elements RSQR
    (84) expr -> . LSQR matrx_elements RSQR
    (85) expr -> . LSQR RSQR
    (86) expr -> . LSQR matrx_rows RSQR
    (87) expr -> . LCURL matrx_rows matrx_elements RCURL
    (88) expr -> . LCURL matrx_elements RCURL
    (89) expr -> . LCURL RCURL
    (90) expr -> . LCURL matrx_rows RCURL
    (91) expr -> . expr LCURL args RCURL
    (92) expr -> . expr LPAREN args RPAREN
    STRING          shift and go to state 17
    NUMBER          shift and go to state 18
    NAME            shift and go to state 19
    NOT             shift and go to state 22
    MINUS           shift and go to state 20
    PLUS            shift and go to state 21
    AT              shift and go to state 23
    LPAREN          shift and go to state 24
    LSQR            shift and go to state 25
    LCURL           shift and go to state 26

    expr                           shift and go to state 99

state 42

    (61) expr -> expr MTIMES . expr
    (49) expr -> . STRING
    (50) expr -> . NUMBER
    (51) expr -> . NAME
    (52) expr -> . expr CTRANSPOSE
    (53) expr -> . expr TRANSPOSE
    (54) expr -> . expr MPOWER expr
    (55) expr -> . expr POWER expr
    (56) expr -> . expr LDIVIDE expr
    (57) expr -> . expr RDIVIDE expr
    (58) expr -> . expr TIMES expr
    (59) expr -> . expr MLDIVIDE expr
    (60) expr -> . expr MRDIVIDE expr
    (61) expr -> . expr MTIMES expr
    (62) expr -> . expr MINUS expr
    (63) expr -> . expr PLUS expr
    (64) expr -> . expr NE expr
    (65) expr -> . expr EQ expr
    (66) expr -> . expr GE expr
    (67) expr -> . expr GT expr
    (68) expr -> . expr LE expr
    (69) expr -> . expr LT expr
    (70) expr -> . expr AND expr
    (71) expr -> . expr OR expr
    (72) expr -> . expr ANDAND expr
    (73) expr -> . expr OROR expr
    (74) expr -> . expr COLON expr
    (75) expr -> . NOT expr
    (76) expr -> . MINUS expr
    (77) expr -> . PLUS expr
    (78) expr -> . AT LPAREN args RPAREN expr
    (79) expr -> . expr DOT NAME
    (80) expr -> . expr ELLIPSIS NEWLINE
    (81) expr -> . LPAREN expr RPAREN
    (82) expr -> . expr ASSIGN expr
    (83) expr -> . LSQR matrx_rows matrx_elements RSQR
    (84) expr -> . LSQR matrx_elements RSQR
    (85) expr -> . LSQR RSQR
    (86) expr -> . LSQR matrx_rows RSQR
    (87) expr -> . LCURL matrx_rows matrx_elements RCURL
    (88) expr -> . LCURL matrx_elements RCURL
    (89) expr -> . LCURL RCURL
    (90) expr -> . LCURL matrx_rows RCURL
    (91) expr -> . expr LCURL args RCURL
    (92) expr -> . expr LPAREN args RPAREN
    STRING          shift and go to state 17
    NUMBER          shift and go to state 18
    NAME            shift and go to state 19
    NOT             shift and go to state 22
    MINUS           shift and go to state 20
    PLUS            shift and go to state 21
    AT              shift and go to state 23
    LPAREN          shift and go to state 24
    LSQR            shift and go to state 25
    LCURL           shift and go to state 26

    expr                           shift and go to state 100

state 43

    (62) expr -> expr MINUS . expr
    (49) expr -> . STRING
    (50) expr -> . NUMBER
    (51) expr -> . NAME
    (52) expr -> . expr CTRANSPOSE
    (53) expr -> . expr TRANSPOSE
    (54) expr -> . expr MPOWER expr
    (55) expr -> . expr POWER expr
    (56) expr -> . expr LDIVIDE expr
    (57) expr -> . expr RDIVIDE expr
    (58) expr -> . expr TIMES expr
    (59) expr -> . expr MLDIVIDE expr
    (60) expr -> . expr MRDIVIDE expr
    (61) expr -> . expr MTIMES expr
    (62) expr -> . expr MINUS expr
    (63) expr -> . expr PLUS expr
    (64) expr -> . expr NE expr
    (65) expr -> . expr EQ expr
    (66) expr -> . expr GE expr
    (67) expr -> . expr GT expr
    (68) expr -> . expr LE expr
    (69) expr -> . expr LT expr
    (70) expr -> . expr AND expr
    (71) expr -> . expr OR expr
    (72) expr -> . expr ANDAND expr
    (73) expr -> . expr OROR expr
    (74) expr -> . expr COLON expr
    (75) expr -> . NOT expr
    (76) expr -> . MINUS expr
    (77) expr -> . PLUS expr
    (78) expr -> . AT LPAREN args RPAREN expr
    (79) expr -> . expr DOT NAME
    (80) expr -> . expr ELLIPSIS NEWLINE
    (81) expr -> . LPAREN expr RPAREN
    (82) expr -> . expr ASSIGN expr
    (83) expr -> . LSQR matrx_rows matrx_elements RSQR
    (84) expr -> . LSQR matrx_elements RSQR
    (85) expr -> . LSQR RSQR
    (86) expr -> . LSQR matrx_rows RSQR
    (87) expr -> . LCURL matrx_rows matrx_elements RCURL
    (88) expr -> . LCURL matrx_elements RCURL
    (89) expr -> . LCURL RCURL
    (90) expr -> . LCURL matrx_rows RCURL
    (91) expr -> . expr LCURL args RCURL
    (92) expr -> . expr LPAREN args RPAREN
    STRING          shift and go to state 17
    NUMBER          shift and go to state 18
    NAME            shift and go to state 19
    NOT             shift and go to state 22
    MINUS           shift and go to state 20
    PLUS            shift and go to state 21
    AT              shift and go to state 23
    LPAREN          shift and go to state 24
    LSQR            shift and go to state 25
    LCURL           shift and go to state 26

    expr                           shift and go to state 101

state 44

    (63) expr -> expr PLUS . expr
    (49) expr -> . STRING
    (50) expr -> . NUMBER
    (51) expr -> . NAME
    (52) expr -> . expr CTRANSPOSE
    (53) expr -> . expr TRANSPOSE
    (54) expr -> . expr MPOWER expr
    (55) expr -> . expr POWER expr
    (56) expr -> . expr LDIVIDE expr
    (57) expr -> . expr RDIVIDE expr
    (58) expr -> . expr TIMES expr
    (59) expr -> . expr MLDIVIDE expr
    (60) expr -> . expr MRDIVIDE expr
    (61) expr -> . expr MTIMES expr
    (62) expr -> . expr MINUS expr
    (63) expr -> . expr PLUS expr
    (64) expr -> . expr NE expr
    (65) expr -> . expr EQ expr
    (66) expr -> . expr GE expr
    (67) expr -> . expr GT expr
    (68) expr -> . expr LE expr
    (69) expr -> . expr LT expr
    (70) expr -> . expr AND expr
    (71) expr -> . expr OR expr
    (72) expr -> . expr ANDAND expr
    (73) expr -> . expr OROR expr
    (74) expr -> . expr COLON expr
    (75) expr -> . NOT expr
    (76) expr -> . MINUS expr
    (77) expr -> . PLUS expr
    (78) expr -> . AT LPAREN args RPAREN expr
    (79) expr -> . expr DOT NAME
    (80) expr -> . expr ELLIPSIS NEWLINE
    (81) expr -> . LPAREN expr RPAREN
    (82) expr -> . expr ASSIGN expr
    (83) expr -> . LSQR matrx_rows matrx_elements RSQR
    (84) expr -> . LSQR matrx_elements RSQR
    (85) expr -> . LSQR RSQR
    (86) expr -> . LSQR matrx_rows RSQR
    (87) expr -> . LCURL matrx_rows matrx_elements RCURL
    (88) expr -> . LCURL matrx_elements RCURL
    (89) expr -> . LCURL RCURL
    (90) expr -> . LCURL matrx_rows RCURL
    (91) expr -> . expr LCURL args RCURL
    (92) expr -> . expr LPAREN args RPAREN
    STRING          shift and go to state 17
    NUMBER          shift and go to state 18
    NAME            shift and go to state 19
    NOT             shift and go to state 22
    MINUS           shift and go to state 20
    PLUS            shift and go to state 21
    AT              shift and go to state 23
    LPAREN          shift and go to state 24
    LSQR            shift and go to state 25
    LCURL           shift and go to state 26

    expr                           shift and go to state 102

state 45

    (64) expr -> expr NE . expr
    (49) expr -> . STRING
    (50) expr -> . NUMBER
    (51) expr -> . NAME
    (52) expr -> . expr CTRANSPOSE
    (53) expr -> . expr TRANSPOSE
    (54) expr -> . expr MPOWER expr
    (55) expr -> . expr POWER expr
    (56) expr -> . expr LDIVIDE expr
    (57) expr -> . expr RDIVIDE expr
    (58) expr -> . expr TIMES expr
    (59) expr -> . expr MLDIVIDE expr
    (60) expr -> . expr MRDIVIDE expr
    (61) expr -> . expr MTIMES expr
    (62) expr -> . expr MINUS expr
    (63) expr -> . expr PLUS expr
    (64) expr -> . expr NE expr
    (65) expr -> . expr EQ expr
    (66) expr -> . expr GE expr
    (67) expr -> . expr GT expr
    (68) expr -> . expr LE expr
    (69) expr -> . expr LT expr
    (70) expr -> . expr AND expr
    (71) expr -> . expr OR expr
    (72) expr -> . expr ANDAND expr
    (73) expr -> . expr OROR expr
    (74) expr -> . expr COLON expr
    (75) expr -> . NOT expr
    (76) expr -> . MINUS expr
    (77) expr -> . PLUS expr
    (78) expr -> . AT LPAREN args RPAREN expr
    (79) expr -> . expr DOT NAME
    (80) expr -> . expr ELLIPSIS NEWLINE
    (81) expr -> . LPAREN expr RPAREN
    (82) expr -> . expr ASSIGN expr
    (83) expr -> . LSQR matrx_rows matrx_elements RSQR
    (84) expr -> . LSQR matrx_elements RSQR
    (85) expr -> . LSQR RSQR
    (86) expr -> . LSQR matrx_rows RSQR
    (87) expr -> . LCURL matrx_rows matrx_elements RCURL
    (88) expr -> . LCURL matrx_elements RCURL
    (89) expr -> . LCURL RCURL
    (90) expr -> . LCURL matrx_rows RCURL
    (91) expr -> . expr LCURL args RCURL
    (92) expr -> . expr LPAREN args RPAREN
    STRING          shift and go to state 17
    NUMBER          shift and go to state 18
    NAME            shift and go to state 19
    NOT             shift and go to state 22
    MINUS           shift and go to state 20
    PLUS            shift and go to state 21
    AT              shift and go to state 23
    LPAREN          shift and go to state 24
    LSQR            shift and go to state 25
    LCURL           shift and go to state 26

    expr                           shift and go to state 103

state 46

    (65) expr -> expr EQ . expr
    (49) expr -> . STRING
    (50) expr -> . NUMBER
    (51) expr -> . NAME
    (52) expr -> . expr CTRANSPOSE
    (53) expr -> . expr TRANSPOSE
    (54) expr -> . expr MPOWER expr
    (55) expr -> . expr POWER expr
    (56) expr -> . expr LDIVIDE expr
    (57) expr -> . expr RDIVIDE expr
    (58) expr -> . expr TIMES expr
    (59) expr -> . expr MLDIVIDE expr
    (60) expr -> . expr MRDIVIDE expr
    (61) expr -> . expr MTIMES expr
    (62) expr -> . expr MINUS expr
    (63) expr -> . expr PLUS expr
    (64) expr -> . expr NE expr
    (65) expr -> . expr EQ expr
    (66) expr -> . expr GE expr
    (67) expr -> . expr GT expr
    (68) expr -> . expr LE expr
    (69) expr -> . expr LT expr
    (70) expr -> . expr AND expr
    (71) expr -> . expr OR expr
    (72) expr -> . expr ANDAND expr
    (73) expr -> . expr OROR expr
    (74) expr -> . expr COLON expr
    (75) expr -> . NOT expr
    (76) expr -> . MINUS expr
    (77) expr -> . PLUS expr
    (78) expr -> . AT LPAREN args RPAREN expr
    (79) expr -> . expr DOT NAME
    (80) expr -> . expr ELLIPSIS NEWLINE
    (81) expr -> . LPAREN expr RPAREN
    (82) expr -> . expr ASSIGN expr
    (83) expr -> . LSQR matrx_rows matrx_elements RSQR
    (84) expr -> . LSQR matrx_elements RSQR
    (85) expr -> . LSQR RSQR
    (86) expr -> . LSQR matrx_rows RSQR
    (87) expr -> . LCURL matrx_rows matrx_elements RCURL
    (88) expr -> . LCURL matrx_elements RCURL
    (89) expr -> . LCURL RCURL
    (90) expr -> . LCURL matrx_rows RCURL
    (91) expr -> . expr LCURL args RCURL
    (92) expr -> . expr LPAREN args RPAREN
    STRING          shift and go to state 17
    NUMBER          shift and go to state 18
    NAME            shift and go to state 19
    NOT             shift and go to state 22
    MINUS           shift and go to state 20
    PLUS            shift and go to state 21
    AT              shift and go to state 23
    LPAREN          shift and go to state 24
    LSQR            shift and go to state 25
    LCURL           shift and go to state 26

    expr                           shift and go to state 104

state 47

    (66) expr -> expr GE . expr
    (49) expr -> . STRING
    (50) expr -> . NUMBER
    (51) expr -> . NAME
    (52) expr -> . expr CTRANSPOSE
    (53) expr -> . expr TRANSPOSE
    (54) expr -> . expr MPOWER expr
    (55) expr -> . expr POWER expr
    (56) expr -> . expr LDIVIDE expr
    (57) expr -> . expr RDIVIDE expr
    (58) expr -> . expr TIMES expr
    (59) expr -> . expr MLDIVIDE expr
    (60) expr -> . expr MRDIVIDE expr
    (61) expr -> . expr MTIMES expr
    (62) expr -> . expr MINUS expr
    (63) expr -> . expr PLUS expr
    (64) expr -> . expr NE expr
    (65) expr -> . expr EQ expr
    (66) expr -> . expr GE expr
    (67) expr -> . expr GT expr
    (68) expr -> . expr LE expr
    (69) expr -> . expr LT expr
    (70) expr -> . expr AND expr
    (71) expr -> . expr OR expr
    (72) expr -> . expr ANDAND expr
    (73) expr -> . expr OROR expr
    (74) expr -> . expr COLON expr
    (75) expr -> . NOT expr
    (76) expr -> . MINUS expr
    (77) expr -> . PLUS expr
    (78) expr -> . AT LPAREN args RPAREN expr
    (79) expr -> . expr DOT NAME
    (80) expr -> . expr ELLIPSIS NEWLINE
    (81) expr -> . LPAREN expr RPAREN
    (82) expr -> . expr ASSIGN expr
    (83) expr -> . LSQR matrx_rows matrx_elements RSQR
    (84) expr -> . LSQR matrx_elements RSQR
    (85) expr -> . LSQR RSQR
    (86) expr -> . LSQR matrx_rows RSQR
    (87) expr -> . LCURL matrx_rows matrx_elements RCURL
    (88) expr -> . LCURL matrx_elements RCURL
    (89) expr -> . LCURL RCURL
    (90) expr -> . LCURL matrx_rows RCURL
    (91) expr -> . expr LCURL args RCURL
    (92) expr -> . expr LPAREN args RPAREN
    STRING          shift and go to state 17
    NUMBER          shift and go to state 18
    NAME            shift and go to state 19
    NOT             shift and go to state 22
    MINUS           shift and go to state 20
    PLUS            shift and go to state 21
    AT              shift and go to state 23
    LPAREN          shift and go to state 24
    LSQR            shift and go to state 25
    LCURL           shift and go to state 26

    expr                           shift and go to state 105

state 48

    (67) expr -> expr GT . expr
    (49) expr -> . STRING
    (50) expr -> . NUMBER
    (51) expr -> . NAME
    (52) expr -> . expr CTRANSPOSE
    (53) expr -> . expr TRANSPOSE
    (54) expr -> . expr MPOWER expr
    (55) expr -> . expr POWER expr
    (56) expr -> . expr LDIVIDE expr
    (57) expr -> . expr RDIVIDE expr
    (58) expr -> . expr TIMES expr
    (59) expr -> . expr MLDIVIDE expr
    (60) expr -> . expr MRDIVIDE expr
    (61) expr -> . expr MTIMES expr
    (62) expr -> . expr MINUS expr
    (63) expr -> . expr PLUS expr
    (64) expr -> . expr NE expr
    (65) expr -> . expr EQ expr
    (66) expr -> . expr GE expr
    (67) expr -> . expr GT expr
    (68) expr -> . expr LE expr
    (69) expr -> . expr LT expr
    (70) expr -> . expr AND expr
    (71) expr -> . expr OR expr
    (72) expr -> . expr ANDAND expr
    (73) expr -> . expr OROR expr
    (74) expr -> . expr COLON expr
    (75) expr -> . NOT expr
    (76) expr -> . MINUS expr
    (77) expr -> . PLUS expr
    (78) expr -> . AT LPAREN args RPAREN expr
    (79) expr -> . expr DOT NAME
    (80) expr -> . expr ELLIPSIS NEWLINE
    (81) expr -> . LPAREN expr RPAREN
    (82) expr -> . expr ASSIGN expr
    (83) expr -> . LSQR matrx_rows matrx_elements RSQR
    (84) expr -> . LSQR matrx_elements RSQR
    (85) expr -> . LSQR RSQR
    (86) expr -> . LSQR matrx_rows RSQR
    (87) expr -> . LCURL matrx_rows matrx_elements RCURL
    (88) expr -> . LCURL matrx_elements RCURL
    (89) expr -> . LCURL RCURL
    (90) expr -> . LCURL matrx_rows RCURL
    (91) expr -> . expr LCURL args RCURL
    (92) expr -> . expr LPAREN args RPAREN
    STRING          shift and go to state 17
    NUMBER          shift and go to state 18
    NAME            shift and go to state 19
    NOT             shift and go to state 22
    MINUS           shift and go to state 20
    PLUS            shift and go to state 21
    AT              shift and go to state 23
    LPAREN          shift and go to state 24
    LSQR            shift and go to state 25
    LCURL           shift and go to state 26

    expr                           shift and go to state 106

state 49

    (68) expr -> expr LE . expr
    (49) expr -> . STRING
    (50) expr -> . NUMBER
    (51) expr -> . NAME
    (52) expr -> . expr CTRANSPOSE
    (53) expr -> . expr TRANSPOSE
    (54) expr -> . expr MPOWER expr
    (55) expr -> . expr POWER expr
    (56) expr -> . expr LDIVIDE expr
    (57) expr -> . expr RDIVIDE expr
    (58) expr -> . expr TIMES expr
    (59) expr -> . expr MLDIVIDE expr
    (60) expr -> . expr MRDIVIDE expr
    (61) expr -> . expr MTIMES expr
    (62) expr -> . expr MINUS expr
    (63) expr -> . expr PLUS expr
    (64) expr -> . expr NE expr
    (65) expr -> . expr EQ expr
    (66) expr -> . expr GE expr
    (67) expr -> . expr GT expr
    (68) expr -> . expr LE expr
    (69) expr -> . expr LT expr
    (70) expr -> . expr AND expr
    (71) expr -> . expr OR expr
    (72) expr -> . expr ANDAND expr
    (73) expr -> . expr OROR expr
    (74) expr -> . expr COLON expr
    (75) expr -> . NOT expr
    (76) expr -> . MINUS expr
    (77) expr -> . PLUS expr
    (78) expr -> . AT LPAREN args RPAREN expr
    (79) expr -> . expr DOT NAME
    (80) expr -> . expr ELLIPSIS NEWLINE
    (81) expr -> . LPAREN expr RPAREN
    (82) expr -> . expr ASSIGN expr
    (83) expr -> . LSQR matrx_rows matrx_elements RSQR
    (84) expr -> . LSQR matrx_elements RSQR
    (85) expr -> . LSQR RSQR
    (86) expr -> . LSQR matrx_rows RSQR
    (87) expr -> . LCURL matrx_rows matrx_elements RCURL
    (88) expr -> . LCURL matrx_elements RCURL
    (89) expr -> . LCURL RCURL
    (90) expr -> . LCURL matrx_rows RCURL
    (91) expr -> . expr LCURL args RCURL
    (92) expr -> . expr LPAREN args RPAREN
    STRING          shift and go to state 17
    NUMBER          shift and go to state 18
    NAME            shift and go to state 19
    NOT             shift and go to state 22
    MINUS           shift and go to state 20
    PLUS            shift and go to state 21
    AT              shift and go to state 23
    LPAREN          shift and go to state 24
    LSQR            shift and go to state 25
    LCURL           shift and go to state 26

    expr                           shift and go to state 107

state 50

    (69) expr -> expr LT . expr
    (49) expr -> . STRING
    (50) expr -> . NUMBER
    (51) expr -> . NAME
    (52) expr -> . expr CTRANSPOSE
    (53) expr -> . expr TRANSPOSE
    (54) expr -> . expr MPOWER expr
    (55) expr -> . expr POWER expr
    (56) expr -> . expr LDIVIDE expr
    (57) expr -> . expr RDIVIDE expr
    (58) expr -> . expr TIMES expr
    (59) expr -> . expr MLDIVIDE expr
    (60) expr -> . expr MRDIVIDE expr
    (61) expr -> . expr MTIMES expr
    (62) expr -> . expr MINUS expr
    (63) expr -> . expr PLUS expr
    (64) expr -> . expr NE expr
    (65) expr -> . expr EQ expr
    (66) expr -> . expr GE expr
    (67) expr -> . expr GT expr
    (68) expr -> . expr LE expr
    (69) expr -> . expr LT expr
    (70) expr -> . expr AND expr
    (71) expr -> . expr OR expr
    (72) expr -> . expr ANDAND expr
    (73) expr -> . expr OROR expr
    (74) expr -> . expr COLON expr
    (75) expr -> . NOT expr
    (76) expr -> . MINUS expr
    (77) expr -> . PLUS expr
    (78) expr -> . AT LPAREN args RPAREN expr
    (79) expr -> . expr DOT NAME
    (80) expr -> . expr ELLIPSIS NEWLINE
    (81) expr -> . LPAREN expr RPAREN
    (82) expr -> . expr ASSIGN expr
    (83) expr -> . LSQR matrx_rows matrx_elements RSQR
    (84) expr -> . LSQR matrx_elements RSQR
    (85) expr -> . LSQR RSQR
    (86) expr -> . LSQR matrx_rows RSQR
    (87) expr -> . LCURL matrx_rows matrx_elements RCURL
    (88) expr -> . LCURL matrx_elements RCURL
    (89) expr -> . LCURL RCURL
    (90) expr -> . LCURL matrx_rows RCURL
    (91) expr -> . expr LCURL args RCURL
    (92) expr -> . expr LPAREN args RPAREN
    STRING          shift and go to state 17
    NUMBER          shift and go to state 18
    NAME            shift and go to state 19
    NOT             shift and go to state 22
    MINUS           shift and go to state 20
    PLUS            shift and go to state 21
    AT              shift and go to state 23
    LPAREN          shift and go to state 24
    LSQR            shift and go to state 25
    LCURL           shift and go to state 26

    expr                           shift and go to state 108

state 51

    (70) expr -> expr AND . expr
    (49) expr -> . STRING
    (50) expr -> . NUMBER
    (51) expr -> . NAME
    (52) expr -> . expr CTRANSPOSE
    (53) expr -> . expr TRANSPOSE
    (54) expr -> . expr MPOWER expr
    (55) expr -> . expr POWER expr
    (56) expr -> . expr LDIVIDE expr
    (57) expr -> . expr RDIVIDE expr
    (58) expr -> . expr TIMES expr
    (59) expr -> . expr MLDIVIDE expr
    (60) expr -> . expr MRDIVIDE expr
    (61) expr -> . expr MTIMES expr
    (62) expr -> . expr MINUS expr
    (63) expr -> . expr PLUS expr
    (64) expr -> . expr NE expr
    (65) expr -> . expr EQ expr
    (66) expr -> . expr GE expr
    (67) expr -> . expr GT expr
    (68) expr -> . expr LE expr
    (69) expr -> . expr LT expr
    (70) expr -> . expr AND expr
    (71) expr -> . expr OR expr
    (72) expr -> . expr ANDAND expr
    (73) expr -> . expr OROR expr
    (74) expr -> . expr COLON expr
    (75) expr -> . NOT expr
    (76) expr -> . MINUS expr
    (77) expr -> . PLUS expr
    (78) expr -> . AT LPAREN args RPAREN expr
    (79) expr -> . expr DOT NAME
    (80) expr -> . expr ELLIPSIS NEWLINE
    (81) expr -> . LPAREN expr RPAREN
    (82) expr -> . expr ASSIGN expr
    (83) expr -> . LSQR matrx_rows matrx_elements RSQR
    (84) expr -> . LSQR matrx_elements RSQR
    (85) expr -> . LSQR RSQR
    (86) expr -> . LSQR matrx_rows RSQR
    (87) expr -> . LCURL matrx_rows matrx_elements RCURL
    (88) expr -> . LCURL matrx_elements RCURL
    (89) expr -> . LCURL RCURL
    (90) expr -> . LCURL matrx_rows RCURL
    (91) expr -> . expr LCURL args RCURL
    (92) expr -> . expr LPAREN args RPAREN
    STRING          shift and go to state 17
    NUMBER          shift and go to state 18
    NAME            shift and go to state 19
    NOT             shift and go to state 22
    MINUS           shift and go to state 20
    PLUS            shift and go to state 21
    AT              shift and go to state 23
    LPAREN          shift and go to state 24
    LSQR            shift and go to state 25
    LCURL           shift and go to state 26

    expr                           shift and go to state 109

state 52

    (71) expr -> expr OR . expr
    (49) expr -> . STRING
    (50) expr -> . NUMBER
    (51) expr -> . NAME
    (52) expr -> . expr CTRANSPOSE
    (53) expr -> . expr TRANSPOSE
    (54) expr -> . expr MPOWER expr
    (55) expr -> . expr POWER expr
    (56) expr -> . expr LDIVIDE expr
    (57) expr -> . expr RDIVIDE expr
    (58) expr -> . expr TIMES expr
    (59) expr -> . expr MLDIVIDE expr
    (60) expr -> . expr MRDIVIDE expr
    (61) expr -> . expr MTIMES expr
    (62) expr -> . expr MINUS expr
    (63) expr -> . expr PLUS expr
    (64) expr -> . expr NE expr
    (65) expr -> . expr EQ expr
    (66) expr -> . expr GE expr
    (67) expr -> . expr GT expr
    (68) expr -> . expr LE expr
    (69) expr -> . expr LT expr
    (70) expr -> . expr AND expr
    (71) expr -> . expr OR expr
    (72) expr -> . expr ANDAND expr
    (73) expr -> . expr OROR expr
    (74) expr -> . expr COLON expr
    (75) expr -> . NOT expr
    (76) expr -> . MINUS expr
    (77) expr -> . PLUS expr
    (78) expr -> . AT LPAREN args RPAREN expr
    (79) expr -> . expr DOT NAME
    (80) expr -> . expr ELLIPSIS NEWLINE
    (81) expr -> . LPAREN expr RPAREN
    (82) expr -> . expr ASSIGN expr
    (83) expr -> . LSQR matrx_rows matrx_elements RSQR
    (84) expr -> . LSQR matrx_elements RSQR
    (85) expr -> . LSQR RSQR
    (86) expr -> . LSQR matrx_rows RSQR
    (87) expr -> . LCURL matrx_rows matrx_elements RCURL
    (88) expr -> . LCURL matrx_elements RCURL
    (89) expr -> . LCURL RCURL
    (90) expr -> . LCURL matrx_rows RCURL
    (91) expr -> . expr LCURL args RCURL
    (92) expr -> . expr LPAREN args RPAREN
    STRING          shift and go to state 17
    NUMBER          shift and go to state 18
    NAME            shift and go to state 19
    NOT             shift and go to state 22
    MINUS           shift and go to state 20
    PLUS            shift and go to state 21
    AT              shift and go to state 23
    LPAREN          shift and go to state 24
    LSQR            shift and go to state 25
    LCURL           shift and go to state 26

    expr                           shift and go to state 110

state 53

    (72) expr -> expr ANDAND . expr
    (49) expr -> . STRING
    (50) expr -> . NUMBER
    (51) expr -> . NAME
    (52) expr -> . expr CTRANSPOSE
    (53) expr -> . expr TRANSPOSE
    (54) expr -> . expr MPOWER expr
    (55) expr -> . expr POWER expr
    (56) expr -> . expr LDIVIDE expr
    (57) expr -> . expr RDIVIDE expr
    (58) expr -> . expr TIMES expr
    (59) expr -> . expr MLDIVIDE expr
    (60) expr -> . expr MRDIVIDE expr
    (61) expr -> . expr MTIMES expr
    (62) expr -> . expr MINUS expr
    (63) expr -> . expr PLUS expr
    (64) expr -> . expr NE expr
    (65) expr -> . expr EQ expr
    (66) expr -> . expr GE expr
    (67) expr -> . expr GT expr
    (68) expr -> . expr LE expr
    (69) expr -> . expr LT expr
    (70) expr -> . expr AND expr
    (71) expr -> . expr OR expr
    (72) expr -> . expr ANDAND expr
    (73) expr -> . expr OROR expr
    (74) expr -> . expr COLON expr
    (75) expr -> . NOT expr
    (76) expr -> . MINUS expr
    (77) expr -> . PLUS expr
    (78) expr -> . AT LPAREN args RPAREN expr
    (79) expr -> . expr DOT NAME
    (80) expr -> . expr ELLIPSIS NEWLINE
    (81) expr -> . LPAREN expr RPAREN
    (82) expr -> . expr ASSIGN expr
    (83) expr -> . LSQR matrx_rows matrx_elements RSQR
    (84) expr -> . LSQR matrx_elements RSQR
    (85) expr -> . LSQR RSQR
    (86) expr -> . LSQR matrx_rows RSQR
    (87) expr -> . LCURL matrx_rows matrx_elements RCURL
    (88) expr -> . LCURL matrx_elements RCURL
    (89) expr -> . LCURL RCURL
    (90) expr -> . LCURL matrx_rows RCURL
    (91) expr -> . expr LCURL args RCURL
    (92) expr -> . expr LPAREN args RPAREN
    STRING          shift and go to state 17
    NUMBER          shift and go to state 18
    NAME            shift and go to state 19
    NOT             shift and go to state 22
    MINUS           shift and go to state 20
    PLUS            shift and go to state 21
    AT              shift and go to state 23
    LPAREN          shift and go to state 24
    LSQR            shift and go to state 25
    LCURL           shift and go to state 26

    expr                           shift and go to state 111

state 54

    (73) expr -> expr OROR . expr
    (49) expr -> . STRING
    (50) expr -> . NUMBER
    (51) expr -> . NAME
    (52) expr -> . expr CTRANSPOSE
    (53) expr -> . expr TRANSPOSE
    (54) expr -> . expr MPOWER expr
    (55) expr -> . expr POWER expr
    (56) expr -> . expr LDIVIDE expr
    (57) expr -> . expr RDIVIDE expr
    (58) expr -> . expr TIMES expr
    (59) expr -> . expr MLDIVIDE expr
    (60) expr -> . expr MRDIVIDE expr
    (61) expr -> . expr MTIMES expr
    (62) expr -> . expr MINUS expr
    (63) expr -> . expr PLUS expr
    (64) expr -> . expr NE expr
    (65) expr -> . expr EQ expr
    (66) expr -> . expr GE expr
    (67) expr -> . expr GT expr
    (68) expr -> . expr LE expr
    (69) expr -> . expr LT expr
    (70) expr -> . expr AND expr
    (71) expr -> . expr OR expr
    (72) expr -> . expr ANDAND expr
    (73) expr -> . expr OROR expr
    (74) expr -> . expr COLON expr
    (75) expr -> . NOT expr
    (76) expr -> . MINUS expr
    (77) expr -> . PLUS expr
    (78) expr -> . AT LPAREN args RPAREN expr
    (79) expr -> . expr DOT NAME
    (80) expr -> . expr ELLIPSIS NEWLINE
    (81) expr -> . LPAREN expr RPAREN
    (82) expr -> . expr ASSIGN expr
    (83) expr -> . LSQR matrx_rows matrx_elements RSQR
    (84) expr -> . LSQR matrx_elements RSQR
    (85) expr -> . LSQR RSQR
    (86) expr -> . LSQR matrx_rows RSQR
    (87) expr -> . LCURL matrx_rows matrx_elements RCURL
    (88) expr -> . LCURL matrx_elements RCURL
    (89) expr -> . LCURL RCURL
    (90) expr -> . LCURL matrx_rows RCURL
    (91) expr -> . expr LCURL args RCURL
    (92) expr -> . expr LPAREN args RPAREN
    STRING          shift and go to state 17
    NUMBER          shift and go to state 18
    NAME            shift and go to state 19
    NOT             shift and go to state 22
    MINUS           shift and go to state 20
    PLUS            shift and go to state 21
    AT              shift and go to state 23
    LPAREN          shift and go to state 24
    LSQR            shift and go to state 25
    LCURL           shift and go to state 26

    expr                           shift and go to state 112

state 55

    (74) expr -> expr COLON . expr
    (49) expr -> . STRING
    (50) expr -> . NUMBER
    (51) expr -> . NAME
    (52) expr -> . expr CTRANSPOSE
    (53) expr -> . expr TRANSPOSE
    (54) expr -> . expr MPOWER expr
    (55) expr -> . expr POWER expr
    (56) expr -> . expr LDIVIDE expr
    (57) expr -> . expr RDIVIDE expr
    (58) expr -> . expr TIMES expr
    (59) expr -> . expr MLDIVIDE expr
    (60) expr -> . expr MRDIVIDE expr
    (61) expr -> . expr MTIMES expr
    (62) expr -> . expr MINUS expr
    (63) expr -> . expr PLUS expr
    (64) expr -> . expr NE expr
    (65) expr -> . expr EQ expr
    (66) expr -> . expr GE expr
    (67) expr -> . expr GT expr
    (68) expr -> . expr LE expr
    (69) expr -> . expr LT expr
    (70) expr -> . expr AND expr
    (71) expr -> . expr OR expr
    (72) expr -> . expr ANDAND expr
    (73) expr -> . expr OROR expr
    (74) expr -> . expr COLON expr
    (75) expr -> . NOT expr
    (76) expr -> . MINUS expr
    (77) expr -> . PLUS expr
    (78) expr -> . AT LPAREN args RPAREN expr
    (79) expr -> . expr DOT NAME
    (80) expr -> . expr ELLIPSIS NEWLINE
    (81) expr -> . LPAREN expr RPAREN
    (82) expr -> . expr ASSIGN expr
    (83) expr -> . LSQR matrx_rows matrx_elements RSQR
    (84) expr -> . LSQR matrx_elements RSQR
    (85) expr -> . LSQR RSQR
    (86) expr -> . LSQR matrx_rows RSQR
    (87) expr -> . LCURL matrx_rows matrx_elements RCURL
    (88) expr -> . LCURL matrx_elements RCURL
    (89) expr -> . LCURL RCURL
    (90) expr -> . LCURL matrx_rows RCURL
    (91) expr -> . expr LCURL args RCURL
    (92) expr -> . expr LPAREN args RPAREN
    STRING          shift and go to state 17
    NUMBER          shift and go to state 18
    NAME            shift and go to state 19
    NOT             shift and go to state 22
    MINUS           shift and go to state 20
    PLUS            shift and go to state 21
    AT              shift and go to state 23
    LPAREN          shift and go to state 24
    LSQR            shift and go to state 25
    LCURL           shift and go to state 26

    expr                           shift and go to state 113

state 56

    (79) expr -> expr DOT . NAME
    NAME            shift and go to state 114


state 57

    (80) expr -> expr ELLIPSIS . NEWLINE
    NEWLINE         shift and go to state 115


state 58

    (82) expr -> expr ASSIGN . expr
    (49) expr -> . STRING
    (50) expr -> . NUMBER
    (51) expr -> . NAME
    (52) expr -> . expr CTRANSPOSE
    (53) expr -> . expr TRANSPOSE
    (54) expr -> . expr MPOWER expr
    (55) expr -> . expr POWER expr
    (56) expr -> . expr LDIVIDE expr
    (57) expr -> . expr RDIVIDE expr
    (58) expr -> . expr TIMES expr
    (59) expr -> . expr MLDIVIDE expr
    (60) expr -> . expr MRDIVIDE expr
    (61) expr -> . expr MTIMES expr
    (62) expr -> . expr MINUS expr
    (63) expr -> . expr PLUS expr
    (64) expr -> . expr NE expr
    (65) expr -> . expr EQ expr
    (66) expr -> . expr GE expr
    (67) expr -> . expr GT expr
    (68) expr -> . expr LE expr
    (69) expr -> . expr LT expr
    (70) expr -> . expr AND expr
    (71) expr -> . expr OR expr
    (72) expr -> . expr ANDAND expr
    (73) expr -> . expr OROR expr
    (74) expr -> . expr COLON expr
    (75) expr -> . NOT expr
    (76) expr -> . MINUS expr
    (77) expr -> . PLUS expr
    (78) expr -> . AT LPAREN args RPAREN expr
    (79) expr -> . expr DOT NAME
    (80) expr -> . expr ELLIPSIS NEWLINE
    (81) expr -> . LPAREN expr RPAREN
    (82) expr -> . expr ASSIGN expr
    (83) expr -> . LSQR matrx_rows matrx_elements RSQR
    (84) expr -> . LSQR matrx_elements RSQR
    (85) expr -> . LSQR RSQR
    (86) expr -> . LSQR matrx_rows RSQR
    (87) expr -> . LCURL matrx_rows matrx_elements RCURL
    (88) expr -> . LCURL matrx_elements RCURL
    (89) expr -> . LCURL RCURL
    (90) expr -> . LCURL matrx_rows RCURL
    (91) expr -> . expr LCURL args RCURL
    (92) expr -> . expr LPAREN args RPAREN
    STRING          shift and go to state 17
    NUMBER          shift and go to state 18
    NAME            shift and go to state 19
    NOT             shift and go to state 22
    MINUS           shift and go to state 20
    PLUS            shift and go to state 21
    AT              shift and go to state 23
    LPAREN          shift and go to state 24
    LSQR            shift and go to state 25
    LCURL           shift and go to state 26

    expr                           shift and go to state 116

state 59

    (91) expr -> expr LCURL . args RCURL
    (93) args -> . expr
    (94) args -> . expr COMMA expr
    (95) args -> . args COMMA expr
    (49) expr -> . STRING
    (50) expr -> . NUMBER
    (51) expr -> . NAME
    (52) expr -> . expr CTRANSPOSE
    (53) expr -> . expr TRANSPOSE
    (54) expr -> . expr MPOWER expr
    (55) expr -> . expr POWER expr
    (56) expr -> . expr LDIVIDE expr
    (57) expr -> . expr RDIVIDE expr
    (58) expr -> . expr TIMES expr
    (59) expr -> . expr MLDIVIDE expr
    (60) expr -> . expr MRDIVIDE expr
    (61) expr -> . expr MTIMES expr
    (62) expr -> . expr MINUS expr
    (63) expr -> . expr PLUS expr
    (64) expr -> . expr NE expr
    (65) expr -> . expr EQ expr
    (66) expr -> . expr GE expr
    (67) expr -> . expr GT expr
    (68) expr -> . expr LE expr
    (69) expr -> . expr LT expr
    (70) expr -> . expr AND expr
    (71) expr -> . expr OR expr
    (72) expr -> . expr ANDAND expr
    (73) expr -> . expr OROR expr
    (74) expr -> . expr COLON expr
    (75) expr -> . NOT expr
    (76) expr -> . MINUS expr
    (77) expr -> . PLUS expr
    (78) expr -> . AT LPAREN args RPAREN expr
    (79) expr -> . expr DOT NAME
    (80) expr -> . expr ELLIPSIS NEWLINE
    (81) expr -> . LPAREN expr RPAREN
    (82) expr -> . expr ASSIGN expr
    (83) expr -> . LSQR matrx_rows matrx_elements RSQR
    (84) expr -> . LSQR matrx_elements RSQR
    (85) expr -> . LSQR RSQR
    (86) expr -> . LSQR matrx_rows RSQR
    (87) expr -> . LCURL matrx_rows matrx_elements RCURL
    (88) expr -> . LCURL matrx_elements RCURL
    (89) expr -> . LCURL RCURL
    (90) expr -> . LCURL matrx_rows RCURL
    (91) expr -> . expr LCURL args RCURL
    (92) expr -> . expr LPAREN args RPAREN
    STRING          shift and go to state 17
    NUMBER          shift and go to state 18
    NAME            shift and go to state 19
    NOT             shift and go to state 22
    MINUS           shift and go to state 20
    PLUS            shift and go to state 21
    AT              shift and go to state 23
    LPAREN          shift and go to state 24
    LSQR            shift and go to state 25
    LCURL           shift and go to state 26

    expr                           shift and go to state 117
    args                           shift and go to state 118

state 60

    (92) expr -> expr LPAREN . args RPAREN
    (93) args -> . expr
    (94) args -> . expr COMMA expr
    (95) args -> . args COMMA expr
    (49) expr -> . STRING
    (50) expr -> . NUMBER
    (51) expr -> . NAME
    (52) expr -> . expr CTRANSPOSE
    (53) expr -> . expr TRANSPOSE
    (54) expr -> . expr MPOWER expr
    (55) expr -> . expr POWER expr
    (56) expr -> . expr LDIVIDE expr
    (57) expr -> . expr RDIVIDE expr
    (58) expr -> . expr TIMES expr
    (59) expr -> . expr MLDIVIDE expr
    (60) expr -> . expr MRDIVIDE expr
    (61) expr -> . expr MTIMES expr
    (62) expr -> . expr MINUS expr
    (63) expr -> . expr PLUS expr
    (64) expr -> . expr NE expr
    (65) expr -> . expr EQ expr
    (66) expr -> . expr GE expr
    (67) expr -> . expr GT expr
    (68) expr -> . expr LE expr
    (69) expr -> . expr LT expr
    (70) expr -> . expr AND expr
    (71) expr -> . expr OR expr
    (72) expr -> . expr ANDAND expr
    (73) expr -> . expr OROR expr
    (74) expr -> . expr COLON expr
    (75) expr -> . NOT expr
    (76) expr -> . MINUS expr
    (77) expr -> . PLUS expr
    (78) expr -> . AT LPAREN args RPAREN expr
    (79) expr -> . expr DOT NAME
    (80) expr -> . expr ELLIPSIS NEWLINE
    (81) expr -> . LPAREN expr RPAREN
    (82) expr -> . expr ASSIGN expr
    (83) expr -> . LSQR matrx_rows matrx_elements RSQR
    (84) expr -> . LSQR matrx_elements RSQR
    (85) expr -> . LSQR RSQR
    (86) expr -> . LSQR matrx_rows RSQR
    (87) expr -> . LCURL matrx_rows matrx_elements RCURL
    (88) expr -> . LCURL matrx_elements RCURL
    (89) expr -> . LCURL RCURL
    (90) expr -> . LCURL matrx_rows RCURL
    (91) expr -> . expr LCURL args RCURL
    (92) expr -> . expr LPAREN args RPAREN
    STRING          shift and go to state 17
    NUMBER          shift and go to state 18
    NAME            shift and go to state 19
    NOT             shift and go to state 22
    MINUS           shift and go to state 20
    PLUS            shift and go to state 21
    AT              shift and go to state 23
    LPAREN          shift and go to state 24
    LSQR            shift and go to state 25
    LCURL           shift and go to state 26

    expr                           shift and go to state 117
    args                           shift and go to state 119

state 61

    (10) statement -> switch_block OTHERWISE . NEWLINE code_block END SEMICOLON
    (11) statement -> switch_block OTHERWISE . SEMICOLON code_block END SEMICOLON
    (12) statement -> switch_block OTHERWISE . NEWLINE code_block END NEWLINE
    (13) statement -> switch_block OTHERWISE . SEMICOLON code_block END NEWLINE
    NEWLINE         shift and go to state 120
    SEMICOLON       shift and go to state 121


state 62

    (14) statement -> switch_block END . NEWLINE
    NEWLINE         shift and go to state 122


state 63

    (47) switch_block -> switch_block CASE . expr code_block
    (48) switch_block -> switch_block CASE . statement code_block
    (49) expr -> . STRING
    (50) expr -> . NUMBER
    (51) expr -> . NAME
    (52) expr -> . expr CTRANSPOSE
    (53) expr -> . expr TRANSPOSE
    (54) expr -> . expr MPOWER expr
    (55) expr -> . expr POWER expr
    (56) expr -> . expr LDIVIDE expr
    (57) expr -> . expr RDIVIDE expr
    (58) expr -> . expr TIMES expr
    (59) expr -> . expr MLDIVIDE expr
    (60) expr -> . expr MRDIVIDE expr
    (61) expr -> . expr MTIMES expr
    (62) expr -> . expr MINUS expr
    (63) expr -> . expr PLUS expr
    (64) expr -> . expr NE expr
    (65) expr -> . expr EQ expr
    (66) expr -> . expr GE expr
    (67) expr -> . expr GT expr
    (68) expr -> . expr LE expr
    (69) expr -> . expr LT expr
    (70) expr -> . expr AND expr
    (71) expr -> . expr OR expr
    (72) expr -> . expr ANDAND expr
    (73) expr -> . expr OROR expr
    (74) expr -> . expr COLON expr
    (75) expr -> . NOT expr
    (76) expr -> . MINUS expr
    (77) expr -> . PLUS expr
    (78) expr -> . AT LPAREN args RPAREN expr
    (79) expr -> . expr DOT NAME
    (80) expr -> . expr ELLIPSIS NEWLINE
    (81) expr -> . LPAREN expr RPAREN
    (82) expr -> . expr ASSIGN expr
    (83) expr -> . LSQR matrx_rows matrx_elements RSQR
    (84) expr -> . LSQR matrx_elements RSQR
    (85) expr -> . LSQR RSQR
    (86) expr -> . LSQR matrx_rows RSQR
    (87) expr -> . LCURL matrx_rows matrx_elements RCURL
    (88) expr -> . LCURL matrx_elements RCURL
    (89) expr -> . LCURL RCURL
    (90) expr -> . LCURL matrx_rows RCURL
    (91) expr -> . expr LCURL args RCURL
    (92) expr -> . expr LPAREN args RPAREN
    (4) statement -> . COMMAND
    (5) statement -> . expr COMMA
    (6) statement -> . expr NEWLINE
    (7) statement -> . expr SEMICOLON
    (8) statement -> . NEWLINE
    (9) statement -> . SEMICOLON
    (10) statement -> . switch_block OTHERWISE NEWLINE code_block END SEMICOLON
    (11) statement -> . switch_block OTHERWISE SEMICOLON code_block END SEMICOLON
    (12) statement -> . switch_block OTHERWISE NEWLINE code_block END NEWLINE
    (13) statement -> . switch_block OTHERWISE SEMICOLON code_block END NEWLINE
    (14) statement -> . switch_block END NEWLINE
    (15) statement -> . TRY code_block CATCH statement code_block END NEWLINE
    (16) statement -> . WHILE expr code_block END NEWLINE
    (17) statement -> . WHILE statement code_block END NEWLINE
    (18) statement -> . IF expr statement END SEMICOLON
    (19) statement -> . IF expr statement END NEWLINE
    (20) statement -> . IF expr statement END
    (21) statement -> . IF statement statement END SEMICOLON
    (22) statement -> . IF statement statement END NEWLINE
    (23) statement -> . IF statement statement END
    (24) statement -> . if_block END SEMICOLON
    (25) statement -> . if_block END NEWLINE
    (26) statement -> . if_block END
    (27) statement -> . BREAK SEMICOLON
    (28) statement -> . CONTINUE SEMICOLON
    (29) statement -> . BREAK NEWLINE
    (30) statement -> . CONTINUE NEWLINE
    (31) statement -> . FOR statement code_block END SEMICOLON
    (32) statement -> . FOR statement code_block END NEWLINE
    (33) statement -> . RETURN expr SEMICOLON
    (34) statement -> . RETURN expr NEWLINE
    (35) statement -> . FUNCTION statement code_block
    (36) statement -> . FUNCTION statement code_block END NEWLINE
    (43) switch_block -> . SWITCH expr CASE expr code_block
    (44) switch_block -> . SWITCH expr CASE statement code_block
    (45) switch_block -> . SWITCH statement CASE expr code_block
    (46) switch_block -> . SWITCH statement CASE statement code_block
    (47) switch_block -> . switch_block CASE expr code_block
    (48) switch_block -> . switch_block CASE statement code_block
    (37) if_block -> . IF expr code_block
    (38) if_block -> . IF statement code_block
    (39) if_block -> . if_block ELSEIF expr code_block
    (40) if_block -> . if_block ELSEIF statement code_block
    (41) if_block -> . if_block ELSE SEMICOLON code_block
    (42) if_block -> . if_block ELSE NEWLINE code_block
    STRING          shift and go to state 17
    NUMBER          shift and go to state 18
    NAME            shift and go to state 19
    NOT             shift and go to state 22
    MINUS           shift and go to state 20
    PLUS            shift and go to state 21
    AT              shift and go to state 23
    LPAREN          shift and go to state 24
    LSQR            shift and go to state 25
    LCURL           shift and go to state 26
    COMMAND         shift and go to state 3
    NEWLINE         shift and go to state 5
    SEMICOLON       shift and go to state 6
    TRY             shift and go to state 8
    WHILE           shift and go to state 9
    IF              shift and go to state 10
    BREAK           shift and go to state 12
    CONTINUE        shift and go to state 13
    FOR             shift and go to state 14
    RETURN          shift and go to state 15
    FUNCTION        shift and go to state 16
    SWITCH          shift and go to state 27

    switch_block                   shift and go to state 7
    expr                           shift and go to state 123
    statement                      shift and go to state 124
    if_block                       shift and go to state 11

state 64

    (15) statement -> TRY code_block . CATCH statement code_block END NEWLINE
    (3) code_block -> code_block . statement
    (4) statement -> . COMMAND
    (5) statement -> . expr COMMA
    (6) statement -> . expr NEWLINE
    (7) statement -> . expr SEMICOLON
    (8) statement -> . NEWLINE
    (9) statement -> . SEMICOLON
    (10) statement -> . switch_block OTHERWISE NEWLINE code_block END SEMICOLON
    (11) statement -> . switch_block OTHERWISE SEMICOLON code_block END SEMICOLON
    (12) statement -> . switch_block OTHERWISE NEWLINE code_block END NEWLINE
    (13) statement -> . switch_block OTHERWISE SEMICOLON code_block END NEWLINE
    (14) statement -> . switch_block END NEWLINE
    (15) statement -> . TRY code_block CATCH statement code_block END NEWLINE
    (16) statement -> . WHILE expr code_block END NEWLINE
    (17) statement -> . WHILE statement code_block END NEWLINE
    (18) statement -> . IF expr statement END SEMICOLON
    (19) statement -> . IF expr statement END NEWLINE
    (20) statement -> . IF expr statement END
    (21) statement -> . IF statement statement END SEMICOLON
    (22) statement -> . IF statement statement END NEWLINE
    (23) statement -> . IF statement statement END
    (24) statement -> . if_block END SEMICOLON
    (25) statement -> . if_block END NEWLINE
    (26) statement -> . if_block END
    (27) statement -> . BREAK SEMICOLON
    (28) statement -> . CONTINUE SEMICOLON
    (29) statement -> . BREAK NEWLINE
    (30) statement -> . CONTINUE NEWLINE
    (31) statement -> . FOR statement code_block END SEMICOLON
    (32) statement -> . FOR statement code_block END NEWLINE
    (33) statement -> . RETURN expr SEMICOLON
    (34) statement -> . RETURN expr NEWLINE
    (35) statement -> . FUNCTION statement code_block
    (36) statement -> . FUNCTION statement code_block END NEWLINE
    (49) expr -> . STRING
    (50) expr -> . NUMBER
    (51) expr -> . NAME
    (52) expr -> . expr CTRANSPOSE
    (53) expr -> . expr TRANSPOSE
    (54) expr -> . expr MPOWER expr
    (55) expr -> . expr POWER expr
    (56) expr -> . expr LDIVIDE expr
    (57) expr -> . expr RDIVIDE expr
    (58) expr -> . expr TIMES expr
    (59) expr -> . expr MLDIVIDE expr
    (60) expr -> . expr MRDIVIDE expr
    (61) expr -> . expr MTIMES expr
    (62) expr -> . expr MINUS expr
    (63) expr -> . expr PLUS expr
    (64) expr -> . expr NE expr
    (65) expr -> . expr EQ expr
    (66) expr -> . expr GE expr
    (67) expr -> . expr GT expr
    (68) expr -> . expr LE expr
    (69) expr -> . expr LT expr
    (70) expr -> . expr AND expr
    (71) expr -> . expr OR expr
    (72) expr -> . expr ANDAND expr
    (73) expr -> . expr OROR expr
    (74) expr -> . expr COLON expr
    (75) expr -> . NOT expr
    (76) expr -> . MINUS expr
    (77) expr -> . PLUS expr
    (78) expr -> . AT LPAREN args RPAREN expr
    (79) expr -> . expr DOT NAME
    (80) expr -> . expr ELLIPSIS NEWLINE
    (81) expr -> . LPAREN expr RPAREN
    (82) expr -> . expr ASSIGN expr
    (83) expr -> . LSQR matrx_rows matrx_elements RSQR
    (84) expr -> . LSQR matrx_elements RSQR
    (85) expr -> . LSQR RSQR
    (86) expr -> . LSQR matrx_rows RSQR
    (87) expr -> . LCURL matrx_rows matrx_elements RCURL
    (88) expr -> . LCURL matrx_elements RCURL
    (89) expr -> . LCURL RCURL
    (90) expr -> . LCURL matrx_rows RCURL
    (91) expr -> . expr LCURL args RCURL
    (92) expr -> . expr LPAREN args RPAREN
    (43) switch_block -> . SWITCH expr CASE expr code_block
    (44) switch_block -> . SWITCH expr CASE statement code_block
    (45) switch_block -> . SWITCH statement CASE expr code_block
    (46) switch_block -> . SWITCH statement CASE statement code_block
    (47) switch_block -> . switch_block CASE expr code_block
    (48) switch_block -> . switch_block CASE statement code_block
    (37) if_block -> . IF expr code_block
    (38) if_block -> . IF statement code_block
    (39) if_block -> . if_block ELSEIF expr code_block
    (40) if_block -> . if_block ELSEIF statement code_block
    (41) if_block -> . if_block ELSE SEMICOLON code_block
    (42) if_block -> . if_block ELSE NEWLINE code_block
    CATCH           shift and go to state 125
    COMMAND         shift and go to state 3
    NEWLINE         shift and go to state 5
    SEMICOLON       shift and go to state 6
    TRY             shift and go to state 8
    WHILE           shift and go to state 9
    IF              shift and go to state 10
    BREAK           shift and go to state 12
    CONTINUE        shift and go to state 13
    FOR             shift and go to state 14
    RETURN          shift and go to state 15
    FUNCTION        shift and go to state 16
    STRING          shift and go to state 17
    NUMBER          shift and go to state 18
    NAME            shift and go to state 19
    NOT             shift and go to state 22
    MINUS           shift and go to state 20
    PLUS            shift and go to state 21
    AT              shift and go to state 23
    LPAREN          shift and go to state 24
    LSQR            shift and go to state 25
    LCURL           shift and go to state 26
    SWITCH          shift and go to state 27

    statement                      shift and go to state 28
    expr                           shift and go to state 4
    switch_block                   shift and go to state 7
    if_block                       shift and go to state 11

state 65

    (16) statement -> WHILE expr . code_block END NEWLINE
    (52) expr -> expr . CTRANSPOSE
    (53) expr -> expr . TRANSPOSE
    (54) expr -> expr . MPOWER expr
    (55) expr -> expr . POWER expr
    (56) expr -> expr . LDIVIDE expr
    (57) expr -> expr . RDIVIDE expr
    (58) expr -> expr . TIMES expr
    (59) expr -> expr . MLDIVIDE expr
    (60) expr -> expr . MRDIVIDE expr
    (61) expr -> expr . MTIMES expr
    (62) expr -> expr . MINUS expr
    (63) expr -> expr . PLUS expr
    (64) expr -> expr . NE expr
    (65) expr -> expr . EQ expr
    (66) expr -> expr . GE expr
    (67) expr -> expr . GT expr
    (68) expr -> expr . LE expr
    (69) expr -> expr . LT expr
    (70) expr -> expr . AND expr
    (71) expr -> expr . OR expr
    (72) expr -> expr . ANDAND expr
    (73) expr -> expr . OROR expr
    (74) expr -> expr . COLON expr
    (79) expr -> expr . DOT NAME
    (80) expr -> expr . ELLIPSIS NEWLINE
    (82) expr -> expr . ASSIGN expr
    (91) expr -> expr . LCURL args RCURL
    (92) expr -> expr . LPAREN args RPAREN
    (5) statement -> expr . COMMA
    (6) statement -> expr . NEWLINE
    (7) statement -> expr . SEMICOLON
    (1) code_block -> . statement
    (2) code_block -> . statement code_block
    (3) code_block -> . code_block statement
    (4) statement -> . COMMAND
    (5) statement -> . expr COMMA
    (6) statement -> . expr NEWLINE
    (7) statement -> . expr SEMICOLON
    (8) statement -> . NEWLINE
    (9) statement -> . SEMICOLON
    (10) statement -> . switch_block OTHERWISE NEWLINE code_block END SEMICOLON
    (11) statement -> . switch_block OTHERWISE SEMICOLON code_block END SEMICOLON
    (12) statement -> . switch_block OTHERWISE NEWLINE code_block END NEWLINE
    (13) statement -> . switch_block OTHERWISE SEMICOLON code_block END NEWLINE
    (14) statement -> . switch_block END NEWLINE
    (15) statement -> . TRY code_block CATCH statement code_block END NEWLINE
    (16) statement -> . WHILE expr code_block END NEWLINE
    (17) statement -> . WHILE statement code_block END NEWLINE
    (18) statement -> . IF expr statement END SEMICOLON
    (19) statement -> . IF expr statement END NEWLINE
    (20) statement -> . IF expr statement END
    (21) statement -> . IF statement statement END SEMICOLON
    (22) statement -> . IF statement statement END NEWLINE
    (23) statement -> . IF statement statement END
    (24) statement -> . if_block END SEMICOLON
    (25) statement -> . if_block END NEWLINE
    (26) statement -> . if_block END
    (27) statement -> . BREAK SEMICOLON
    (28) statement -> . CONTINUE SEMICOLON
    (29) statement -> . BREAK NEWLINE
    (30) statement -> . CONTINUE NEWLINE
    (31) statement -> . FOR statement code_block END SEMICOLON
    (32) statement -> . FOR statement code_block END NEWLINE
    (33) statement -> . RETURN expr SEMICOLON
    (34) statement -> . RETURN expr NEWLINE
    (35) statement -> . FUNCTION statement code_block
    (36) statement -> . FUNCTION statement code_block END NEWLINE
    (49) expr -> . STRING
    (50) expr -> . NUMBER
    (51) expr -> . NAME
    (52) expr -> . expr CTRANSPOSE
    (53) expr -> . expr TRANSPOSE
    (54) expr -> . expr MPOWER expr
    (55) expr -> . expr POWER expr
    (56) expr -> . expr LDIVIDE expr
    (57) expr -> . expr RDIVIDE expr
    (58) expr -> . expr TIMES expr
    (59) expr -> . expr MLDIVIDE expr
    (60) expr -> . expr MRDIVIDE expr
    (61) expr -> . expr MTIMES expr
    (62) expr -> . expr MINUS expr
    (63) expr -> . expr PLUS expr
    (64) expr -> . expr NE expr
    (65) expr -> . expr EQ expr
    (66) expr -> . expr GE expr
    (67) expr -> . expr GT expr
    (68) expr -> . expr LE expr
    (69) expr -> . expr LT expr
    (70) expr -> . expr AND expr
    (71) expr -> . expr OR expr
    (72) expr -> . expr ANDAND expr
    (73) expr -> . expr OROR expr
    (74) expr -> . expr COLON expr
    (75) expr -> . NOT expr
    (76) expr -> . MINUS expr
    (77) expr -> . PLUS expr
    (78) expr -> . AT LPAREN args RPAREN expr
    (79) expr -> . expr DOT NAME
    (80) expr -> . expr ELLIPSIS NEWLINE
    (81) expr -> . LPAREN expr RPAREN
    (82) expr -> . expr ASSIGN expr
    (83) expr -> . LSQR matrx_rows matrx_elements RSQR
    (84) expr -> . LSQR matrx_elements RSQR
    (85) expr -> . LSQR RSQR
    (86) expr -> . LSQR matrx_rows RSQR
    (87) expr -> . LCURL matrx_rows matrx_elements RCURL
    (88) expr -> . LCURL matrx_elements RCURL
    (89) expr -> . LCURL RCURL
    (90) expr -> . LCURL matrx_rows RCURL
    (91) expr -> . expr LCURL args RCURL
    (92) expr -> . expr LPAREN args RPAREN
    (43) switch_block -> . SWITCH expr CASE expr code_block
    (44) switch_block -> . SWITCH expr CASE statement code_block
    (45) switch_block -> . SWITCH statement CASE expr code_block
    (46) switch_block -> . SWITCH statement CASE statement code_block
    (47) switch_block -> . switch_block CASE expr code_block
    (48) switch_block -> . switch_block CASE statement code_block
    (37) if_block -> . IF expr code_block
    (38) if_block -> . IF statement code_block
    (39) if_block -> . if_block ELSEIF expr code_block
    (40) if_block -> . if_block ELSEIF statement code_block
    (41) if_block -> . if_block ELSE SEMICOLON code_block
    (42) if_block -> . if_block ELSE NEWLINE code_block
    CTRANSPOSE      shift and go to state 33
    TRANSPOSE       shift and go to state 34
    MPOWER          shift and go to state 35
    POWER           shift and go to state 36
    LDIVIDE         shift and go to state 37
    RDIVIDE         shift and go to state 38
    TIMES           shift and go to state 39
    MLDIVIDE        shift and go to state 40
    MRDIVIDE        shift and go to state 41
    MTIMES          shift and go to state 42
    MINUS           shift and go to state 128
    PLUS            shift and go to state 129
    NE              shift and go to state 45
    EQ              shift and go to state 46
    GE              shift and go to state 47
    GT              shift and go to state 48
    LE              shift and go to state 49
    LT              shift and go to state 50
    AND             shift and go to state 51
    OR              shift and go to state 52
    ANDAND          shift and go to state 53
    OROR            shift and go to state 54
    COLON           shift and go to state 55
    DOT             shift and go to state 56
    ELLIPSIS        shift and go to state 57
    ASSIGN          shift and go to state 58
    LCURL           shift and go to state 130
    LPAREN          shift and go to state 131
    COMMA           shift and go to state 30
    NEWLINE         shift and go to state 127
    SEMICOLON       shift and go to state 132
    COMMAND         shift and go to state 3
    TRY             shift and go to state 8
    WHILE           shift and go to state 9
    IF              shift and go to state 10
    BREAK           shift and go to state 12
    CONTINUE        shift and go to state 13
    FOR             shift and go to state 14
    RETURN          shift and go to state 15
    FUNCTION        shift and go to state 16
    STRING          shift and go to state 17
    NUMBER          shift and go to state 18
    NAME            shift and go to state 19
    NOT             shift and go to state 22
    AT              shift and go to state 23
    LSQR            shift and go to state 25
    SWITCH          shift and go to state 27

    expr                           shift and go to state 4
    code_block                     shift and go to state 126
    statement                      shift and go to state 2
    switch_block                   shift and go to state 7
    if_block                       shift and go to state 11

state 66

    (17) statement -> WHILE statement . code_block END NEWLINE
    (1) code_block -> . statement
    (2) code_block -> . statement code_block
    (3) code_block -> . code_block statement
    (4) statement -> . COMMAND
    (5) statement -> . expr COMMA
    (6) statement -> . expr NEWLINE
    (7) statement -> . expr SEMICOLON
    (8) statement -> . NEWLINE
    (9) statement -> . SEMICOLON
    (10) statement -> . switch_block OTHERWISE NEWLINE code_block END SEMICOLON
    (11) statement -> . switch_block OTHERWISE SEMICOLON code_block END SEMICOLON
    (12) statement -> . switch_block OTHERWISE NEWLINE code_block END NEWLINE
    (13) statement -> . switch_block OTHERWISE SEMICOLON code_block END NEWLINE
    (14) statement -> . switch_block END NEWLINE
    (15) statement -> . TRY code_block CATCH statement code_block END NEWLINE
    (16) statement -> . WHILE expr code_block END NEWLINE
    (17) statement -> . WHILE statement code_block END NEWLINE
    (18) statement -> . IF expr statement END SEMICOLON
    (19) statement -> . IF expr statement END NEWLINE
    (20) statement -> . IF expr statement END
    (21) statement -> . IF statement statement END SEMICOLON
    (22) statement -> . IF statement statement END NEWLINE
    (23) statement -> . IF statement statement END
    (24) statement -> . if_block END SEMICOLON
    (25) statement -> . if_block END NEWLINE
    (26) statement -> . if_block END
    (27) statement -> . BREAK SEMICOLON
    (28) statement -> . CONTINUE SEMICOLON
    (29) statement -> . BREAK NEWLINE
    (30) statement -> . CONTINUE NEWLINE
    (31) statement -> . FOR statement code_block END SEMICOLON
    (32) statement -> . FOR statement code_block END NEWLINE
    (33) statement -> . RETURN expr SEMICOLON
    (34) statement -> . RETURN expr NEWLINE
    (35) statement -> . FUNCTION statement code_block
    (36) statement -> . FUNCTION statement code_block END NEWLINE
    (49) expr -> . STRING
    (50) expr -> . NUMBER
    (51) expr -> . NAME
    (52) expr -> . expr CTRANSPOSE
    (53) expr -> . expr TRANSPOSE
    (54) expr -> . expr MPOWER expr
    (55) expr -> . expr POWER expr
    (56) expr -> . expr LDIVIDE expr
    (57) expr -> . expr RDIVIDE expr
    (58) expr -> . expr TIMES expr
    (59) expr -> . expr MLDIVIDE expr
    (60) expr -> . expr MRDIVIDE expr
    (61) expr -> . expr MTIMES expr
    (62) expr -> . expr MINUS expr
    (63) expr -> . expr PLUS expr
    (64) expr -> . expr NE expr
    (65) expr -> . expr EQ expr
    (66) expr -> . expr GE expr
    (67) expr -> . expr GT expr
    (68) expr -> . expr LE expr
    (69) expr -> . expr LT expr
    (70) expr -> . expr AND expr
    (71) expr -> . expr OR expr
    (72) expr -> . expr ANDAND expr
    (73) expr -> . expr OROR expr
    (74) expr -> . expr COLON expr
    (75) expr -> . NOT expr
    (76) expr -> . MINUS expr
    (77) expr -> . PLUS expr
    (78) expr -> . AT LPAREN args RPAREN expr
    (79) expr -> . expr DOT NAME
    (80) expr -> . expr ELLIPSIS NEWLINE
    (81) expr -> . LPAREN expr RPAREN
    (82) expr -> . expr ASSIGN expr
    (83) expr -> . LSQR matrx_rows matrx_elements RSQR
    (84) expr -> . LSQR matrx_elements RSQR
    (85) expr -> . LSQR RSQR
    (86) expr -> . LSQR matrx_rows RSQR
    (87) expr -> . LCURL matrx_rows matrx_elements RCURL
    (88) expr -> . LCURL matrx_elements RCURL
    (89) expr -> . LCURL RCURL
    (90) expr -> . LCURL matrx_rows RCURL
    (91) expr -> . expr LCURL args RCURL
    (92) expr -> . expr LPAREN args RPAREN
    (43) switch_block -> . SWITCH expr CASE expr code_block
    (44) switch_block -> . SWITCH expr CASE statement code_block
    (45) switch_block -> . SWITCH statement CASE expr code_block
    (46) switch_block -> . SWITCH statement CASE statement code_block
    (47) switch_block -> . switch_block CASE expr code_block
    (48) switch_block -> . switch_block CASE statement code_block
    (37) if_block -> . IF expr code_block
    (38) if_block -> . IF statement code_block
    (39) if_block -> . if_block ELSEIF expr code_block
    (40) if_block -> . if_block ELSEIF statement code_block
    (41) if_block -> . if_block ELSE SEMICOLON code_block
    (42) if_block -> . if_block ELSE NEWLINE code_block
    COMMAND         shift and go to state 3
    NEWLINE         shift and go to state 5
    SEMICOLON       shift and go to state 6
    TRY             shift and go to state 8
    WHILE           shift and go to state 9
    IF              shift and go to state 10
    BREAK           shift and go to state 12
    CONTINUE        shift and go to state 13
    FOR             shift and go to state 14
    RETURN          shift and go to state 15
    FUNCTION        shift and go to state 16
    STRING          shift and go to state 17
    NUMBER          shift and go to state 18
    NAME            shift and go to state 19
    NOT             shift and go to state 22
    MINUS           shift and go to state 20
    PLUS            shift and go to state 21
    AT              shift and go to state 23
    LPAREN          shift and go to state 24
    LSQR            shift and go to state 25
    LCURL           shift and go to state 26
    SWITCH          shift and go to state 27

    statement                      shift and go to state 2
    code_block                     shift and go to state 133
    expr                           shift and go to state 4
    switch_block                   shift and go to state 7
    if_block                       shift and go to state 11

state 67

    (18) statement -> IF expr . statement END SEMICOLON
    (19) statement -> IF expr . statement END NEWLINE
    (20) statement -> IF expr . statement END
    (37) if_block -> IF expr . code_block
    (52) expr -> expr . CTRANSPOSE
    (53) expr -> expr . TRANSPOSE
    (54) expr -> expr . MPOWER expr
    (55) expr -> expr . POWER expr
    (56) expr -> expr . LDIVIDE expr
    (57) expr -> expr . RDIVIDE expr
    (58) expr -> expr . TIMES expr
    (59) expr -> expr . MLDIVIDE expr
    (60) expr -> expr . MRDIVIDE expr
    (61) expr -> expr . MTIMES expr
    (62) expr -> expr . MINUS expr
    (63) expr -> expr . PLUS expr
    (64) expr -> expr . NE expr
    (65) expr -> expr . EQ expr
    (66) expr -> expr . GE expr
    (67) expr -> expr . GT expr
    (68) expr -> expr . LE expr
    (69) expr -> expr . LT expr
    (70) expr -> expr . AND expr
    (71) expr -> expr . OR expr
    (72) expr -> expr . ANDAND expr
    (73) expr -> expr . OROR expr
    (74) expr -> expr . COLON expr
    (79) expr -> expr . DOT NAME
    (80) expr -> expr . ELLIPSIS NEWLINE
    (82) expr -> expr . ASSIGN expr
    (91) expr -> expr . LCURL args RCURL
    (92) expr -> expr . LPAREN args RPAREN
    (5) statement -> expr . COMMA
    (6) statement -> expr . NEWLINE
    (7) statement -> expr . SEMICOLON
    (4) statement -> . COMMAND
    (5) statement -> . expr COMMA
    (6) statement -> . expr NEWLINE
    (7) statement -> . expr SEMICOLON
    (8) statement -> . NEWLINE
    (9) statement -> . SEMICOLON
    (10) statement -> . switch_block OTHERWISE NEWLINE code_block END SEMICOLON
    (11) statement -> . switch_block OTHERWISE SEMICOLON code_block END SEMICOLON
    (12) statement -> . switch_block OTHERWISE NEWLINE code_block END NEWLINE
    (13) statement -> . switch_block OTHERWISE SEMICOLON code_block END NEWLINE
    (14) statement -> . switch_block END NEWLINE
    (15) statement -> . TRY code_block CATCH statement code_block END NEWLINE
    (16) statement -> . WHILE expr code_block END NEWLINE
    (17) statement -> . WHILE statement code_block END NEWLINE
    (18) statement -> . IF expr statement END SEMICOLON
    (19) statement -> . IF expr statement END NEWLINE
    (20) statement -> . IF expr statement END
    (21) statement -> . IF statement statement END SEMICOLON
    (22) statement -> . IF statement statement END NEWLINE
    (23) statement -> . IF statement statement END
    (24) statement -> . if_block END SEMICOLON
    (25) statement -> . if_block END NEWLINE
    (26) statement -> . if_block END
    (27) statement -> . BREAK SEMICOLON
    (28) statement -> . CONTINUE SEMICOLON
    (29) statement -> . BREAK NEWLINE
    (30) statement -> . CONTINUE NEWLINE
    (31) statement -> . FOR statement code_block END SEMICOLON
    (32) statement -> . FOR statement code_block END NEWLINE
    (33) statement -> . RETURN expr SEMICOLON
    (34) statement -> . RETURN expr NEWLINE
    (35) statement -> . FUNCTION statement code_block
    (36) statement -> . FUNCTION statement code_block END NEWLINE
    (1) code_block -> . statement
    (2) code_block -> . statement code_block
    (3) code_block -> . code_block statement
    (49) expr -> . STRING
    (50) expr -> . NUMBER
    (51) expr -> . NAME
    (52) expr -> . expr CTRANSPOSE
    (53) expr -> . expr TRANSPOSE
    (54) expr -> . expr MPOWER expr
    (55) expr -> . expr POWER expr
    (56) expr -> . expr LDIVIDE expr
    (57) expr -> . expr RDIVIDE expr
    (58) expr -> . expr TIMES expr
    (59) expr -> . expr MLDIVIDE expr
    (60) expr -> . expr MRDIVIDE expr
    (61) expr -> . expr MTIMES expr
    (62) expr -> . expr MINUS expr
    (63) expr -> . expr PLUS expr
    (64) expr -> . expr NE expr
    (65) expr -> . expr EQ expr
    (66) expr -> . expr GE expr
    (67) expr -> . expr GT expr
    (68) expr -> . expr LE expr
    (69) expr -> . expr LT expr
    (70) expr -> . expr AND expr
    (71) expr -> . expr OR expr
    (72) expr -> . expr ANDAND expr
    (73) expr -> . expr OROR expr
    (74) expr -> . expr COLON expr
    (75) expr -> . NOT expr
    (76) expr -> . MINUS expr
    (77) expr -> . PLUS expr
    (78) expr -> . AT LPAREN args RPAREN expr
    (79) expr -> . expr DOT NAME
    (80) expr -> . expr ELLIPSIS NEWLINE
    (81) expr -> . LPAREN expr RPAREN
    (82) expr -> . expr ASSIGN expr
    (83) expr -> . LSQR matrx_rows matrx_elements RSQR
    (84) expr -> . LSQR matrx_elements RSQR
    (85) expr -> . LSQR RSQR
    (86) expr -> . LSQR matrx_rows RSQR
    (87) expr -> . LCURL matrx_rows matrx_elements RCURL
    (88) expr -> . LCURL matrx_elements RCURL
    (89) expr -> . LCURL RCURL
    (90) expr -> . LCURL matrx_rows RCURL
    (91) expr -> . expr LCURL args RCURL
    (92) expr -> . expr LPAREN args RPAREN
    (43) switch_block -> . SWITCH expr CASE expr code_block
    (44) switch_block -> . SWITCH expr CASE statement code_block
    (45) switch_block -> . SWITCH statement CASE expr code_block
    (46) switch_block -> . SWITCH statement CASE statement code_block
    (47) switch_block -> . switch_block CASE expr code_block
    (48) switch_block -> . switch_block CASE statement code_block
    (37) if_block -> . IF expr code_block
    (38) if_block -> . IF statement code_block
    (39) if_block -> . if_block ELSEIF expr code_block
    (40) if_block -> . if_block ELSEIF statement code_block
    (41) if_block -> . if_block ELSE SEMICOLON code_block
    (42) if_block -> . if_block ELSE NEWLINE code_block
    CTRANSPOSE      shift and go to state 33
    TRANSPOSE       shift and go to state 34
    MPOWER          shift and go to state 35
    POWER           shift and go to state 36
    LDIVIDE         shift and go to state 37
    RDIVIDE         shift and go to state 38
    TIMES           shift and go to state 39
    MLDIVIDE        shift and go to state 40
    MRDIVIDE        shift and go to state 41
    MTIMES          shift and go to state 42
    MINUS           shift and go to state 128
    PLUS            shift and go to state 129
    NE              shift and go to state 45
    EQ              shift and go to state 46
    GE              shift and go to state 47
    GT              shift and go to state 48
    LE              shift and go to state 49
    LT              shift and go to state 50
    AND             shift and go to state 51
    OR              shift and go to state 52
    ANDAND          shift and go to state 53
    OROR            shift and go to state 54
    COLON           shift and go to state 55
    DOT             shift and go to state 56
    ELLIPSIS        shift and go to state 57
    ASSIGN          shift and go to state 58
    LCURL           shift and go to state 130
    LPAREN          shift and go to state 131
    COMMA           shift and go to state 30
    NEWLINE         shift and go to state 127
    SEMICOLON       shift and go to state 132
    COMMAND         shift and go to state 3
    TRY             shift and go to state 8
    WHILE           shift and go to state 9
    IF              shift and go to state 10
    BREAK           shift and go to state 12
    CONTINUE        shift and go to state 13
    FOR             shift and go to state 14
    RETURN          shift and go to state 15
    FUNCTION        shift and go to state 16
    STRING          shift and go to state 17
    NUMBER          shift and go to state 18
    NAME            shift and go to state 19
    NOT             shift and go to state 22
    AT              shift and go to state 23
    LSQR            shift and go to state 25
    SWITCH          shift and go to state 27

    expr                           shift and go to state 4
    statement                      shift and go to state 134
    code_block                     shift and go to state 135
    switch_block                   shift and go to state 7
    if_block                       shift and go to state 11

state 68

    (21) statement -> IF statement . statement END SEMICOLON
    (22) statement -> IF statement . statement END NEWLINE
    (23) statement -> IF statement . statement END
    (38) if_block -> IF statement . code_block
    (4) statement -> . COMMAND
    (5) statement -> . expr COMMA
    (6) statement -> . expr NEWLINE
    (7) statement -> . expr SEMICOLON
    (8) statement -> . NEWLINE
    (9) statement -> . SEMICOLON
    (10) statement -> . switch_block OTHERWISE NEWLINE code_block END SEMICOLON
    (11) statement -> . switch_block OTHERWISE SEMICOLON code_block END SEMICOLON
    (12) statement -> . switch_block OTHERWISE NEWLINE code_block END NEWLINE
    (13) statement -> . switch_block OTHERWISE SEMICOLON code_block END NEWLINE
    (14) statement -> . switch_block END NEWLINE
    (15) statement -> . TRY code_block CATCH statement code_block END NEWLINE
    (16) statement -> . WHILE expr code_block END NEWLINE
    (17) statement -> . WHILE statement code_block END NEWLINE
    (18) statement -> . IF expr statement END SEMICOLON
    (19) statement -> . IF expr statement END NEWLINE
    (20) statement -> . IF expr statement END
    (21) statement -> . IF statement statement END SEMICOLON
    (22) statement -> . IF statement statement END NEWLINE
    (23) statement -> . IF statement statement END
    (24) statement -> . if_block END SEMICOLON
    (25) statement -> . if_block END NEWLINE
    (26) statement -> . if_block END
    (27) statement -> . BREAK SEMICOLON
    (28) statement -> . CONTINUE SEMICOLON
    (29) statement -> . BREAK NEWLINE
    (30) statement -> . CONTINUE NEWLINE
    (31) statement -> . FOR statement code_block END SEMICOLON
    (32) statement -> . FOR statement code_block END NEWLINE
    (33) statement -> . RETURN expr SEMICOLON
    (34) statement -> . RETURN expr NEWLINE
    (35) statement -> . FUNCTION statement code_block
    (36) statement -> . FUNCTION statement code_block END NEWLINE
    (1) code_block -> . statement
    (2) code_block -> . statement code_block
    (3) code_block -> . code_block statement
    (49) expr -> . STRING
    (50) expr -> . NUMBER
    (51) expr -> . NAME
    (52) expr -> . expr CTRANSPOSE
    (53) expr -> . expr TRANSPOSE
    (54) expr -> . expr MPOWER expr
    (55) expr -> . expr POWER expr
    (56) expr -> . expr LDIVIDE expr
    (57) expr -> . expr RDIVIDE expr
    (58) expr -> . expr TIMES expr
    (59) expr -> . expr MLDIVIDE expr
    (60) expr -> . expr MRDIVIDE expr
    (61) expr -> . expr MTIMES expr
    (62) expr -> . expr MINUS expr
    (63) expr -> . expr PLUS expr
    (64) expr -> . expr NE expr
    (65) expr -> . expr EQ expr
    (66) expr -> . expr GE expr
    (67) expr -> . expr GT expr
    (68) expr -> . expr LE expr
    (69) expr -> . expr LT expr
    (70) expr -> . expr AND expr
    (71) expr -> . expr OR expr
    (72) expr -> . expr ANDAND expr
    (73) expr -> . expr OROR expr
    (74) expr -> . expr COLON expr
    (75) expr -> . NOT expr
    (76) expr -> . MINUS expr
    (77) expr -> . PLUS expr
    (78) expr -> . AT LPAREN args RPAREN expr
    (79) expr -> . expr DOT NAME
    (80) expr -> . expr ELLIPSIS NEWLINE
    (81) expr -> . LPAREN expr RPAREN
    (82) expr -> . expr ASSIGN expr
    (83) expr -> . LSQR matrx_rows matrx_elements RSQR
    (84) expr -> . LSQR matrx_elements RSQR
    (85) expr -> . LSQR RSQR
    (86) expr -> . LSQR matrx_rows RSQR
    (87) expr -> . LCURL matrx_rows matrx_elements RCURL
    (88) expr -> . LCURL matrx_elements RCURL
    (89) expr -> . LCURL RCURL
    (90) expr -> . LCURL matrx_rows RCURL
    (91) expr -> . expr LCURL args RCURL
    (92) expr -> . expr LPAREN args RPAREN
    (43) switch_block -> . SWITCH expr CASE expr code_block
    (44) switch_block -> . SWITCH expr CASE statement code_block
    (45) switch_block -> . SWITCH statement CASE expr code_block
    (46) switch_block -> . SWITCH statement CASE statement code_block
    (47) switch_block -> . switch_block CASE expr code_block
    (48) switch_block -> . switch_block CASE statement code_block
    (37) if_block -> . IF expr code_block
    (38) if_block -> . IF statement code_block
    (39) if_block -> . if_block ELSEIF expr code_block
    (40) if_block -> . if_block ELSEIF statement code_block
    (41) if_block -> . if_block ELSE SEMICOLON code_block
    (42) if_block -> . if_block ELSE NEWLINE code_block
    COMMAND         shift and go to state 3
    NEWLINE         shift and go to state 5
    SEMICOLON       shift and go to state 6
    TRY             shift and go to state 8
    WHILE           shift and go to state 9
    IF              shift and go to state 10
    BREAK           shift and go to state 12
    CONTINUE        shift and go to state 13
    FOR             shift and go to state 14
    RETURN          shift and go to state 15
    FUNCTION        shift and go to state 16
    STRING          shift and go to state 17
    NUMBER          shift and go to state 18
    NAME            shift and go to state 19
    NOT             shift and go to state 22
    MINUS           shift and go to state 20
    PLUS            shift and go to state 21
    AT              shift and go to state 23
    LPAREN          shift and go to state 24
    LSQR            shift and go to state 25
    LCURL           shift and go to state 26
    SWITCH          shift and go to state 27

    statement                      shift and go to state 136
    code_block                     shift and go to state 137
    expr                           shift and go to state 4
    switch_block                   shift and go to state 7
    if_block                       shift and go to state 11

state 69

    (24) statement -> if_block END . SEMICOLON
    (25) statement -> if_block END . NEWLINE
    (26) statement -> if_block END .
  ! shift/reduce conflict for NEWLINE resolved as shift
  ! shift/reduce conflict for SEMICOLON resolved as shift
    SEMICOLON       shift and go to state 138
    NEWLINE         shift and go to state 139
    COMMAND         reduce using rule 26 (statement -> if_block END .)
    TRY             reduce using rule 26 (statement -> if_block END .)
    WHILE           reduce using rule 26 (statement -> if_block END .)
    IF              reduce using rule 26 (statement -> if_block END .)
    BREAK           reduce using rule 26 (statement -> if_block END .)
    CONTINUE        reduce using rule 26 (statement -> if_block END .)
    FOR             reduce using rule 26 (statement -> if_block END .)
    RETURN          reduce using rule 26 (statement -> if_block END .)
    FUNCTION        reduce using rule 26 (statement -> if_block END .)
    STRING          reduce using rule 26 (statement -> if_block END .)
    NUMBER          reduce using rule 26 (statement -> if_block END .)
    NAME            reduce using rule 26 (statement -> if_block END .)
    NOT             reduce using rule 26 (statement -> if_block END .)
    MINUS           reduce using rule 26 (statement -> if_block END .)
    PLUS            reduce using rule 26 (statement -> if_block END .)
    AT              reduce using rule 26 (statement -> if_block END .)
    LPAREN          reduce using rule 26 (statement -> if_block END .)
    LSQR            reduce using rule 26 (statement -> if_block END .)
    LCURL           reduce using rule 26 (statement -> if_block END .)
    SWITCH          reduce using rule 26 (statement -> if_block END .)
    $end            reduce using rule 26 (statement -> if_block END .)
    CATCH           reduce using rule 26 (statement -> if_block END .)
    END             reduce using rule 26 (statement -> if_block END .)
    CASE            reduce using rule 26 (statement -> if_block END .)
    ELSEIF          reduce using rule 26 (statement -> if_block END .)
    ELSE            reduce using rule 26 (statement -> if_block END .)
    OTHERWISE       reduce using rule 26 (statement -> if_block END .)


state 70

    (39) if_block -> if_block ELSEIF . expr code_block
    (40) if_block -> if_block ELSEIF . statement code_block
    (49) expr -> . STRING
    (50) expr -> . NUMBER
    (51) expr -> . NAME
    (52) expr -> . expr CTRANSPOSE
    (53) expr -> . expr TRANSPOSE
    (54) expr -> . expr MPOWER expr
    (55) expr -> . expr POWER expr
    (56) expr -> . expr LDIVIDE expr
    (57) expr -> . expr RDIVIDE expr
    (58) expr -> . expr TIMES expr
    (59) expr -> . expr MLDIVIDE expr
    (60) expr -> . expr MRDIVIDE expr
    (61) expr -> . expr MTIMES expr
    (62) expr -> . expr MINUS expr
    (63) expr -> . expr PLUS expr
    (64) expr -> . expr NE expr
    (65) expr -> . expr EQ expr
    (66) expr -> . expr GE expr
    (67) expr -> . expr GT expr
    (68) expr -> . expr LE expr
    (69) expr -> . expr LT expr
    (70) expr -> . expr AND expr
    (71) expr -> . expr OR expr
    (72) expr -> . expr ANDAND expr
    (73) expr -> . expr OROR expr
    (74) expr -> . expr COLON expr
    (75) expr -> . NOT expr
    (76) expr -> . MINUS expr
    (77) expr -> . PLUS expr
    (78) expr -> . AT LPAREN args RPAREN expr
    (79) expr -> . expr DOT NAME
    (80) expr -> . expr ELLIPSIS NEWLINE
    (81) expr -> . LPAREN expr RPAREN
    (82) expr -> . expr ASSIGN expr
    (83) expr -> . LSQR matrx_rows matrx_elements RSQR
    (84) expr -> . LSQR matrx_elements RSQR
    (85) expr -> . LSQR RSQR
    (86) expr -> . LSQR matrx_rows RSQR
    (87) expr -> . LCURL matrx_rows matrx_elements RCURL
    (88) expr -> . LCURL matrx_elements RCURL
    (89) expr -> . LCURL RCURL
    (90) expr -> . LCURL matrx_rows RCURL
    (91) expr -> . expr LCURL args RCURL
    (92) expr -> . expr LPAREN args RPAREN
    (4) statement -> . COMMAND
    (5) statement -> . expr COMMA
    (6) statement -> . expr NEWLINE
    (7) statement -> . expr SEMICOLON
    (8) statement -> . NEWLINE
    (9) statement -> . SEMICOLON
    (10) statement -> . switch_block OTHERWISE NEWLINE code_block END SEMICOLON
    (11) statement -> . switch_block OTHERWISE SEMICOLON code_block END SEMICOLON
    (12) statement -> . switch_block OTHERWISE NEWLINE code_block END NEWLINE
    (13) statement -> . switch_block OTHERWISE SEMICOLON code_block END NEWLINE
    (14) statement -> . switch_block END NEWLINE
    (15) statement -> . TRY code_block CATCH statement code_block END NEWLINE
    (16) statement -> . WHILE expr code_block END NEWLINE
    (17) statement -> . WHILE statement code_block END NEWLINE
    (18) statement -> . IF expr statement END SEMICOLON
    (19) statement -> . IF expr statement END NEWLINE
    (20) statement -> . IF expr statement END
    (21) statement -> . IF statement statement END SEMICOLON
    (22) statement -> . IF statement statement END NEWLINE
    (23) statement -> . IF statement statement END
    (24) statement -> . if_block END SEMICOLON
    (25) statement -> . if_block END NEWLINE
    (26) statement -> . if_block END
    (27) statement -> . BREAK SEMICOLON
    (28) statement -> . CONTINUE SEMICOLON
    (29) statement -> . BREAK NEWLINE
    (30) statement -> . CONTINUE NEWLINE
    (31) statement -> . FOR statement code_block END SEMICOLON
    (32) statement -> . FOR statement code_block END NEWLINE
    (33) statement -> . RETURN expr SEMICOLON
    (34) statement -> . RETURN expr NEWLINE
    (35) statement -> . FUNCTION statement code_block
    (36) statement -> . FUNCTION statement code_block END NEWLINE
    (43) switch_block -> . SWITCH expr CASE expr code_block
    (44) switch_block -> . SWITCH expr CASE statement code_block
    (45) switch_block -> . SWITCH statement CASE expr code_block
    (46) switch_block -> . SWITCH statement CASE statement code_block
    (47) switch_block -> . switch_block CASE expr code_block
    (48) switch_block -> . switch_block CASE statement code_block
    (37) if_block -> . IF expr code_block
    (38) if_block -> . IF statement code_block
    (39) if_block -> . if_block ELSEIF expr code_block
    (40) if_block -> . if_block ELSEIF statement code_block
    (41) if_block -> . if_block ELSE SEMICOLON code_block
    (42) if_block -> . if_block ELSE NEWLINE code_block
    STRING          shift and go to state 17
    NUMBER          shift and go to state 18
    NAME            shift and go to state 19
    NOT             shift and go to state 22
    MINUS           shift and go to state 20
    PLUS            shift and go to state 21
    AT              shift and go to state 23
    LPAREN          shift and go to state 24
    LSQR            shift and go to state 25
    LCURL           shift and go to state 26
    COMMAND         shift and go to state 3
    NEWLINE         shift and go to state 5
    SEMICOLON       shift and go to state 6
    TRY             shift and go to state 8
    WHILE           shift and go to state 9
    IF              shift and go to state 10
    BREAK           shift and go to state 12
    CONTINUE        shift and go to state 13
    FOR             shift and go to state 14
    RETURN          shift and go to state 15
    FUNCTION        shift and go to state 16
    SWITCH          shift and go to state 27

    if_block                       shift and go to state 11
    expr                           shift and go to state 140
    statement                      shift and go to state 141
    switch_block                   shift and go to state 7

state 71

    (41) if_block -> if_block ELSE . SEMICOLON code_block
    (42) if_block -> if_block ELSE . NEWLINE code_block
    SEMICOLON       shift and go to state 142
    NEWLINE         shift and go to state 143


state 72

    (27) statement -> BREAK SEMICOLON .
    COMMAND         reduce using rule 27 (statement -> BREAK SEMICOLON .)
    NEWLINE         reduce using rule 27 (statement -> BREAK SEMICOLON .)
    SEMICOLON       reduce using rule 27 (statement -> BREAK SEMICOLON .)
    TRY             reduce using rule 27 (statement -> BREAK SEMICOLON .)
    WHILE           reduce using rule 27 (statement -> BREAK SEMICOLON .)
    IF              reduce using rule 27 (statement -> BREAK SEMICOLON .)
    BREAK           reduce using rule 27 (statement -> BREAK SEMICOLON .)
    CONTINUE        reduce using rule 27 (statement -> BREAK SEMICOLON .)
    FOR             reduce using rule 27 (statement -> BREAK SEMICOLON .)
    RETURN          reduce using rule 27 (statement -> BREAK SEMICOLON .)
    FUNCTION        reduce using rule 27 (statement -> BREAK SEMICOLON .)
    STRING          reduce using rule 27 (statement -> BREAK SEMICOLON .)
    NUMBER          reduce using rule 27 (statement -> BREAK SEMICOLON .)
    NAME            reduce using rule 27 (statement -> BREAK SEMICOLON .)
    NOT             reduce using rule 27 (statement -> BREAK SEMICOLON .)
    MINUS           reduce using rule 27 (statement -> BREAK SEMICOLON .)
    PLUS            reduce using rule 27 (statement -> BREAK SEMICOLON .)
    AT              reduce using rule 27 (statement -> BREAK SEMICOLON .)
    LPAREN          reduce using rule 27 (statement -> BREAK SEMICOLON .)
    LSQR            reduce using rule 27 (statement -> BREAK SEMICOLON .)
    LCURL           reduce using rule 27 (statement -> BREAK SEMICOLON .)
    SWITCH          reduce using rule 27 (statement -> BREAK SEMICOLON .)
    $end            reduce using rule 27 (statement -> BREAK SEMICOLON .)
    CATCH           reduce using rule 27 (statement -> BREAK SEMICOLON .)
    END             reduce using rule 27 (statement -> BREAK SEMICOLON .)
    CASE            reduce using rule 27 (statement -> BREAK SEMICOLON .)
    ELSEIF          reduce using rule 27 (statement -> BREAK SEMICOLON .)
    ELSE            reduce using rule 27 (statement -> BREAK SEMICOLON .)
    OTHERWISE       reduce using rule 27 (statement -> BREAK SEMICOLON .)


state 73

    (29) statement -> BREAK NEWLINE .
    COMMAND         reduce using rule 29 (statement -> BREAK NEWLINE .)
    NEWLINE         reduce using rule 29 (statement -> BREAK NEWLINE .)
    SEMICOLON       reduce using rule 29 (statement -> BREAK NEWLINE .)
    TRY             reduce using rule 29 (statement -> BREAK NEWLINE .)
    WHILE           reduce using rule 29 (statement -> BREAK NEWLINE .)
    IF              reduce using rule 29 (statement -> BREAK NEWLINE .)
    BREAK           reduce using rule 29 (statement -> BREAK NEWLINE .)
    CONTINUE        reduce using rule 29 (statement -> BREAK NEWLINE .)
    FOR             reduce using rule 29 (statement -> BREAK NEWLINE .)
    RETURN          reduce using rule 29 (statement -> BREAK NEWLINE .)
    FUNCTION        reduce using rule 29 (statement -> BREAK NEWLINE .)
    STRING          reduce using rule 29 (statement -> BREAK NEWLINE .)
    NUMBER          reduce using rule 29 (statement -> BREAK NEWLINE .)
    NAME            reduce using rule 29 (statement -> BREAK NEWLINE .)
    NOT             reduce using rule 29 (statement -> BREAK NEWLINE .)
    MINUS           reduce using rule 29 (statement -> BREAK NEWLINE .)
    PLUS            reduce using rule 29 (statement -> BREAK NEWLINE .)
    AT              reduce using rule 29 (statement -> BREAK NEWLINE .)
    LPAREN          reduce using rule 29 (statement -> BREAK NEWLINE .)
    LSQR            reduce using rule 29 (statement -> BREAK NEWLINE .)
    LCURL           reduce using rule 29 (statement -> BREAK NEWLINE .)
    SWITCH          reduce using rule 29 (statement -> BREAK NEWLINE .)
    $end            reduce using rule 29 (statement -> BREAK NEWLINE .)
    CATCH           reduce using rule 29 (statement -> BREAK NEWLINE .)
    END             reduce using rule 29 (statement -> BREAK NEWLINE .)
    CASE            reduce using rule 29 (statement -> BREAK NEWLINE .)
    ELSEIF          reduce using rule 29 (statement -> BREAK NEWLINE .)
    ELSE            reduce using rule 29 (statement -> BREAK NEWLINE .)
    OTHERWISE       reduce using rule 29 (statement -> BREAK NEWLINE .)


state 74

    (28) statement -> CONTINUE SEMICOLON .
    COMMAND         reduce using rule 28 (statement -> CONTINUE SEMICOLON .)
    NEWLINE         reduce using rule 28 (statement -> CONTINUE SEMICOLON .)
    SEMICOLON       reduce using rule 28 (statement -> CONTINUE SEMICOLON .)
    TRY             reduce using rule 28 (statement -> CONTINUE SEMICOLON .)
    WHILE           reduce using rule 28 (statement -> CONTINUE SEMICOLON .)
    IF              reduce using rule 28 (statement -> CONTINUE SEMICOLON .)
    BREAK           reduce using rule 28 (statement -> CONTINUE SEMICOLON .)
    CONTINUE        reduce using rule 28 (statement -> CONTINUE SEMICOLON .)
    FOR             reduce using rule 28 (statement -> CONTINUE SEMICOLON .)
    RETURN          reduce using rule 28 (statement -> CONTINUE SEMICOLON .)
    FUNCTION        reduce using rule 28 (statement -> CONTINUE SEMICOLON .)
    STRING          reduce using rule 28 (statement -> CONTINUE SEMICOLON .)
    NUMBER          reduce using rule 28 (statement -> CONTINUE SEMICOLON .)
    NAME            reduce using rule 28 (statement -> CONTINUE SEMICOLON .)
    NOT             reduce using rule 28 (statement -> CONTINUE SEMICOLON .)
    MINUS           reduce using rule 28 (statement -> CONTINUE SEMICOLON .)
    PLUS            reduce using rule 28 (statement -> CONTINUE SEMICOLON .)
    AT              reduce using rule 28 (statement -> CONTINUE SEMICOLON .)
    LPAREN          reduce using rule 28 (statement -> CONTINUE SEMICOLON .)
    LSQR            reduce using rule 28 (statement -> CONTINUE SEMICOLON .)
    LCURL           reduce using rule 28 (statement -> CONTINUE SEMICOLON .)
    SWITCH          reduce using rule 28 (statement -> CONTINUE SEMICOLON .)
    $end            reduce using rule 28 (statement -> CONTINUE SEMICOLON .)
    CATCH           reduce using rule 28 (statement -> CONTINUE SEMICOLON .)
    END             reduce using rule 28 (statement -> CONTINUE SEMICOLON .)
    CASE            reduce using rule 28 (statement -> CONTINUE SEMICOLON .)
    ELSEIF          reduce using rule 28 (statement -> CONTINUE SEMICOLON .)
    ELSE            reduce using rule 28 (statement -> CONTINUE SEMICOLON .)
    OTHERWISE       reduce using rule 28 (statement -> CONTINUE SEMICOLON .)


state 75

    (30) statement -> CONTINUE NEWLINE .
    COMMAND         reduce using rule 30 (statement -> CONTINUE NEWLINE .)
    NEWLINE         reduce using rule 30 (statement -> CONTINUE NEWLINE .)
    SEMICOLON       reduce using rule 30 (statement -> CONTINUE NEWLINE .)
    TRY             reduce using rule 30 (statement -> CONTINUE NEWLINE .)
    WHILE           reduce using rule 30 (statement -> CONTINUE NEWLINE .)
    IF              reduce using rule 30 (statement -> CONTINUE NEWLINE .)
    BREAK           reduce using rule 30 (statement -> CONTINUE NEWLINE .)
    CONTINUE        reduce using rule 30 (statement -> CONTINUE NEWLINE .)
    FOR             reduce using rule 30 (statement -> CONTINUE NEWLINE .)
    RETURN          reduce using rule 30 (statement -> CONTINUE NEWLINE .)
    FUNCTION        reduce using rule 30 (statement -> CONTINUE NEWLINE .)
    STRING          reduce using rule 30 (statement -> CONTINUE NEWLINE .)
    NUMBER          reduce using rule 30 (statement -> CONTINUE NEWLINE .)
    NAME            reduce using rule 30 (statement -> CONTINUE NEWLINE .)
    NOT             reduce using rule 30 (statement -> CONTINUE NEWLINE .)
    MINUS           reduce using rule 30 (statement -> CONTINUE NEWLINE .)
    PLUS            reduce using rule 30 (statement -> CONTINUE NEWLINE .)
    AT              reduce using rule 30 (statement -> CONTINUE NEWLINE .)
    LPAREN          reduce using rule 30 (statement -> CONTINUE NEWLINE .)
    LSQR            reduce using rule 30 (statement -> CONTINUE NEWLINE .)
    LCURL           reduce using rule 30 (statement -> CONTINUE NEWLINE .)
    SWITCH          reduce using rule 30 (statement -> CONTINUE NEWLINE .)
    $end            reduce using rule 30 (statement -> CONTINUE NEWLINE .)
    CATCH           reduce using rule 30 (statement -> CONTINUE NEWLINE .)
    END             reduce using rule 30 (statement -> CONTINUE NEWLINE .)
    CASE            reduce using rule 30 (statement -> CONTINUE NEWLINE .)
    ELSEIF          reduce using rule 30 (statement -> CONTINUE NEWLINE .)
    ELSE            reduce using rule 30 (statement -> CONTINUE NEWLINE .)
    OTHERWISE       reduce using rule 30 (statement -> CONTINUE NEWLINE .)


state 76

    (31) statement -> FOR statement . code_block END SEMICOLON
    (32) statement -> FOR statement . code_block END NEWLINE
    (1) code_block -> . statement
    (2) code_block -> . statement code_block
    (3) code_block -> . code_block statement
    (4) statement -> . COMMAND
    (5) statement -> . expr COMMA
    (6) statement -> . expr NEWLINE
    (7) statement -> . expr SEMICOLON
    (8) statement -> . NEWLINE
    (9) statement -> . SEMICOLON
    (10) statement -> . switch_block OTHERWISE NEWLINE code_block END SEMICOLON
    (11) statement -> . switch_block OTHERWISE SEMICOLON code_block END SEMICOLON
    (12) statement -> . switch_block OTHERWISE NEWLINE code_block END NEWLINE
    (13) statement -> . switch_block OTHERWISE SEMICOLON code_block END NEWLINE
    (14) statement -> . switch_block END NEWLINE
    (15) statement -> . TRY code_block CATCH statement code_block END NEWLINE
    (16) statement -> . WHILE expr code_block END NEWLINE
    (17) statement -> . WHILE statement code_block END NEWLINE
    (18) statement -> . IF expr statement END SEMICOLON
    (19) statement -> . IF expr statement END NEWLINE
    (20) statement -> . IF expr statement END
    (21) statement -> . IF statement statement END SEMICOLON
    (22) statement -> . IF statement statement END NEWLINE
    (23) statement -> . IF statement statement END
    (24) statement -> . if_block END SEMICOLON
    (25) statement -> . if_block END NEWLINE
    (26) statement -> . if_block END
    (27) statement -> . BREAK SEMICOLON
    (28) statement -> . CONTINUE SEMICOLON
    (29) statement -> . BREAK NEWLINE
    (30) statement -> . CONTINUE NEWLINE
    (31) statement -> . FOR statement code_block END SEMICOLON
    (32) statement -> . FOR statement code_block END NEWLINE
    (33) statement -> . RETURN expr SEMICOLON
    (34) statement -> . RETURN expr NEWLINE
    (35) statement -> . FUNCTION statement code_block
    (36) statement -> . FUNCTION statement code_block END NEWLINE
    (49) expr -> . STRING
    (50) expr -> . NUMBER
    (51) expr -> . NAME
    (52) expr -> . expr CTRANSPOSE
    (53) expr -> . expr TRANSPOSE
    (54) expr -> . expr MPOWER expr
    (55) expr -> . expr POWER expr
    (56) expr -> . expr LDIVIDE expr
    (57) expr -> . expr RDIVIDE expr
    (58) expr -> . expr TIMES expr
    (59) expr -> . expr MLDIVIDE expr
    (60) expr -> . expr MRDIVIDE expr
    (61) expr -> . expr MTIMES expr
    (62) expr -> . expr MINUS expr
    (63) expr -> . expr PLUS expr
    (64) expr -> . expr NE expr
    (65) expr -> . expr EQ expr
    (66) expr -> . expr GE expr
    (67) expr -> . expr GT expr
    (68) expr -> . expr LE expr
    (69) expr -> . expr LT expr
    (70) expr -> . expr AND expr
    (71) expr -> . expr OR expr
    (72) expr -> . expr ANDAND expr
    (73) expr -> . expr OROR expr
    (74) expr -> . expr COLON expr
    (75) expr -> . NOT expr
    (76) expr -> . MINUS expr
    (77) expr -> . PLUS expr
    (78) expr -> . AT LPAREN args RPAREN expr
    (79) expr -> . expr DOT NAME
    (80) expr -> . expr ELLIPSIS NEWLINE
    (81) expr -> . LPAREN expr RPAREN
    (82) expr -> . expr ASSIGN expr
    (83) expr -> . LSQR matrx_rows matrx_elements RSQR
    (84) expr -> . LSQR matrx_elements RSQR
    (85) expr -> . LSQR RSQR
    (86) expr -> . LSQR matrx_rows RSQR
    (87) expr -> . LCURL matrx_rows matrx_elements RCURL
    (88) expr -> . LCURL matrx_elements RCURL
    (89) expr -> . LCURL RCURL
    (90) expr -> . LCURL matrx_rows RCURL
    (91) expr -> . expr LCURL args RCURL
    (92) expr -> . expr LPAREN args RPAREN
    (43) switch_block -> . SWITCH expr CASE expr code_block
    (44) switch_block -> . SWITCH expr CASE statement code_block
    (45) switch_block -> . SWITCH statement CASE expr code_block
    (46) switch_block -> . SWITCH statement CASE statement code_block
    (47) switch_block -> . switch_block CASE expr code_block
    (48) switch_block -> . switch_block CASE statement code_block
    (37) if_block -> . IF expr code_block
    (38) if_block -> . IF statement code_block
    (39) if_block -> . if_block ELSEIF expr code_block
    (40) if_block -> . if_block ELSEIF statement code_block
    (41) if_block -> . if_block ELSE SEMICOLON code_block
    (42) if_block -> . if_block ELSE NEWLINE code_block
    COMMAND         shift and go to state 3
    NEWLINE         shift and go to state 5
    SEMICOLON       shift and go to state 6
    TRY             shift and go to state 8
    WHILE           shift and go to state 9
    IF              shift and go to state 10
    BREAK           shift and go to state 12
    CONTINUE        shift and go to state 13
    FOR             shift and go to state 14
    RETURN          shift and go to state 15
    FUNCTION        shift and go to state 16
    STRING          shift and go to state 17
    NUMBER          shift and go to state 18
    NAME            shift and go to state 19
    NOT             shift and go to state 22
    MINUS           shift and go to state 20
    PLUS            shift and go to state 21
    AT              shift and go to state 23
    LPAREN          shift and go to state 24
    LSQR            shift and go to state 25
    LCURL           shift and go to state 26
    SWITCH          shift and go to state 27

    statement                      shift and go to state 2
    code_block                     shift and go to state 144
    expr                           shift and go to state 4
    switch_block                   shift and go to state 7
    if_block                       shift and go to state 11

state 77

    (33) statement -> RETURN expr . SEMICOLON
    (34) statement -> RETURN expr . NEWLINE
    (52) expr -> expr . CTRANSPOSE
    (53) expr -> expr . TRANSPOSE
    (54) expr -> expr . MPOWER expr
    (55) expr -> expr . POWER expr
    (56) expr -> expr . LDIVIDE expr
    (57) expr -> expr . RDIVIDE expr
    (58) expr -> expr . TIMES expr
    (59) expr -> expr . MLDIVIDE expr
    (60) expr -> expr . MRDIVIDE expr
    (61) expr -> expr . MTIMES expr
    (62) expr -> expr . MINUS expr
    (63) expr -> expr . PLUS expr
    (64) expr -> expr . NE expr
    (65) expr -> expr . EQ expr
    (66) expr -> expr . GE expr
    (67) expr -> expr . GT expr
    (68) expr -> expr . LE expr
    (69) expr -> expr . LT expr
    (70) expr -> expr . AND expr
    (71) expr -> expr . OR expr
    (72) expr -> expr . ANDAND expr
    (73) expr -> expr . OROR expr
    (74) expr -> expr . COLON expr
    (79) expr -> expr . DOT NAME
    (80) expr -> expr . ELLIPSIS NEWLINE
    (82) expr -> expr . ASSIGN expr
    (91) expr -> expr . LCURL args RCURL
    (92) expr -> expr . LPAREN args RPAREN
    SEMICOLON       shift and go to state 145
    NEWLINE         shift and go to state 146
    CTRANSPOSE      shift and go to state 33
    TRANSPOSE       shift and go to state 34
    MPOWER          shift and go to state 35
    POWER           shift and go to state 36
    LDIVIDE         shift and go to state 37
    RDIVIDE         shift and go to state 38
    TIMES           shift and go to state 39
    MLDIVIDE        shift and go to state 40
    MRDIVIDE        shift and go to state 41
    MTIMES          shift and go to state 42
    MINUS           shift and go to state 43
    PLUS            shift and go to state 44
    NE              shift and go to state 45
    EQ              shift and go to state 46
    GE              shift and go to state 47
    GT              shift and go to state 48
    LE              shift and go to state 49
    LT              shift and go to state 50
    AND             shift and go to state 51
    OR              shift and go to state 52
    ANDAND          shift and go to state 53
    OROR            shift and go to state 54
    COLON           shift and go to state 55
    DOT             shift and go to state 56
    ELLIPSIS        shift and go to state 57
    ASSIGN          shift and go to state 58
    LCURL           shift and go to state 59
    LPAREN          shift and go to state 60


state 78

    (35) statement -> FUNCTION statement . code_block
    (36) statement -> FUNCTION statement . code_block END NEWLINE
    (1) code_block -> . statement
    (2) code_block -> . statement code_block
    (3) code_block -> . code_block statement
    (4) statement -> . COMMAND
    (5) statement -> . expr COMMA
    (6) statement -> . expr NEWLINE
    (7) statement -> . expr SEMICOLON
    (8) statement -> . NEWLINE
    (9) statement -> . SEMICOLON
    (10) statement -> . switch_block OTHERWISE NEWLINE code_block END SEMICOLON
    (11) statement -> . switch_block OTHERWISE SEMICOLON code_block END SEMICOLON
    (12) statement -> . switch_block OTHERWISE NEWLINE code_block END NEWLINE
    (13) statement -> . switch_block OTHERWISE SEMICOLON code_block END NEWLINE
    (14) statement -> . switch_block END NEWLINE
    (15) statement -> . TRY code_block CATCH statement code_block END NEWLINE
    (16) statement -> . WHILE expr code_block END NEWLINE
    (17) statement -> . WHILE statement code_block END NEWLINE
    (18) statement -> . IF expr statement END SEMICOLON
    (19) statement -> . IF expr statement END NEWLINE
    (20) statement -> . IF expr statement END
    (21) statement -> . IF statement statement END SEMICOLON
    (22) statement -> . IF statement statement END NEWLINE
    (23) statement -> . IF statement statement END
    (24) statement -> . if_block END SEMICOLON
    (25) statement -> . if_block END NEWLINE
    (26) statement -> . if_block END
    (27) statement -> . BREAK SEMICOLON
    (28) statement -> . CONTINUE SEMICOLON
    (29) statement -> . BREAK NEWLINE
    (30) statement -> . CONTINUE NEWLINE
    (31) statement -> . FOR statement code_block END SEMICOLON
    (32) statement -> . FOR statement code_block END NEWLINE
    (33) statement -> . RETURN expr SEMICOLON
    (34) statement -> . RETURN expr NEWLINE
    (35) statement -> . FUNCTION statement code_block
    (36) statement -> . FUNCTION statement code_block END NEWLINE
    (49) expr -> . STRING
    (50) expr -> . NUMBER
    (51) expr -> . NAME
    (52) expr -> . expr CTRANSPOSE
    (53) expr -> . expr TRANSPOSE
    (54) expr -> . expr MPOWER expr
    (55) expr -> . expr POWER expr
    (56) expr -> . expr LDIVIDE expr
    (57) expr -> . expr RDIVIDE expr
    (58) expr -> . expr TIMES expr
    (59) expr -> . expr MLDIVIDE expr
    (60) expr -> . expr MRDIVIDE expr
    (61) expr -> . expr MTIMES expr
    (62) expr -> . expr MINUS expr
    (63) expr -> . expr PLUS expr
    (64) expr -> . expr NE expr
    (65) expr -> . expr EQ expr
    (66) expr -> . expr GE expr
    (67) expr -> . expr GT expr
    (68) expr -> . expr LE expr
    (69) expr -> . expr LT expr
    (70) expr -> . expr AND expr
    (71) expr -> . expr OR expr
    (72) expr -> . expr ANDAND expr
    (73) expr -> . expr OROR expr
    (74) expr -> . expr COLON expr
    (75) expr -> . NOT expr
    (76) expr -> . MINUS expr
    (77) expr -> . PLUS expr
    (78) expr -> . AT LPAREN args RPAREN expr
    (79) expr -> . expr DOT NAME
    (80) expr -> . expr ELLIPSIS NEWLINE
    (81) expr -> . LPAREN expr RPAREN
    (82) expr -> . expr ASSIGN expr
    (83) expr -> . LSQR matrx_rows matrx_elements RSQR
    (84) expr -> . LSQR matrx_elements RSQR
    (85) expr -> . LSQR RSQR
    (86) expr -> . LSQR matrx_rows RSQR
    (87) expr -> . LCURL matrx_rows matrx_elements RCURL
    (88) expr -> . LCURL matrx_elements RCURL
    (89) expr -> . LCURL RCURL
    (90) expr -> . LCURL matrx_rows RCURL
    (91) expr -> . expr LCURL args RCURL
    (92) expr -> . expr LPAREN args RPAREN
    (43) switch_block -> . SWITCH expr CASE expr code_block
    (44) switch_block -> . SWITCH expr CASE statement code_block
    (45) switch_block -> . SWITCH statement CASE expr code_block
    (46) switch_block -> . SWITCH statement CASE statement code_block
    (47) switch_block -> . switch_block CASE expr code_block
    (48) switch_block -> . switch_block CASE statement code_block
    (37) if_block -> . IF expr code_block
    (38) if_block -> . IF statement code_block
    (39) if_block -> . if_block ELSEIF expr code_block
    (40) if_block -> . if_block ELSEIF statement code_block
    (41) if_block -> . if_block ELSE SEMICOLON code_block
    (42) if_block -> . if_block ELSE NEWLINE code_block
    COMMAND         shift and go to state 3
    NEWLINE         shift and go to state 5
    SEMICOLON       shift and go to state 6
    TRY             shift and go to state 8
    WHILE           shift and go to state 9
    IF              shift and go to state 10
    BREAK           shift and go to state 12
    CONTINUE        shift and go to state 13
    FOR             shift and go to state 14
    RETURN          shift and go to state 15
    FUNCTION        shift and go to state 16
    STRING          shift and go to state 17
    NUMBER          shift and go to state 18
    NAME            shift and go to state 19
    NOT             shift and go to state 22
    MINUS           shift and go to state 20
    PLUS            shift and go to state 21
    AT              shift and go to state 23
    LPAREN          shift and go to state 24
    LSQR            shift and go to state 25
    LCURL           shift and go to state 26
    SWITCH          shift and go to state 27

    statement                      shift and go to state 2
    code_block                     shift and go to state 147
    expr                           shift and go to state 4
    switch_block                   shift and go to state 7
    if_block                       shift and go to state 11

state 79

    (76) expr -> MINUS expr .
    (52) expr -> expr . CTRANSPOSE
    (53) expr -> expr . TRANSPOSE
    (54) expr -> expr . MPOWER expr
    (55) expr -> expr . POWER expr
    (56) expr -> expr . LDIVIDE expr
    (57) expr -> expr . RDIVIDE expr
    (58) expr -> expr . TIMES expr
    (59) expr -> expr . MLDIVIDE expr
    (60) expr -> expr . MRDIVIDE expr
    (61) expr -> expr . MTIMES expr
    (62) expr -> expr . MINUS expr
    (63) expr -> expr . PLUS expr
    (64) expr -> expr . NE expr
    (65) expr -> expr . EQ expr
    (66) expr -> expr . GE expr
    (67) expr -> expr . GT expr
    (68) expr -> expr . LE expr
    (69) expr -> expr . LT expr
    (70) expr -> expr . AND expr
    (71) expr -> expr . OR expr
    (72) expr -> expr . ANDAND expr
    (73) expr -> expr . OROR expr
    (74) expr -> expr . COLON expr
    (79) expr -> expr . DOT NAME
    (80) expr -> expr . ELLIPSIS NEWLINE
    (82) expr -> expr . ASSIGN expr
    (91) expr -> expr . LCURL args RCURL
    (92) expr -> expr . LPAREN args RPAREN
    COMMA           reduce using rule 76 (expr -> MINUS expr .)
    NEWLINE         reduce using rule 76 (expr -> MINUS expr .)
    SEMICOLON       reduce using rule 76 (expr -> MINUS expr .)
    MINUS           reduce using rule 76 (expr -> MINUS expr .)
    PLUS            reduce using rule 76 (expr -> MINUS expr .)
    NE              reduce using rule 76 (expr -> MINUS expr .)
    EQ              reduce using rule 76 (expr -> MINUS expr .)
    GE              reduce using rule 76 (expr -> MINUS expr .)
    GT              reduce using rule 76 (expr -> MINUS expr .)
    LE              reduce using rule 76 (expr -> MINUS expr .)
    LT              reduce using rule 76 (expr -> MINUS expr .)
    AND             reduce using rule 76 (expr -> MINUS expr .)
    OR              reduce using rule 76 (expr -> MINUS expr .)
    ANDAND          reduce using rule 76 (expr -> MINUS expr .)
    OROR            reduce using rule 76 (expr -> MINUS expr .)
    COLON           reduce using rule 76 (expr -> MINUS expr .)
    ELLIPSIS        reduce using rule 76 (expr -> MINUS expr .)
    ASSIGN          reduce using rule 76 (expr -> MINUS expr .)
    LCURL           reduce using rule 76 (expr -> MINUS expr .)
    LPAREN          reduce using rule 76 (expr -> MINUS expr .)
    COMMAND         reduce using rule 76 (expr -> MINUS expr .)
    TRY             reduce using rule 76 (expr -> MINUS expr .)
    WHILE           reduce using rule 76 (expr -> MINUS expr .)
    IF              reduce using rule 76 (expr -> MINUS expr .)
    BREAK           reduce using rule 76 (expr -> MINUS expr .)
    CONTINUE        reduce using rule 76 (expr -> MINUS expr .)
    FOR             reduce using rule 76 (expr -> MINUS expr .)
    RETURN          reduce using rule 76 (expr -> MINUS expr .)
    FUNCTION        reduce using rule 76 (expr -> MINUS expr .)
    STRING          reduce using rule 76 (expr -> MINUS expr .)
    NUMBER          reduce using rule 76 (expr -> MINUS expr .)
    NAME            reduce using rule 76 (expr -> MINUS expr .)
    NOT             reduce using rule 76 (expr -> MINUS expr .)
    AT              reduce using rule 76 (expr -> MINUS expr .)
    LSQR            reduce using rule 76 (expr -> MINUS expr .)
    SWITCH          reduce using rule 76 (expr -> MINUS expr .)
    RPAREN          reduce using rule 76 (expr -> MINUS expr .)
    RSQR            reduce using rule 76 (expr -> MINUS expr .)
    RCURL           reduce using rule 76 (expr -> MINUS expr .)
    CASE            reduce using rule 76 (expr -> MINUS expr .)
    CTRANSPOSE      shift and go to state 33
    TRANSPOSE       shift and go to state 34
    MPOWER          shift and go to state 35
    POWER           shift and go to state 36
    LDIVIDE         shift and go to state 37
    RDIVIDE         shift and go to state 38
    TIMES           shift and go to state 39
    MLDIVIDE        shift and go to state 40
    MRDIVIDE        shift and go to state 41
    MTIMES          shift and go to state 42
    DOT             shift and go to state 56


state 80

    (77) expr -> PLUS expr .
    (52) expr -> expr . CTRANSPOSE
    (53) expr -> expr . TRANSPOSE
    (54) expr -> expr . MPOWER expr
    (55) expr -> expr . POWER expr
    (56) expr -> expr . LDIVIDE expr
    (57) expr -> expr . RDIVIDE expr
    (58) expr -> expr . TIMES expr
    (59) expr -> expr . MLDIVIDE expr
    (60) expr -> expr . MRDIVIDE expr
    (61) expr -> expr . MTIMES expr
    (62) expr -> expr . MINUS expr
    (63) expr -> expr . PLUS expr
    (64) expr -> expr . NE expr
    (65) expr -> expr . EQ expr
    (66) expr -> expr . GE expr
    (67) expr -> expr . GT expr
    (68) expr -> expr . LE expr
    (69) expr -> expr . LT expr
    (70) expr -> expr . AND expr
    (71) expr -> expr . OR expr
    (72) expr -> expr . ANDAND expr
    (73) expr -> expr . OROR expr
    (74) expr -> expr . COLON expr
    (79) expr -> expr . DOT NAME
    (80) expr -> expr . ELLIPSIS NEWLINE
    (82) expr -> expr . ASSIGN expr
    (91) expr -> expr . LCURL args RCURL
    (92) expr -> expr . LPAREN args RPAREN
    COMMA           reduce using rule 77 (expr -> PLUS expr .)
    NEWLINE         reduce using rule 77 (expr -> PLUS expr .)
    SEMICOLON       reduce using rule 77 (expr -> PLUS expr .)
    MINUS           reduce using rule 77 (expr -> PLUS expr .)
    PLUS            reduce using rule 77 (expr -> PLUS expr .)
    NE              reduce using rule 77 (expr -> PLUS expr .)
    EQ              reduce using rule 77 (expr -> PLUS expr .)
    GE              reduce using rule 77 (expr -> PLUS expr .)
    GT              reduce using rule 77 (expr -> PLUS expr .)
    LE              reduce using rule 77 (expr -> PLUS expr .)
    LT              reduce using rule 77 (expr -> PLUS expr .)
    AND             reduce using rule 77 (expr -> PLUS expr .)
    OR              reduce using rule 77 (expr -> PLUS expr .)
    ANDAND          reduce using rule 77 (expr -> PLUS expr .)
    OROR            reduce using rule 77 (expr -> PLUS expr .)
    COLON           reduce using rule 77 (expr -> PLUS expr .)
    ELLIPSIS        reduce using rule 77 (expr -> PLUS expr .)
    ASSIGN          reduce using rule 77 (expr -> PLUS expr .)
    LCURL           reduce using rule 77 (expr -> PLUS expr .)
    LPAREN          reduce using rule 77 (expr -> PLUS expr .)
    COMMAND         reduce using rule 77 (expr -> PLUS expr .)
    TRY             reduce using rule 77 (expr -> PLUS expr .)
    WHILE           reduce using rule 77 (expr -> PLUS expr .)
    IF              reduce using rule 77 (expr -> PLUS expr .)
    BREAK           reduce using rule 77 (expr -> PLUS expr .)
    CONTINUE        reduce using rule 77 (expr -> PLUS expr .)
    FOR             reduce using rule 77 (expr -> PLUS expr .)
    RETURN          reduce using rule 77 (expr -> PLUS expr .)
    FUNCTION        reduce using rule 77 (expr -> PLUS expr .)
    STRING          reduce using rule 77 (expr -> PLUS expr .)
    NUMBER          reduce using rule 77 (expr -> PLUS expr .)
    NAME            reduce using rule 77 (expr -> PLUS expr .)
    NOT             reduce using rule 77 (expr -> PLUS expr .)
    AT              reduce using rule 77 (expr -> PLUS expr .)
    LSQR            reduce using rule 77 (expr -> PLUS expr .)
    SWITCH          reduce using rule 77 (expr -> PLUS expr .)
    RPAREN          reduce using rule 77 (expr -> PLUS expr .)
    RSQR            reduce using rule 77 (expr -> PLUS expr .)
    RCURL           reduce using rule 77 (expr -> PLUS expr .)
    CASE            reduce using rule 77 (expr -> PLUS expr .)
    CTRANSPOSE      shift and go to state 33
    TRANSPOSE       shift and go to state 34
    MPOWER          shift and go to state 35
    POWER           shift and go to state 36
    LDIVIDE         shift and go to state 37
    RDIVIDE         shift and go to state 38
    TIMES           shift and go to state 39
    MLDIVIDE        shift and go to state 40
    MRDIVIDE        shift and go to state 41
    MTIMES          shift and go to state 42
    DOT             shift and go to state 56


state 81

    (75) expr -> NOT expr .
    (52) expr -> expr . CTRANSPOSE
    (53) expr -> expr . TRANSPOSE
    (54) expr -> expr . MPOWER expr
    (55) expr -> expr . POWER expr
    (56) expr -> expr . LDIVIDE expr
    (57) expr -> expr . RDIVIDE expr
    (58) expr -> expr . TIMES expr
    (59) expr -> expr . MLDIVIDE expr
    (60) expr -> expr . MRDIVIDE expr
    (61) expr -> expr . MTIMES expr
    (62) expr -> expr . MINUS expr
    (63) expr -> expr . PLUS expr
    (64) expr -> expr . NE expr
    (65) expr -> expr . EQ expr
    (66) expr -> expr . GE expr
    (67) expr -> expr . GT expr
    (68) expr -> expr . LE expr
    (69) expr -> expr . LT expr
    (70) expr -> expr . AND expr
    (71) expr -> expr . OR expr
    (72) expr -> expr . ANDAND expr
    (73) expr -> expr . OROR expr
    (74) expr -> expr . COLON expr
    (79) expr -> expr . DOT NAME
    (80) expr -> expr . ELLIPSIS NEWLINE
    (82) expr -> expr . ASSIGN expr
    (91) expr -> expr . LCURL args RCURL
    (92) expr -> expr . LPAREN args RPAREN
    COMMA           reduce using rule 75 (expr -> NOT expr .)
    NEWLINE         reduce using rule 75 (expr -> NOT expr .)
    SEMICOLON       reduce using rule 75 (expr -> NOT expr .)
    LDIVIDE         reduce using rule 75 (expr -> NOT expr .)
    RDIVIDE         reduce using rule 75 (expr -> NOT expr .)
    TIMES           reduce using rule 75 (expr -> NOT expr .)
    MLDIVIDE        reduce using rule 75 (expr -> NOT expr .)
    MRDIVIDE        reduce using rule 75 (expr -> NOT expr .)
    MTIMES          reduce using rule 75 (expr -> NOT expr .)
    MINUS           reduce using rule 75 (expr -> NOT expr .)
    PLUS            reduce using rule 75 (expr -> NOT expr .)
    NE              reduce using rule 75 (expr -> NOT expr .)
    EQ              reduce using rule 75 (expr -> NOT expr .)
    GE              reduce using rule 75 (expr -> NOT expr .)
    GT              reduce using rule 75 (expr -> NOT expr .)
    LE              reduce using rule 75 (expr -> NOT expr .)
    LT              reduce using rule 75 (expr -> NOT expr .)
    AND             reduce using rule 75 (expr -> NOT expr .)
    OR              reduce using rule 75 (expr -> NOT expr .)
    ANDAND          reduce using rule 75 (expr -> NOT expr .)
    OROR            reduce using rule 75 (expr -> NOT expr .)
    COLON           reduce using rule 75 (expr -> NOT expr .)
    ELLIPSIS        reduce using rule 75 (expr -> NOT expr .)
    ASSIGN          reduce using rule 75 (expr -> NOT expr .)
    LCURL           reduce using rule 75 (expr -> NOT expr .)
    LPAREN          reduce using rule 75 (expr -> NOT expr .)
    COMMAND         reduce using rule 75 (expr -> NOT expr .)
    TRY             reduce using rule 75 (expr -> NOT expr .)
    WHILE           reduce using rule 75 (expr -> NOT expr .)
    IF              reduce using rule 75 (expr -> NOT expr .)
    BREAK           reduce using rule 75 (expr -> NOT expr .)
    CONTINUE        reduce using rule 75 (expr -> NOT expr .)
    FOR             reduce using rule 75 (expr -> NOT expr .)
    RETURN          reduce using rule 75 (expr -> NOT expr .)
    FUNCTION        reduce using rule 75 (expr -> NOT expr .)
    STRING          reduce using rule 75 (expr -> NOT expr .)
    NUMBER          reduce using rule 75 (expr -> NOT expr .)
    NAME            reduce using rule 75 (expr -> NOT expr .)
    NOT             reduce using rule 75 (expr -> NOT expr .)
    AT              reduce using rule 75 (expr -> NOT expr .)
    LSQR            reduce using rule 75 (expr -> NOT expr .)
    SWITCH          reduce using rule 75 (expr -> NOT expr .)
    RPAREN          reduce using rule 75 (expr -> NOT expr .)
    RSQR            reduce using rule 75 (expr -> NOT expr .)
    RCURL           reduce using rule 75 (expr -> NOT expr .)
    CASE            reduce using rule 75 (expr -> NOT expr .)
    CTRANSPOSE      shift and go to state 33
    TRANSPOSE       shift and go to state 34
    MPOWER          shift and go to state 35
    POWER           shift and go to state 36
    DOT             shift and go to state 56


state 82

    (78) expr -> AT LPAREN . args RPAREN expr
    (93) args -> . expr
    (94) args -> . expr COMMA expr
    (95) args -> . args COMMA expr
    (49) expr -> . STRING
    (50) expr -> . NUMBER
    (51) expr -> . NAME
    (52) expr -> . expr CTRANSPOSE
    (53) expr -> . expr TRANSPOSE
    (54) expr -> . expr MPOWER expr
    (55) expr -> . expr POWER expr
    (56) expr -> . expr LDIVIDE expr
    (57) expr -> . expr RDIVIDE expr
    (58) expr -> . expr TIMES expr
    (59) expr -> . expr MLDIVIDE expr
    (60) expr -> . expr MRDIVIDE expr
    (61) expr -> . expr MTIMES expr
    (62) expr -> . expr MINUS expr
    (63) expr -> . expr PLUS expr
    (64) expr -> . expr NE expr
    (65) expr -> . expr EQ expr
    (66) expr -> . expr GE expr
    (67) expr -> . expr GT expr
    (68) expr -> . expr LE expr
    (69) expr -> . expr LT expr
    (70) expr -> . expr AND expr
    (71) expr -> . expr OR expr
    (72) expr -> . expr ANDAND expr
    (73) expr -> . expr OROR expr
    (74) expr -> . expr COLON expr
    (75) expr -> . NOT expr
    (76) expr -> . MINUS expr
    (77) expr -> . PLUS expr
    (78) expr -> . AT LPAREN args RPAREN expr
    (79) expr -> . expr DOT NAME
    (80) expr -> . expr ELLIPSIS NEWLINE
    (81) expr -> . LPAREN expr RPAREN
    (82) expr -> . expr ASSIGN expr
    (83) expr -> . LSQR matrx_rows matrx_elements RSQR
    (84) expr -> . LSQR matrx_elements RSQR
    (85) expr -> . LSQR RSQR
    (86) expr -> . LSQR matrx_rows RSQR
    (87) expr -> . LCURL matrx_rows matrx_elements RCURL
    (88) expr -> . LCURL matrx_elements RCURL
    (89) expr -> . LCURL RCURL
    (90) expr -> . LCURL matrx_rows RCURL
    (91) expr -> . expr LCURL args RCURL
    (92) expr -> . expr LPAREN args RPAREN
    STRING          shift and go to state 17
    NUMBER          shift and go to state 18
    NAME            shift and go to state 19
    NOT             shift and go to state 22
    MINUS           shift and go to state 20
    PLUS            shift and go to state 21
    AT              shift and go to state 23
    LPAREN          shift and go to state 24
    LSQR            shift and go to state 25
    LCURL           shift and go to state 26

    args                           shift and go to state 148
    expr                           shift and go to state 117

state 83

    (81) expr -> LPAREN expr . RPAREN
    (52) expr -> expr . CTRANSPOSE
    (53) expr -> expr . TRANSPOSE
    (54) expr -> expr . MPOWER expr
    (55) expr -> expr . POWER expr
    (56) expr -> expr . LDIVIDE expr
    (57) expr -> expr . RDIVIDE expr
    (58) expr -> expr . TIMES expr
    (59) expr -> expr . MLDIVIDE expr
    (60) expr -> expr . MRDIVIDE expr
    (61) expr -> expr . MTIMES expr
    (62) expr -> expr . MINUS expr
    (63) expr -> expr . PLUS expr
    (64) expr -> expr . NE expr
    (65) expr -> expr . EQ expr
    (66) expr -> expr . GE expr
    (67) expr -> expr . GT expr
    (68) expr -> expr . LE expr
    (69) expr -> expr . LT expr
    (70) expr -> expr . AND expr
    (71) expr -> expr . OR expr
    (72) expr -> expr . ANDAND expr
    (73) expr -> expr . OROR expr
    (74) expr -> expr . COLON expr
    (79) expr -> expr . DOT NAME
    (80) expr -> expr . ELLIPSIS NEWLINE
    (82) expr -> expr . ASSIGN expr
    (91) expr -> expr . LCURL args RCURL
    (92) expr -> expr . LPAREN args RPAREN
    RPAREN          shift and go to state 149
    CTRANSPOSE      shift and go to state 33
    TRANSPOSE       shift and go to state 34
    MPOWER          shift and go to state 35
    POWER           shift and go to state 36
    LDIVIDE         shift and go to state 37
    RDIVIDE         shift and go to state 38
    TIMES           shift and go to state 39
    MLDIVIDE        shift and go to state 40
    MRDIVIDE        shift and go to state 41
    MTIMES          shift and go to state 42
    MINUS           shift and go to state 43
    PLUS            shift and go to state 44
    NE              shift and go to state 45
    EQ              shift and go to state 46
    GE              shift and go to state 47
    GT              shift and go to state 48
    LE              shift and go to state 49
    LT              shift and go to state 50
    AND             shift and go to state 51
    OR              shift and go to state 52
    ANDAND          shift and go to state 53
    OROR            shift and go to state 54
    COLON           shift and go to state 55
    DOT             shift and go to state 56
    ELLIPSIS        shift and go to state 57
    ASSIGN          shift and go to state 58
    LCURL           shift and go to state 59
    LPAREN          shift and go to state 60


state 84

    (83) expr -> LSQR matrx_rows . matrx_elements RSQR
    (86) expr -> LSQR matrx_rows . RSQR
    (97) matrx_rows -> matrx_rows . matrx_elements SEMICOLON
    (98) matrx_elements -> . expr
    (99) matrx_elements -> . matrx_elements COMMA expr
    (100) matrx_elements -> . matrx_elements expr
    (49) expr -> . STRING
    (50) expr -> . NUMBER
    (51) expr -> . NAME
    (52) expr -> . expr CTRANSPOSE
    (53) expr -> . expr TRANSPOSE
    (54) expr -> . expr MPOWER expr
    (55) expr -> . expr POWER expr
    (56) expr -> . expr LDIVIDE expr
    (57) expr -> . expr RDIVIDE expr
    (58) expr -> . expr TIMES expr
    (59) expr -> . expr MLDIVIDE expr
    (60) expr -> . expr MRDIVIDE expr
    (61) expr -> . expr MTIMES expr
    (62) expr -> . expr MINUS expr
    (63) expr -> . expr PLUS expr
    (64) expr -> . expr NE expr
    (65) expr -> . expr EQ expr
    (66) expr -> . expr GE expr
    (67) expr -> . expr GT expr
    (68) expr -> . expr LE expr
    (69) expr -> . expr LT expr
    (70) expr -> . expr AND expr
    (71) expr -> . expr OR expr
    (72) expr -> . expr ANDAND expr
    (73) expr -> . expr OROR expr
    (74) expr -> . expr COLON expr
    (75) expr -> . NOT expr
    (76) expr -> . MINUS expr
    (77) expr -> . PLUS expr
    (78) expr -> . AT LPAREN args RPAREN expr
    (79) expr -> . expr DOT NAME
    (80) expr -> . expr ELLIPSIS NEWLINE
    (81) expr -> . LPAREN expr RPAREN
    (82) expr -> . expr ASSIGN expr
    (83) expr -> . LSQR matrx_rows matrx_elements RSQR
    (84) expr -> . LSQR matrx_elements RSQR
    (85) expr -> . LSQR RSQR
    (86) expr -> . LSQR matrx_rows RSQR
    (87) expr -> . LCURL matrx_rows matrx_elements RCURL
    (88) expr -> . LCURL matrx_elements RCURL
    (89) expr -> . LCURL RCURL
    (90) expr -> . LCURL matrx_rows RCURL
    (91) expr -> . expr LCURL args RCURL
    (92) expr -> . expr LPAREN args RPAREN
    RSQR            shift and go to state 151
    STRING          shift and go to state 17
    NUMBER          shift and go to state 18
    NAME            shift and go to state 19
    NOT             shift and go to state 22
    MINUS           shift and go to state 20
    PLUS            shift and go to state 21
    AT              shift and go to state 23
    LPAREN          shift and go to state 24
    LSQR            shift and go to state 25
    LCURL           shift and go to state 26

    matrx_elements                 shift and go to state 150
    expr                           shift and go to state 87

state 85

    (84) expr -> LSQR matrx_elements . RSQR
    (96) matrx_rows -> matrx_elements . SEMICOLON
    (99) matrx_elements -> matrx_elements . COMMA expr
    (100) matrx_elements -> matrx_elements . expr
    (49) expr -> . STRING
    (50) expr -> . NUMBER
    (51) expr -> . NAME
    (52) expr -> . expr CTRANSPOSE
    (53) expr -> . expr TRANSPOSE
    (54) expr -> . expr MPOWER expr
    (55) expr -> . expr POWER expr
    (56) expr -> . expr LDIVIDE expr
    (57) expr -> . expr RDIVIDE expr
    (58) expr -> . expr TIMES expr
    (59) expr -> . expr MLDIVIDE expr
    (60) expr -> . expr MRDIVIDE expr
    (61) expr -> . expr MTIMES expr
    (62) expr -> . expr MINUS expr
    (63) expr -> . expr PLUS expr
    (64) expr -> . expr NE expr
    (65) expr -> . expr EQ expr
    (66) expr -> . expr GE expr
    (67) expr -> . expr GT expr
    (68) expr -> . expr LE expr
    (69) expr -> . expr LT expr
    (70) expr -> . expr AND expr
    (71) expr -> . expr OR expr
    (72) expr -> . expr ANDAND expr
    (73) expr -> . expr OROR expr
    (74) expr -> . expr COLON expr
    (75) expr -> . NOT expr
    (76) expr -> . MINUS expr
    (77) expr -> . PLUS expr
    (78) expr -> . AT LPAREN args RPAREN expr
    (79) expr -> . expr DOT NAME
    (80) expr -> . expr ELLIPSIS NEWLINE
    (81) expr -> . LPAREN expr RPAREN
    (82) expr -> . expr ASSIGN expr
    (83) expr -> . LSQR matrx_rows matrx_elements RSQR
    (84) expr -> . LSQR matrx_elements RSQR
    (85) expr -> . LSQR RSQR
    (86) expr -> . LSQR matrx_rows RSQR
    (87) expr -> . LCURL matrx_rows matrx_elements RCURL
    (88) expr -> . LCURL matrx_elements RCURL
    (89) expr -> . LCURL RCURL
    (90) expr -> . LCURL matrx_rows RCURL
    (91) expr -> . expr LCURL args RCURL
    (92) expr -> . expr LPAREN args RPAREN
    RSQR            shift and go to state 152
    SEMICOLON       shift and go to state 153
    COMMA           shift and go to state 154
    STRING          shift and go to state 17
    NUMBER          shift and go to state 18
    NAME            shift and go to state 19
    NOT             shift and go to state 22
    MINUS           shift and go to state 20
    PLUS            shift and go to state 21
    AT              shift and go to state 23
    LPAREN          shift and go to state 24
    LSQR            shift and go to state 25
    LCURL           shift and go to state 26

    expr                           shift and go to state 155

state 86

    (85) expr -> LSQR RSQR .
    COMMA           reduce using rule 85 (expr -> LSQR RSQR .)
    NEWLINE         reduce using rule 85 (expr -> LSQR RSQR .)
    SEMICOLON       reduce using rule 85 (expr -> LSQR RSQR .)
    CTRANSPOSE      reduce using rule 85 (expr -> LSQR RSQR .)
    TRANSPOSE       reduce using rule 85 (expr -> LSQR RSQR .)
    MPOWER          reduce using rule 85 (expr -> LSQR RSQR .)
    POWER           reduce using rule 85 (expr -> LSQR RSQR .)
    LDIVIDE         reduce using rule 85 (expr -> LSQR RSQR .)
    RDIVIDE         reduce using rule 85 (expr -> LSQR RSQR .)
    TIMES           reduce using rule 85 (expr -> LSQR RSQR .)
    MLDIVIDE        reduce using rule 85 (expr -> LSQR RSQR .)
    MRDIVIDE        reduce using rule 85 (expr -> LSQR RSQR .)
    MTIMES          reduce using rule 85 (expr -> LSQR RSQR .)
    MINUS           reduce using rule 85 (expr -> LSQR RSQR .)
    PLUS            reduce using rule 85 (expr -> LSQR RSQR .)
    NE              reduce using rule 85 (expr -> LSQR RSQR .)
    EQ              reduce using rule 85 (expr -> LSQR RSQR .)
    GE              reduce using rule 85 (expr -> LSQR RSQR .)
    GT              reduce using rule 85 (expr -> LSQR RSQR .)
    LE              reduce using rule 85 (expr -> LSQR RSQR .)
    LT              reduce using rule 85 (expr -> LSQR RSQR .)
    AND             reduce using rule 85 (expr -> LSQR RSQR .)
    OR              reduce using rule 85 (expr -> LSQR RSQR .)
    ANDAND          reduce using rule 85 (expr -> LSQR RSQR .)
    OROR            reduce using rule 85 (expr -> LSQR RSQR .)
    COLON           reduce using rule 85 (expr -> LSQR RSQR .)
    DOT             reduce using rule 85 (expr -> LSQR RSQR .)
    ELLIPSIS        reduce using rule 85 (expr -> LSQR RSQR .)
    ASSIGN          reduce using rule 85 (expr -> LSQR RSQR .)
    LCURL           reduce using rule 85 (expr -> LSQR RSQR .)
    LPAREN          reduce using rule 85 (expr -> LSQR RSQR .)
    COMMAND         reduce using rule 85 (expr -> LSQR RSQR .)
    TRY             reduce using rule 85 (expr -> LSQR RSQR .)
    WHILE           reduce using rule 85 (expr -> LSQR RSQR .)
    IF              reduce using rule 85 (expr -> LSQR RSQR .)
    BREAK           reduce using rule 85 (expr -> LSQR RSQR .)
    CONTINUE        reduce using rule 85 (expr -> LSQR RSQR .)
    FOR             reduce using rule 85 (expr -> LSQR RSQR .)
    RETURN          reduce using rule 85 (expr -> LSQR RSQR .)
    FUNCTION        reduce using rule 85 (expr -> LSQR RSQR .)
    STRING          reduce using rule 85 (expr -> LSQR RSQR .)
    NUMBER          reduce using rule 85 (expr -> LSQR RSQR .)
    NAME            reduce using rule 85 (expr -> LSQR RSQR .)
    NOT             reduce using rule 85 (expr -> LSQR RSQR .)
    AT              reduce using rule 85 (expr -> LSQR RSQR .)
    LSQR            reduce using rule 85 (expr -> LSQR RSQR .)
    SWITCH          reduce using rule 85 (expr -> LSQR RSQR .)
    RPAREN          reduce using rule 85 (expr -> LSQR RSQR .)
    RSQR            reduce using rule 85 (expr -> LSQR RSQR .)
    RCURL           reduce using rule 85 (expr -> LSQR RSQR .)
    CASE            reduce using rule 85 (expr -> LSQR RSQR .)


state 87

    (98) matrx_elements -> expr .
    (52) expr -> expr . CTRANSPOSE
    (53) expr -> expr . TRANSPOSE
    (54) expr -> expr . MPOWER expr
    (55) expr -> expr . POWER expr
    (56) expr -> expr . LDIVIDE expr
    (57) expr -> expr . RDIVIDE expr
    (58) expr -> expr . TIMES expr
    (59) expr -> expr . MLDIVIDE expr
    (60) expr -> expr . MRDIVIDE expr
    (61) expr -> expr . MTIMES expr
    (62) expr -> expr . MINUS expr
    (63) expr -> expr . PLUS expr
    (64) expr -> expr . NE expr
    (65) expr -> expr . EQ expr
    (66) expr -> expr . GE expr
    (67) expr -> expr . GT expr
    (68) expr -> expr . LE expr
    (69) expr -> expr . LT expr
    (70) expr -> expr . AND expr
    (71) expr -> expr . OR expr
    (72) expr -> expr . ANDAND expr
    (73) expr -> expr . OROR expr
    (74) expr -> expr . COLON expr
    (79) expr -> expr . DOT NAME
    (80) expr -> expr . ELLIPSIS NEWLINE
    (82) expr -> expr . ASSIGN expr
    (91) expr -> expr . LCURL args RCURL
    (92) expr -> expr . LPAREN args RPAREN
  ! shift/reduce conflict for MINUS resolved as shift
  ! shift/reduce conflict for PLUS resolved as shift
  ! shift/reduce conflict for LCURL resolved as shift
  ! shift/reduce conflict for LPAREN resolved as shift
    RSQR            reduce using rule 98 (matrx_elements -> expr .)
    SEMICOLON       reduce using rule 98 (matrx_elements -> expr .)
    COMMA           reduce using rule 98 (matrx_elements -> expr .)
    STRING          reduce using rule 98 (matrx_elements -> expr .)
    NUMBER          reduce using rule 98 (matrx_elements -> expr .)
    NAME            reduce using rule 98 (matrx_elements -> expr .)
    NOT             reduce using rule 98 (matrx_elements -> expr .)
    AT              reduce using rule 98 (matrx_elements -> expr .)
    LSQR            reduce using rule 98 (matrx_elements -> expr .)
    RCURL           reduce using rule 98 (matrx_elements -> expr .)
    CTRANSPOSE      shift and go to state 33
    TRANSPOSE       shift and go to state 34
    MPOWER          shift and go to state 35
    POWER           shift and go to state 36
    LDIVIDE         shift and go to state 37
    RDIVIDE         shift and go to state 38
    TIMES           shift and go to state 39
    MLDIVIDE        shift and go to state 40
    MRDIVIDE        shift and go to state 41
    MTIMES          shift and go to state 42
    MINUS           shift and go to state 43
    PLUS            shift and go to state 44
    NE              shift and go to state 45
    EQ              shift and go to state 46
    GE              shift and go to state 47
    GT              shift and go to state 48
    LE              shift and go to state 49
    LT              shift and go to state 50
    AND             shift and go to state 51
    OR              shift and go to state 52
    ANDAND          shift and go to state 53
    OROR            shift and go to state 54
    COLON           shift and go to state 55
    DOT             shift and go to state 56
    ELLIPSIS        shift and go to state 57
    ASSIGN          shift and go to state 58
    LCURL           shift and go to state 59
    LPAREN          shift and go to state 60


state 88

    (87) expr -> LCURL matrx_rows . matrx_elements RCURL
    (90) expr -> LCURL matrx_rows . RCURL
    (97) matrx_rows -> matrx_rows . matrx_elements SEMICOLON
    (98) matrx_elements -> . expr
    (99) matrx_elements -> . matrx_elements COMMA expr
    (100) matrx_elements -> . matrx_elements expr
    (49) expr -> . STRING
    (50) expr -> . NUMBER
    (51) expr -> . NAME
    (52) expr -> . expr CTRANSPOSE
    (53) expr -> . expr TRANSPOSE
    (54) expr -> . expr MPOWER expr
    (55) expr -> . expr POWER expr
    (56) expr -> . expr LDIVIDE expr
    (57) expr -> . expr RDIVIDE expr
    (58) expr -> . expr TIMES expr
    (59) expr -> . expr MLDIVIDE expr
    (60) expr -> . expr MRDIVIDE expr
    (61) expr -> . expr MTIMES expr
    (62) expr -> . expr MINUS expr
    (63) expr -> . expr PLUS expr
    (64) expr -> . expr NE expr
    (65) expr -> . expr EQ expr
    (66) expr -> . expr GE expr
    (67) expr -> . expr GT expr
    (68) expr -> . expr LE expr
    (69) expr -> . expr LT expr
    (70) expr -> . expr AND expr
    (71) expr -> . expr OR expr
    (72) expr -> . expr ANDAND expr
    (73) expr -> . expr OROR expr
    (74) expr -> . expr COLON expr
    (75) expr -> . NOT expr
    (76) expr -> . MINUS expr
    (77) expr -> . PLUS expr
    (78) expr -> . AT LPAREN args RPAREN expr
    (79) expr -> . expr DOT NAME
    (80) expr -> . expr ELLIPSIS NEWLINE
    (81) expr -> . LPAREN expr RPAREN
    (82) expr -> . expr ASSIGN expr
    (83) expr -> . LSQR matrx_rows matrx_elements RSQR
    (84) expr -> . LSQR matrx_elements RSQR
    (85) expr -> . LSQR RSQR
    (86) expr -> . LSQR matrx_rows RSQR
    (87) expr -> . LCURL matrx_rows matrx_elements RCURL
    (88) expr -> . LCURL matrx_elements RCURL
    (89) expr -> . LCURL RCURL
    (90) expr -> . LCURL matrx_rows RCURL
    (91) expr -> . expr LCURL args RCURL
    (92) expr -> . expr LPAREN args RPAREN
    RCURL           shift and go to state 157
    STRING          shift and go to state 17
    NUMBER          shift and go to state 18
    NAME            shift and go to state 19
    NOT             shift and go to state 22
    MINUS           shift and go to state 20
    PLUS            shift and go to state 21
    AT              shift and go to state 23
    LPAREN          shift and go to state 24
    LSQR            shift and go to state 25
    LCURL           shift and go to state 26

    matrx_elements                 shift and go to state 156
    expr                           shift and go to state 87

state 89

    (88) expr -> LCURL matrx_elements . RCURL
    (96) matrx_rows -> matrx_elements . SEMICOLON
    (99) matrx_elements -> matrx_elements . COMMA expr
    (100) matrx_elements -> matrx_elements . expr
    (49) expr -> . STRING
    (50) expr -> . NUMBER
    (51) expr -> . NAME
    (52) expr -> . expr CTRANSPOSE
    (53) expr -> . expr TRANSPOSE
    (54) expr -> . expr MPOWER expr
    (55) expr -> . expr POWER expr
    (56) expr -> . expr LDIVIDE expr
    (57) expr -> . expr RDIVIDE expr
    (58) expr -> . expr TIMES expr
    (59) expr -> . expr MLDIVIDE expr
    (60) expr -> . expr MRDIVIDE expr
    (61) expr -> . expr MTIMES expr
    (62) expr -> . expr MINUS expr
    (63) expr -> . expr PLUS expr
    (64) expr -> . expr NE expr
    (65) expr -> . expr EQ expr
    (66) expr -> . expr GE expr
    (67) expr -> . expr GT expr
    (68) expr -> . expr LE expr
    (69) expr -> . expr LT expr
    (70) expr -> . expr AND expr
    (71) expr -> . expr OR expr
    (72) expr -> . expr ANDAND expr
    (73) expr -> . expr OROR expr
    (74) expr -> . expr COLON expr
    (75) expr -> . NOT expr
    (76) expr -> . MINUS expr
    (77) expr -> . PLUS expr
    (78) expr -> . AT LPAREN args RPAREN expr
    (79) expr -> . expr DOT NAME
    (80) expr -> . expr ELLIPSIS NEWLINE
    (81) expr -> . LPAREN expr RPAREN
    (82) expr -> . expr ASSIGN expr
    (83) expr -> . LSQR matrx_rows matrx_elements RSQR
    (84) expr -> . LSQR matrx_elements RSQR
    (85) expr -> . LSQR RSQR
    (86) expr -> . LSQR matrx_rows RSQR
    (87) expr -> . LCURL matrx_rows matrx_elements RCURL
    (88) expr -> . LCURL matrx_elements RCURL
    (89) expr -> . LCURL RCURL
    (90) expr -> . LCURL matrx_rows RCURL
    (91) expr -> . expr LCURL args RCURL
    (92) expr -> . expr LPAREN args RPAREN
    RCURL           shift and go to state 158
    SEMICOLON       shift and go to state 153
    COMMA           shift and go to state 154
    STRING          shift and go to state 17
    NUMBER          shift and go to state 18
    NAME            shift and go to state 19
    NOT             shift and go to state 22
    MINUS           shift and go to state 20
    PLUS            shift and go to state 21
    AT              shift and go to state 23
    LPAREN          shift and go to state 24
    LSQR            shift and go to state 25
    LCURL           shift and go to state 26

    expr                           shift and go to state 155

state 90

    (89) expr -> LCURL RCURL .
    COMMA           reduce using rule 89 (expr -> LCURL RCURL .)
    NEWLINE         reduce using rule 89 (expr -> LCURL RCURL .)
    SEMICOLON       reduce using rule 89 (expr -> LCURL RCURL .)
    CTRANSPOSE      reduce using rule 89 (expr -> LCURL RCURL .)
    TRANSPOSE       reduce using rule 89 (expr -> LCURL RCURL .)
    MPOWER          reduce using rule 89 (expr -> LCURL RCURL .)
    POWER           reduce using rule 89 (expr -> LCURL RCURL .)
    LDIVIDE         reduce using rule 89 (expr -> LCURL RCURL .)
    RDIVIDE         reduce using rule 89 (expr -> LCURL RCURL .)
    TIMES           reduce using rule 89 (expr -> LCURL RCURL .)
    MLDIVIDE        reduce using rule 89 (expr -> LCURL RCURL .)
    MRDIVIDE        reduce using rule 89 (expr -> LCURL RCURL .)
    MTIMES          reduce using rule 89 (expr -> LCURL RCURL .)
    MINUS           reduce using rule 89 (expr -> LCURL RCURL .)
    PLUS            reduce using rule 89 (expr -> LCURL RCURL .)
    NE              reduce using rule 89 (expr -> LCURL RCURL .)
    EQ              reduce using rule 89 (expr -> LCURL RCURL .)
    GE              reduce using rule 89 (expr -> LCURL RCURL .)
    GT              reduce using rule 89 (expr -> LCURL RCURL .)
    LE              reduce using rule 89 (expr -> LCURL RCURL .)
    LT              reduce using rule 89 (expr -> LCURL RCURL .)
    AND             reduce using rule 89 (expr -> LCURL RCURL .)
    OR              reduce using rule 89 (expr -> LCURL RCURL .)
    ANDAND          reduce using rule 89 (expr -> LCURL RCURL .)
    OROR            reduce using rule 89 (expr -> LCURL RCURL .)
    COLON           reduce using rule 89 (expr -> LCURL RCURL .)
    DOT             reduce using rule 89 (expr -> LCURL RCURL .)
    ELLIPSIS        reduce using rule 89 (expr -> LCURL RCURL .)
    ASSIGN          reduce using rule 89 (expr -> LCURL RCURL .)
    LCURL           reduce using rule 89 (expr -> LCURL RCURL .)
    LPAREN          reduce using rule 89 (expr -> LCURL RCURL .)
    COMMAND         reduce using rule 89 (expr -> LCURL RCURL .)
    TRY             reduce using rule 89 (expr -> LCURL RCURL .)
    WHILE           reduce using rule 89 (expr -> LCURL RCURL .)
    IF              reduce using rule 89 (expr -> LCURL RCURL .)
    BREAK           reduce using rule 89 (expr -> LCURL RCURL .)
    CONTINUE        reduce using rule 89 (expr -> LCURL RCURL .)
    FOR             reduce using rule 89 (expr -> LCURL RCURL .)
    RETURN          reduce using rule 89 (expr -> LCURL RCURL .)
    FUNCTION        reduce using rule 89 (expr -> LCURL RCURL .)
    STRING          reduce using rule 89 (expr -> LCURL RCURL .)
    NUMBER          reduce using rule 89 (expr -> LCURL RCURL .)
    NAME            reduce using rule 89 (expr -> LCURL RCURL .)
    NOT             reduce using rule 89 (expr -> LCURL RCURL .)
    AT              reduce using rule 89 (expr -> LCURL RCURL .)
    LSQR            reduce using rule 89 (expr -> LCURL RCURL .)
    SWITCH          reduce using rule 89 (expr -> LCURL RCURL .)
    RPAREN          reduce using rule 89 (expr -> LCURL RCURL .)
    RSQR            reduce using rule 89 (expr -> LCURL RCURL .)
    RCURL           reduce using rule 89 (expr -> LCURL RCURL .)
    CASE            reduce using rule 89 (expr -> LCURL RCURL .)


state 91

    (43) switch_block -> SWITCH expr . CASE expr code_block
    (44) switch_block -> SWITCH expr . CASE statement code_block
    (52) expr -> expr . CTRANSPOSE
    (53) expr -> expr . TRANSPOSE
    (54) expr -> expr . MPOWER expr
    (55) expr -> expr . POWER expr
    (56) expr -> expr . LDIVIDE expr
    (57) expr -> expr . RDIVIDE expr
    (58) expr -> expr . TIMES expr
    (59) expr -> expr . MLDIVIDE expr
    (60) expr -> expr . MRDIVIDE expr
    (61) expr -> expr . MTIMES expr
    (62) expr -> expr . MINUS expr
    (63) expr -> expr . PLUS expr
    (64) expr -> expr . NE expr
    (65) expr -> expr . EQ expr
    (66) expr -> expr . GE expr
    (67) expr -> expr . GT expr
    (68) expr -> expr . LE expr
    (69) expr -> expr . LT expr
    (70) expr -> expr . AND expr
    (71) expr -> expr . OR expr
    (72) expr -> expr . ANDAND expr
    (73) expr -> expr . OROR expr
    (74) expr -> expr . COLON expr
    (79) expr -> expr . DOT NAME
    (80) expr -> expr . ELLIPSIS NEWLINE
    (82) expr -> expr . ASSIGN expr
    (91) expr -> expr . LCURL args RCURL
    (92) expr -> expr . LPAREN args RPAREN
    (5) statement -> expr . COMMA
    (6) statement -> expr . NEWLINE
    (7) statement -> expr . SEMICOLON
    CASE            shift and go to state 159
    CTRANSPOSE      shift and go to state 33
    TRANSPOSE       shift and go to state 34
    MPOWER          shift and go to state 35
    POWER           shift and go to state 36
    LDIVIDE         shift and go to state 37
    RDIVIDE         shift and go to state 38
    TIMES           shift and go to state 39
    MLDIVIDE        shift and go to state 40
    MRDIVIDE        shift and go to state 41
    MTIMES          shift and go to state 42
    MINUS           shift and go to state 43
    PLUS            shift and go to state 44
    NE              shift and go to state 45
    EQ              shift and go to state 46
    GE              shift and go to state 47
    GT              shift and go to state 48
    LE              shift and go to state 49
    LT              shift and go to state 50
    AND             shift and go to state 51
    OR              shift and go to state 52
    ANDAND          shift and go to state 53
    OROR            shift and go to state 54
    COLON           shift and go to state 55
    DOT             shift and go to state 56
    ELLIPSIS        shift and go to state 57
    ASSIGN          shift and go to state 58
    LCURL           shift and go to state 59
    LPAREN          shift and go to state 60
    COMMA           shift and go to state 30
    NEWLINE         shift and go to state 31
    SEMICOLON       shift and go to state 32


state 92

    (45) switch_block -> SWITCH statement . CASE expr code_block
    (46) switch_block -> SWITCH statement . CASE statement code_block
    CASE            shift and go to state 160


state 93

    (54) expr -> expr MPOWER expr .
    (52) expr -> expr . CTRANSPOSE
    (53) expr -> expr . TRANSPOSE
    (54) expr -> expr . MPOWER expr
    (55) expr -> expr . POWER expr
    (56) expr -> expr . LDIVIDE expr
    (57) expr -> expr . RDIVIDE expr
    (58) expr -> expr . TIMES expr
    (59) expr -> expr . MLDIVIDE expr
    (60) expr -> expr . MRDIVIDE expr
    (61) expr -> expr . MTIMES expr
    (62) expr -> expr . MINUS expr
    (63) expr -> expr . PLUS expr
    (64) expr -> expr . NE expr
    (65) expr -> expr . EQ expr
    (66) expr -> expr . GE expr
    (67) expr -> expr . GT expr
    (68) expr -> expr . LE expr
    (69) expr -> expr . LT expr
    (70) expr -> expr . AND expr
    (71) expr -> expr . OR expr
    (72) expr -> expr . ANDAND expr
    (73) expr -> expr . OROR expr
    (74) expr -> expr . COLON expr
    (79) expr -> expr . DOT NAME
    (80) expr -> expr . ELLIPSIS NEWLINE
    (82) expr -> expr . ASSIGN expr
    (91) expr -> expr . LCURL args RCURL
    (92) expr -> expr . LPAREN args RPAREN
    COMMA           reduce using rule 54 (expr -> expr MPOWER expr .)
    NEWLINE         reduce using rule 54 (expr -> expr MPOWER expr .)
    SEMICOLON       reduce using rule 54 (expr -> expr MPOWER expr .)
    CTRANSPOSE      reduce using rule 54 (expr -> expr MPOWER expr .)
    TRANSPOSE       reduce using rule 54 (expr -> expr MPOWER expr .)
    MPOWER          reduce using rule 54 (expr -> expr MPOWER expr .)
    POWER           reduce using rule 54 (expr -> expr MPOWER expr .)
    LDIVIDE         reduce using rule 54 (expr -> expr MPOWER expr .)
    RDIVIDE         reduce using rule 54 (expr -> expr MPOWER expr .)
    TIMES           reduce using rule 54 (expr -> expr MPOWER expr .)
    MLDIVIDE        reduce using rule 54 (expr -> expr MPOWER expr .)
    MRDIVIDE        reduce using rule 54 (expr -> expr MPOWER expr .)
    MTIMES          reduce using rule 54 (expr -> expr MPOWER expr .)
    MINUS           reduce using rule 54 (expr -> expr MPOWER expr .)
    PLUS            reduce using rule 54 (expr -> expr MPOWER expr .)
    NE              reduce using rule 54 (expr -> expr MPOWER expr .)
    EQ              reduce using rule 54 (expr -> expr MPOWER expr .)
    GE              reduce using rule 54 (expr -> expr MPOWER expr .)
    GT              reduce using rule 54 (expr -> expr MPOWER expr .)
    LE              reduce using rule 54 (expr -> expr MPOWER expr .)
    LT              reduce using rule 54 (expr -> expr MPOWER expr .)
    AND             reduce using rule 54 (expr -> expr MPOWER expr .)
    OR              reduce using rule 54 (expr -> expr MPOWER expr .)
    ANDAND          reduce using rule 54 (expr -> expr MPOWER expr .)
    OROR            reduce using rule 54 (expr -> expr MPOWER expr .)
    COLON           reduce using rule 54 (expr -> expr MPOWER expr .)
    ELLIPSIS        reduce using rule 54 (expr -> expr MPOWER expr .)
    ASSIGN          reduce using rule 54 (expr -> expr MPOWER expr .)
    LCURL           reduce using rule 54 (expr -> expr MPOWER expr .)
    LPAREN          reduce using rule 54 (expr -> expr MPOWER expr .)
    COMMAND         reduce using rule 54 (expr -> expr MPOWER expr .)
    TRY             reduce using rule 54 (expr -> expr MPOWER expr .)
    WHILE           reduce using rule 54 (expr -> expr MPOWER expr .)
    IF              reduce using rule 54 (expr -> expr MPOWER expr .)
    BREAK           reduce using rule 54 (expr -> expr MPOWER expr .)
    CONTINUE        reduce using rule 54 (expr -> expr MPOWER expr .)
    FOR             reduce using rule 54 (expr -> expr MPOWER expr .)
    RETURN          reduce using rule 54 (expr -> expr MPOWER expr .)
    FUNCTION        reduce using rule 54 (expr -> expr MPOWER expr .)
    STRING          reduce using rule 54 (expr -> expr MPOWER expr .)
    NUMBER          reduce using rule 54 (expr -> expr MPOWER expr .)
    NAME            reduce using rule 54 (expr -> expr MPOWER expr .)
    NOT             reduce using rule 54 (expr -> expr MPOWER expr .)
    AT              reduce using rule 54 (expr -> expr MPOWER expr .)
    LSQR            reduce using rule 54 (expr -> expr MPOWER expr .)
    SWITCH          reduce using rule 54 (expr -> expr MPOWER expr .)
    RPAREN          reduce using rule 54 (expr -> expr MPOWER expr .)
    RSQR            reduce using rule 54 (expr -> expr MPOWER expr .)
    RCURL           reduce using rule 54 (expr -> expr MPOWER expr .)
    CASE            reduce using rule 54 (expr -> expr MPOWER expr .)
    DOT             shift and go to state 56


state 94

    (55) expr -> expr POWER expr .
    (52) expr -> expr . CTRANSPOSE
    (53) expr -> expr . TRANSPOSE
    (54) expr -> expr . MPOWER expr
    (55) expr -> expr . POWER expr
    (56) expr -> expr . LDIVIDE expr
    (57) expr -> expr . RDIVIDE expr
    (58) expr -> expr . TIMES expr
    (59) expr -> expr . MLDIVIDE expr
    (60) expr -> expr . MRDIVIDE expr
    (61) expr -> expr . MTIMES expr
    (62) expr -> expr . MINUS expr
    (63) expr -> expr . PLUS expr
    (64) expr -> expr . NE expr
    (65) expr -> expr . EQ expr
    (66) expr -> expr . GE expr
    (67) expr -> expr . GT expr
    (68) expr -> expr . LE expr
    (69) expr -> expr . LT expr
    (70) expr -> expr . AND expr
    (71) expr -> expr . OR expr
    (72) expr -> expr . ANDAND expr
    (73) expr -> expr . OROR expr
    (74) expr -> expr . COLON expr
    (79) expr -> expr . DOT NAME
    (80) expr -> expr . ELLIPSIS NEWLINE
    (82) expr -> expr . ASSIGN expr
    (91) expr -> expr . LCURL args RCURL
    (92) expr -> expr . LPAREN args RPAREN
    COMMA           reduce using rule 55 (expr -> expr POWER expr .)
    NEWLINE         reduce using rule 55 (expr -> expr POWER expr .)
    SEMICOLON       reduce using rule 55 (expr -> expr POWER expr .)
    CTRANSPOSE      reduce using rule 55 (expr -> expr POWER expr .)
    TRANSPOSE       reduce using rule 55 (expr -> expr POWER expr .)
    MPOWER          reduce using rule 55 (expr -> expr POWER expr .)
    POWER           reduce using rule 55 (expr -> expr POWER expr .)
    LDIVIDE         reduce using rule 55 (expr -> expr POWER expr .)
    RDIVIDE         reduce using rule 55 (expr -> expr POWER expr .)
    TIMES           reduce using rule 55 (expr -> expr POWER expr .)
    MLDIVIDE        reduce using rule 55 (expr -> expr POWER expr .)
    MRDIVIDE        reduce using rule 55 (expr -> expr POWER expr .)
    MTIMES          reduce using rule 55 (expr -> expr POWER expr .)
    MINUS           reduce using rule 55 (expr -> expr POWER expr .)
    PLUS            reduce using rule 55 (expr -> expr POWER expr .)
    NE              reduce using rule 55 (expr -> expr POWER expr .)
    EQ              reduce using rule 55 (expr -> expr POWER expr .)
    GE              reduce using rule 55 (expr -> expr POWER expr .)
    GT              reduce using rule 55 (expr -> expr POWER expr .)
    LE              reduce using rule 55 (expr -> expr POWER expr .)
    LT              reduce using rule 55 (expr -> expr POWER expr .)
    AND             reduce using rule 55 (expr -> expr POWER expr .)
    OR              reduce using rule 55 (expr -> expr POWER expr .)
    ANDAND          reduce using rule 55 (expr -> expr POWER expr .)
    OROR            reduce using rule 55 (expr -> expr POWER expr .)
    COLON           reduce using rule 55 (expr -> expr POWER expr .)
    ELLIPSIS        reduce using rule 55 (expr -> expr POWER expr .)
    ASSIGN          reduce using rule 55 (expr -> expr POWER expr .)
    LCURL           reduce using rule 55 (expr -> expr POWER expr .)
    LPAREN          reduce using rule 55 (expr -> expr POWER expr .)
    COMMAND         reduce using rule 55 (expr -> expr POWER expr .)
    TRY             reduce using rule 55 (expr -> expr POWER expr .)
    WHILE           reduce using rule 55 (expr -> expr POWER expr .)
    IF              reduce using rule 55 (expr -> expr POWER expr .)
    BREAK           reduce using rule 55 (expr -> expr POWER expr .)
    CONTINUE        reduce using rule 55 (expr -> expr POWER expr .)
    FOR             reduce using rule 55 (expr -> expr POWER expr .)
    RETURN          reduce using rule 55 (expr -> expr POWER expr .)
    FUNCTION        reduce using rule 55 (expr -> expr POWER expr .)
    STRING          reduce using rule 55 (expr -> expr POWER expr .)
    NUMBER          reduce using rule 55 (expr -> expr POWER expr .)
    NAME            reduce using rule 55 (expr -> expr POWER expr .)
    NOT             reduce using rule 55 (expr -> expr POWER expr .)
    AT              reduce using rule 55 (expr -> expr POWER expr .)
    LSQR            reduce using rule 55 (expr -> expr POWER expr .)
    SWITCH          reduce using rule 55 (expr -> expr POWER expr .)
    RPAREN          reduce using rule 55 (expr -> expr POWER expr .)
    RSQR            reduce using rule 55 (expr -> expr POWER expr .)
    RCURL           reduce using rule 55 (expr -> expr POWER expr .)
    CASE            reduce using rule 55 (expr -> expr POWER expr .)
    DOT             shift and go to state 56


state 95

    (56) expr -> expr LDIVIDE expr .
    (52) expr -> expr . CTRANSPOSE
    (53) expr -> expr . TRANSPOSE
    (54) expr -> expr . MPOWER expr
    (55) expr -> expr . POWER expr
    (56) expr -> expr . LDIVIDE expr
    (57) expr -> expr . RDIVIDE expr
    (58) expr -> expr . TIMES expr
    (59) expr -> expr . MLDIVIDE expr
    (60) expr -> expr . MRDIVIDE expr
    (61) expr -> expr . MTIMES expr
    (62) expr -> expr . MINUS expr
    (63) expr -> expr . PLUS expr
    (64) expr -> expr . NE expr
    (65) expr -> expr . EQ expr
    (66) expr -> expr . GE expr
    (67) expr -> expr . GT expr
    (68) expr -> expr . LE expr
    (69) expr -> expr . LT expr
    (70) expr -> expr . AND expr
    (71) expr -> expr . OR expr
    (72) expr -> expr . ANDAND expr
    (73) expr -> expr . OROR expr
    (74) expr -> expr . COLON expr
    (79) expr -> expr . DOT NAME
    (80) expr -> expr . ELLIPSIS NEWLINE
    (82) expr -> expr . ASSIGN expr
    (91) expr -> expr . LCURL args RCURL
    (92) expr -> expr . LPAREN args RPAREN
    COMMA           reduce using rule 56 (expr -> expr LDIVIDE expr .)
    NEWLINE         reduce using rule 56 (expr -> expr LDIVIDE expr .)
    SEMICOLON       reduce using rule 56 (expr -> expr LDIVIDE expr .)
    LDIVIDE         reduce using rule 56 (expr -> expr LDIVIDE expr .)
    RDIVIDE         reduce using rule 56 (expr -> expr LDIVIDE expr .)
    TIMES           reduce using rule 56 (expr -> expr LDIVIDE expr .)
    MLDIVIDE        reduce using rule 56 (expr -> expr LDIVIDE expr .)
    MRDIVIDE        reduce using rule 56 (expr -> expr LDIVIDE expr .)
    MTIMES          reduce using rule 56 (expr -> expr LDIVIDE expr .)
    MINUS           reduce using rule 56 (expr -> expr LDIVIDE expr .)
    PLUS            reduce using rule 56 (expr -> expr LDIVIDE expr .)
    NE              reduce using rule 56 (expr -> expr LDIVIDE expr .)
    EQ              reduce using rule 56 (expr -> expr LDIVIDE expr .)
    GE              reduce using rule 56 (expr -> expr LDIVIDE expr .)
    GT              reduce using rule 56 (expr -> expr LDIVIDE expr .)
    LE              reduce using rule 56 (expr -> expr LDIVIDE expr .)
    LT              reduce using rule 56 (expr -> expr LDIVIDE expr .)
    AND             reduce using rule 56 (expr -> expr LDIVIDE expr .)
    OR              reduce using rule 56 (expr -> expr LDIVIDE expr .)
    ANDAND          reduce using rule 56 (expr -> expr LDIVIDE expr .)
    OROR            reduce using rule 56 (expr -> expr LDIVIDE expr .)
    COLON           reduce using rule 56 (expr -> expr LDIVIDE expr .)
    ELLIPSIS        reduce using rule 56 (expr -> expr LDIVIDE expr .)
    ASSIGN          reduce using rule 56 (expr -> expr LDIVIDE expr .)
    LCURL           reduce using rule 56 (expr -> expr LDIVIDE expr .)
    LPAREN          reduce using rule 56 (expr -> expr LDIVIDE expr .)
    COMMAND         reduce using rule 56 (expr -> expr LDIVIDE expr .)
    TRY             reduce using rule 56 (expr -> expr LDIVIDE expr .)
    WHILE           reduce using rule 56 (expr -> expr LDIVIDE expr .)
    IF              reduce using rule 56 (expr -> expr LDIVIDE expr .)
    BREAK           reduce using rule 56 (expr -> expr LDIVIDE expr .)
    CONTINUE        reduce using rule 56 (expr -> expr LDIVIDE expr .)
    FOR             reduce using rule 56 (expr -> expr LDIVIDE expr .)
    RETURN          reduce using rule 56 (expr -> expr LDIVIDE expr .)
    FUNCTION        reduce using rule 56 (expr -> expr LDIVIDE expr .)
    STRING          reduce using rule 56 (expr -> expr LDIVIDE expr .)
    NUMBER          reduce using rule 56 (expr -> expr LDIVIDE expr .)
    NAME            reduce using rule 56 (expr -> expr LDIVIDE expr .)
    NOT             reduce using rule 56 (expr -> expr LDIVIDE expr .)
    AT              reduce using rule 56 (expr -> expr LDIVIDE expr .)
    LSQR            reduce using rule 56 (expr -> expr LDIVIDE expr .)
    SWITCH          reduce using rule 56 (expr -> expr LDIVIDE expr .)
    RPAREN          reduce using rule 56 (expr -> expr LDIVIDE expr .)
    RSQR            reduce using rule 56 (expr -> expr LDIVIDE expr .)
    RCURL           reduce using rule 56 (expr -> expr LDIVIDE expr .)
    CASE            reduce using rule 56 (expr -> expr LDIVIDE expr .)
    CTRANSPOSE      shift and go to state 33
    TRANSPOSE       shift and go to state 34
    MPOWER          shift and go to state 35
    POWER           shift and go to state 36
    DOT             shift and go to state 56


state 96

    (57) expr -> expr RDIVIDE expr .
    (52) expr -> expr . CTRANSPOSE
    (53) expr -> expr . TRANSPOSE
    (54) expr -> expr . MPOWER expr
    (55) expr -> expr . POWER expr
    (56) expr -> expr . LDIVIDE expr
    (57) expr -> expr . RDIVIDE expr
    (58) expr -> expr . TIMES expr
    (59) expr -> expr . MLDIVIDE expr
    (60) expr -> expr . MRDIVIDE expr
    (61) expr -> expr . MTIMES expr
    (62) expr -> expr . MINUS expr
    (63) expr -> expr . PLUS expr
    (64) expr -> expr . NE expr
    (65) expr -> expr . EQ expr
    (66) expr -> expr . GE expr
    (67) expr -> expr . GT expr
    (68) expr -> expr . LE expr
    (69) expr -> expr . LT expr
    (70) expr -> expr . AND expr
    (71) expr -> expr . OR expr
    (72) expr -> expr . ANDAND expr
    (73) expr -> expr . OROR expr
    (74) expr -> expr . COLON expr
    (79) expr -> expr . DOT NAME
    (80) expr -> expr . ELLIPSIS NEWLINE
    (82) expr -> expr . ASSIGN expr
    (91) expr -> expr . LCURL args RCURL
    (92) expr -> expr . LPAREN args RPAREN
    COMMA           reduce using rule 57 (expr -> expr RDIVIDE expr .)
    NEWLINE         reduce using rule 57 (expr -> expr RDIVIDE expr .)
    SEMICOLON       reduce using rule 57 (expr -> expr RDIVIDE expr .)
    LDIVIDE         reduce using rule 57 (expr -> expr RDIVIDE expr .)
    RDIVIDE         reduce using rule 57 (expr -> expr RDIVIDE expr .)
    TIMES           reduce using rule 57 (expr -> expr RDIVIDE expr .)
    MLDIVIDE        reduce using rule 57 (expr -> expr RDIVIDE expr .)
    MRDIVIDE        reduce using rule 57 (expr -> expr RDIVIDE expr .)
    MTIMES          reduce using rule 57 (expr -> expr RDIVIDE expr .)
    MINUS           reduce using rule 57 (expr -> expr RDIVIDE expr .)
    PLUS            reduce using rule 57 (expr -> expr RDIVIDE expr .)
    NE              reduce using rule 57 (expr -> expr RDIVIDE expr .)
    EQ              reduce using rule 57 (expr -> expr RDIVIDE expr .)
    GE              reduce using rule 57 (expr -> expr RDIVIDE expr .)
    GT              reduce using rule 57 (expr -> expr RDIVIDE expr .)
    LE              reduce using rule 57 (expr -> expr RDIVIDE expr .)
    LT              reduce using rule 57 (expr -> expr RDIVIDE expr .)
    AND             reduce using rule 57 (expr -> expr RDIVIDE expr .)
    OR              reduce using rule 57 (expr -> expr RDIVIDE expr .)
    ANDAND          reduce using rule 57 (expr -> expr RDIVIDE expr .)
    OROR            reduce using rule 57 (expr -> expr RDIVIDE expr .)
    COLON           reduce using rule 57 (expr -> expr RDIVIDE expr .)
    ELLIPSIS        reduce using rule 57 (expr -> expr RDIVIDE expr .)
    ASSIGN          reduce using rule 57 (expr -> expr RDIVIDE expr .)
    LCURL           reduce using rule 57 (expr -> expr RDIVIDE expr .)
    LPAREN          reduce using rule 57 (expr -> expr RDIVIDE expr .)
    COMMAND         reduce using rule 57 (expr -> expr RDIVIDE expr .)
    TRY             reduce using rule 57 (expr -> expr RDIVIDE expr .)
    WHILE           reduce using rule 57 (expr -> expr RDIVIDE expr .)
    IF              reduce using rule 57 (expr -> expr RDIVIDE expr .)
    BREAK           reduce using rule 57 (expr -> expr RDIVIDE expr .)
    CONTINUE        reduce using rule 57 (expr -> expr RDIVIDE expr .)
    FOR             reduce using rule 57 (expr -> expr RDIVIDE expr .)
    RETURN          reduce using rule 57 (expr -> expr RDIVIDE expr .)
    FUNCTION        reduce using rule 57 (expr -> expr RDIVIDE expr .)
    STRING          reduce using rule 57 (expr -> expr RDIVIDE expr .)
    NUMBER          reduce using rule 57 (expr -> expr RDIVIDE expr .)
    NAME            reduce using rule 57 (expr -> expr RDIVIDE expr .)
    NOT             reduce using rule 57 (expr -> expr RDIVIDE expr .)
    AT              reduce using rule 57 (expr -> expr RDIVIDE expr .)
    LSQR            reduce using rule 57 (expr -> expr RDIVIDE expr .)
    SWITCH          reduce using rule 57 (expr -> expr RDIVIDE expr .)
    RPAREN          reduce using rule 57 (expr -> expr RDIVIDE expr .)
    RSQR            reduce using rule 57 (expr -> expr RDIVIDE expr .)
    RCURL           reduce using rule 57 (expr -> expr RDIVIDE expr .)
    CASE            reduce using rule 57 (expr -> expr RDIVIDE expr .)
    CTRANSPOSE      shift and go to state 33
    TRANSPOSE       shift and go to state 34
    MPOWER          shift and go to state 35
    POWER           shift and go to state 36
    DOT             shift and go to state 56


state 97

    (58) expr -> expr TIMES expr .
    (52) expr -> expr . CTRANSPOSE
    (53) expr -> expr . TRANSPOSE
    (54) expr -> expr . MPOWER expr
    (55) expr -> expr . POWER expr
    (56) expr -> expr . LDIVIDE expr
    (57) expr -> expr . RDIVIDE expr
    (58) expr -> expr . TIMES expr
    (59) expr -> expr . MLDIVIDE expr
    (60) expr -> expr . MRDIVIDE expr
    (61) expr -> expr . MTIMES expr
    (62) expr -> expr . MINUS expr
    (63) expr -> expr . PLUS expr
    (64) expr -> expr . NE expr
    (65) expr -> expr . EQ expr
    (66) expr -> expr . GE expr
    (67) expr -> expr . GT expr
    (68) expr -> expr . LE expr
    (69) expr -> expr . LT expr
    (70) expr -> expr . AND expr
    (71) expr -> expr . OR expr
    (72) expr -> expr . ANDAND expr
    (73) expr -> expr . OROR expr
    (74) expr -> expr . COLON expr
    (79) expr -> expr . DOT NAME
    (80) expr -> expr . ELLIPSIS NEWLINE
    (82) expr -> expr . ASSIGN expr
    (91) expr -> expr . LCURL args RCURL
    (92) expr -> expr . LPAREN args RPAREN
    COMMA           reduce using rule 58 (expr -> expr TIMES expr .)
    NEWLINE         reduce using rule 58 (expr -> expr TIMES expr .)
    SEMICOLON       reduce using rule 58 (expr -> expr TIMES expr .)
    LDIVIDE         reduce using rule 58 (expr -> expr TIMES expr .)
    RDIVIDE         reduce using rule 58 (expr -> expr TIMES expr .)
    TIMES           reduce using rule 58 (expr -> expr TIMES expr .)
    MLDIVIDE        reduce using rule 58 (expr -> expr TIMES expr .)
    MRDIVIDE        reduce using rule 58 (expr -> expr TIMES expr .)
    MTIMES          reduce using rule 58 (expr -> expr TIMES expr .)
    MINUS           reduce using rule 58 (expr -> expr TIMES expr .)
    PLUS            reduce using rule 58 (expr -> expr TIMES expr .)
    NE              reduce using rule 58 (expr -> expr TIMES expr .)
    EQ              reduce using rule 58 (expr -> expr TIMES expr .)
    GE              reduce using rule 58 (expr -> expr TIMES expr .)
    GT              reduce using rule 58 (expr -> expr TIMES expr .)
    LE              reduce using rule 58 (expr -> expr TIMES expr .)
    LT              reduce using rule 58 (expr -> expr TIMES expr .)
    AND             reduce using rule 58 (expr -> expr TIMES expr .)
    OR              reduce using rule 58 (expr -> expr TIMES expr .)
    ANDAND          reduce using rule 58 (expr -> expr TIMES expr .)
    OROR            reduce using rule 58 (expr -> expr TIMES expr .)
    COLON           reduce using rule 58 (expr -> expr TIMES expr .)
    ELLIPSIS        reduce using rule 58 (expr -> expr TIMES expr .)
    ASSIGN          reduce using rule 58 (expr -> expr TIMES expr .)
    LCURL           reduce using rule 58 (expr -> expr TIMES expr .)
    LPAREN          reduce using rule 58 (expr -> expr TIMES expr .)
    COMMAND         reduce using rule 58 (expr -> expr TIMES expr .)
    TRY             reduce using rule 58 (expr -> expr TIMES expr .)
    WHILE           reduce using rule 58 (expr -> expr TIMES expr .)
    IF              reduce using rule 58 (expr -> expr TIMES expr .)
    BREAK           reduce using rule 58 (expr -> expr TIMES expr .)
    CONTINUE        reduce using rule 58 (expr -> expr TIMES expr .)
    FOR             reduce using rule 58 (expr -> expr TIMES expr .)
    RETURN          reduce using rule 58 (expr -> expr TIMES expr .)
    FUNCTION        reduce using rule 58 (expr -> expr TIMES expr .)
    STRING          reduce using rule 58 (expr -> expr TIMES expr .)
    NUMBER          reduce using rule 58 (expr -> expr TIMES expr .)
    NAME            reduce using rule 58 (expr -> expr TIMES expr .)
    NOT             reduce using rule 58 (expr -> expr TIMES expr .)
    AT              reduce using rule 58 (expr -> expr TIMES expr .)
    LSQR            reduce using rule 58 (expr -> expr TIMES expr .)
    SWITCH          reduce using rule 58 (expr -> expr TIMES expr .)
    RPAREN          reduce using rule 58 (expr -> expr TIMES expr .)
    RSQR            reduce using rule 58 (expr -> expr TIMES expr .)
    RCURL           reduce using rule 58 (expr -> expr TIMES expr .)
    CASE            reduce using rule 58 (expr -> expr TIMES expr .)
    CTRANSPOSE      shift and go to state 33
    TRANSPOSE       shift and go to state 34
    MPOWER          shift and go to state 35
    POWER           shift and go to state 36
    DOT             shift and go to state 56


state 98

    (59) expr -> expr MLDIVIDE expr .
    (52) expr -> expr . CTRANSPOSE
    (53) expr -> expr . TRANSPOSE
    (54) expr -> expr . MPOWER expr
    (55) expr -> expr . POWER expr
    (56) expr -> expr . LDIVIDE expr
    (57) expr -> expr . RDIVIDE expr
    (58) expr -> expr . TIMES expr
    (59) expr -> expr . MLDIVIDE expr
    (60) expr -> expr . MRDIVIDE expr
    (61) expr -> expr . MTIMES expr
    (62) expr -> expr . MINUS expr
    (63) expr -> expr . PLUS expr
    (64) expr -> expr . NE expr
    (65) expr -> expr . EQ expr
    (66) expr -> expr . GE expr
    (67) expr -> expr . GT expr
    (68) expr -> expr . LE expr
    (69) expr -> expr . LT expr
    (70) expr -> expr . AND expr
    (71) expr -> expr . OR expr
    (72) expr -> expr . ANDAND expr
    (73) expr -> expr . OROR expr
    (74) expr -> expr . COLON expr
    (79) expr -> expr . DOT NAME
    (80) expr -> expr . ELLIPSIS NEWLINE
    (82) expr -> expr . ASSIGN expr
    (91) expr -> expr . LCURL args RCURL
    (92) expr -> expr . LPAREN args RPAREN
    COMMA           reduce using rule 59 (expr -> expr MLDIVIDE expr .)
    NEWLINE         reduce using rule 59 (expr -> expr MLDIVIDE expr .)
    SEMICOLON       reduce using rule 59 (expr -> expr MLDIVIDE expr .)
    LDIVIDE         reduce using rule 59 (expr -> expr MLDIVIDE expr .)
    RDIVIDE         reduce using rule 59 (expr -> expr MLDIVIDE expr .)
    TIMES           reduce using rule 59 (expr -> expr MLDIVIDE expr .)
    MLDIVIDE        reduce using rule 59 (expr -> expr MLDIVIDE expr .)
    MRDIVIDE        reduce using rule 59 (expr -> expr MLDIVIDE expr .)
    MTIMES          reduce using rule 59 (expr -> expr MLDIVIDE expr .)
    MINUS           reduce using rule 59 (expr -> expr MLDIVIDE expr .)
    PLUS            reduce using rule 59 (expr -> expr MLDIVIDE expr .)
    NE              reduce using rule 59 (expr -> expr MLDIVIDE expr .)
    EQ              reduce using rule 59 (expr -> expr MLDIVIDE expr .)
    GE              reduce using rule 59 (expr -> expr MLDIVIDE expr .)
    GT              reduce using rule 59 (expr -> expr MLDIVIDE expr .)
    LE              reduce using rule 59 (expr -> expr MLDIVIDE expr .)
    LT              reduce using rule 59 (expr -> expr MLDIVIDE expr .)
    AND             reduce using rule 59 (expr -> expr MLDIVIDE expr .)
    OR              reduce using rule 59 (expr -> expr MLDIVIDE expr .)
    ANDAND          reduce using rule 59 (expr -> expr MLDIVIDE expr .)
    OROR            reduce using rule 59 (expr -> expr MLDIVIDE expr .)
    COLON           reduce using rule 59 (expr -> expr MLDIVIDE expr .)
    ELLIPSIS        reduce using rule 59 (expr -> expr MLDIVIDE expr .)
    ASSIGN          reduce using rule 59 (expr -> expr MLDIVIDE expr .)
    LCURL           reduce using rule 59 (expr -> expr MLDIVIDE expr .)
    LPAREN          reduce using rule 59 (expr -> expr MLDIVIDE expr .)
    COMMAND         reduce using rule 59 (expr -> expr MLDIVIDE expr .)
    TRY             reduce using rule 59 (expr -> expr MLDIVIDE expr .)
    WHILE           reduce using rule 59 (expr -> expr MLDIVIDE expr .)
    IF              reduce using rule 59 (expr -> expr MLDIVIDE expr .)
    BREAK           reduce using rule 59 (expr -> expr MLDIVIDE expr .)
    CONTINUE        reduce using rule 59 (expr -> expr MLDIVIDE expr .)
    FOR             reduce using rule 59 (expr -> expr MLDIVIDE expr .)
    RETURN          reduce using rule 59 (expr -> expr MLDIVIDE expr .)
    FUNCTION        reduce using rule 59 (expr -> expr MLDIVIDE expr .)
    STRING          reduce using rule 59 (expr -> expr MLDIVIDE expr .)
    NUMBER          reduce using rule 59 (expr -> expr MLDIVIDE expr .)
    NAME            reduce using rule 59 (expr -> expr MLDIVIDE expr .)
    NOT             reduce using rule 59 (expr -> expr MLDIVIDE expr .)
    AT              reduce using rule 59 (expr -> expr MLDIVIDE expr .)
    LSQR            reduce using rule 59 (expr -> expr MLDIVIDE expr .)
    SWITCH          reduce using rule 59 (expr -> expr MLDIVIDE expr .)
    RPAREN          reduce using rule 59 (expr -> expr MLDIVIDE expr .)
    RSQR            reduce using rule 59 (expr -> expr MLDIVIDE expr .)
    RCURL           reduce using rule 59 (expr -> expr MLDIVIDE expr .)
    CASE            reduce using rule 59 (expr -> expr MLDIVIDE expr .)
    CTRANSPOSE      shift and go to state 33
    TRANSPOSE       shift and go to state 34
    MPOWER          shift and go to state 35
    POWER           shift and go to state 36
    DOT             shift and go to state 56


state 99

    (60) expr -> expr MRDIVIDE expr .
    (52) expr -> expr . CTRANSPOSE
    (53) expr -> expr . TRANSPOSE
    (54) expr -> expr . MPOWER expr
    (55) expr -> expr . POWER expr
    (56) expr -> expr . LDIVIDE expr
    (57) expr -> expr . RDIVIDE expr
    (58) expr -> expr . TIMES expr
    (59) expr -> expr . MLDIVIDE expr
    (60) expr -> expr . MRDIVIDE expr
    (61) expr -> expr . MTIMES expr
    (62) expr -> expr . MINUS expr
    (63) expr -> expr . PLUS expr
    (64) expr -> expr . NE expr
    (65) expr -> expr . EQ expr
    (66) expr -> expr . GE expr
    (67) expr -> expr . GT expr
    (68) expr -> expr . LE expr
    (69) expr -> expr . LT expr
    (70) expr -> expr . AND expr
    (71) expr -> expr . OR expr
    (72) expr -> expr . ANDAND expr
    (73) expr -> expr . OROR expr
    (74) expr -> expr . COLON expr
    (79) expr -> expr . DOT NAME
    (80) expr -> expr . ELLIPSIS NEWLINE
    (82) expr -> expr . ASSIGN expr
    (91) expr -> expr . LCURL args RCURL
    (92) expr -> expr . LPAREN args RPAREN
    COMMA           reduce using rule 60 (expr -> expr MRDIVIDE expr .)
    NEWLINE         reduce using rule 60 (expr -> expr MRDIVIDE expr .)
    SEMICOLON       reduce using rule 60 (expr -> expr MRDIVIDE expr .)
    LDIVIDE         reduce using rule 60 (expr -> expr MRDIVIDE expr .)
    RDIVIDE         reduce using rule 60 (expr -> expr MRDIVIDE expr .)
    TIMES           reduce using rule 60 (expr -> expr MRDIVIDE expr .)
    MLDIVIDE        reduce using rule 60 (expr -> expr MRDIVIDE expr .)
    MRDIVIDE        reduce using rule 60 (expr -> expr MRDIVIDE expr .)
    MTIMES          reduce using rule 60 (expr -> expr MRDIVIDE expr .)
    MINUS           reduce using rule 60 (expr -> expr MRDIVIDE expr .)
    PLUS            reduce using rule 60 (expr -> expr MRDIVIDE expr .)
    NE              reduce using rule 60 (expr -> expr MRDIVIDE expr .)
    EQ              reduce using rule 60 (expr -> expr MRDIVIDE expr .)
    GE              reduce using rule 60 (expr -> expr MRDIVIDE expr .)
    GT              reduce using rule 60 (expr -> expr MRDIVIDE expr .)
    LE              reduce using rule 60 (expr -> expr MRDIVIDE expr .)
    LT              reduce using rule 60 (expr -> expr MRDIVIDE expr .)
    AND             reduce using rule 60 (expr -> expr MRDIVIDE expr .)
    OR              reduce using rule 60 (expr -> expr MRDIVIDE expr .)
    ANDAND          reduce using rule 60 (expr -> expr MRDIVIDE expr .)
    OROR            reduce using rule 60 (expr -> expr MRDIVIDE expr .)
    COLON           reduce using rule 60 (expr -> expr MRDIVIDE expr .)
    ELLIPSIS        reduce using rule 60 (expr -> expr MRDIVIDE expr .)
    ASSIGN          reduce using rule 60 (expr -> expr MRDIVIDE expr .)
    LCURL           reduce using rule 60 (expr -> expr MRDIVIDE expr .)
    LPAREN          reduce using rule 60 (expr -> expr MRDIVIDE expr .)
    COMMAND         reduce using rule 60 (expr -> expr MRDIVIDE expr .)
    TRY             reduce using rule 60 (expr -> expr MRDIVIDE expr .)
    WHILE           reduce using rule 60 (expr -> expr MRDIVIDE expr .)
    IF              reduce using rule 60 (expr -> expr MRDIVIDE expr .)
    BREAK           reduce using rule 60 (expr -> expr MRDIVIDE expr .)
    CONTINUE        reduce using rule 60 (expr -> expr MRDIVIDE expr .)
    FOR             reduce using rule 60 (expr -> expr MRDIVIDE expr .)
    RETURN          reduce using rule 60 (expr -> expr MRDIVIDE expr .)
    FUNCTION        reduce using rule 60 (expr -> expr MRDIVIDE expr .)
    STRING          reduce using rule 60 (expr -> expr MRDIVIDE expr .)
    NUMBER          reduce using rule 60 (expr -> expr MRDIVIDE expr .)
    NAME            reduce using rule 60 (expr -> expr MRDIVIDE expr .)
    NOT             reduce using rule 60 (expr -> expr MRDIVIDE expr .)
    AT              reduce using rule 60 (expr -> expr MRDIVIDE expr .)
    LSQR            reduce using rule 60 (expr -> expr MRDIVIDE expr .)
    SWITCH          reduce using rule 60 (expr -> expr MRDIVIDE expr .)
    RPAREN          reduce using rule 60 (expr -> expr MRDIVIDE expr .)
    RSQR            reduce using rule 60 (expr -> expr MRDIVIDE expr .)
    RCURL           reduce using rule 60 (expr -> expr MRDIVIDE expr .)
    CASE            reduce using rule 60 (expr -> expr MRDIVIDE expr .)
    CTRANSPOSE      shift and go to state 33
    TRANSPOSE       shift and go to state 34
    MPOWER          shift and go to state 35
    POWER           shift and go to state 36
    DOT             shift and go to state 56


state 100

    (61) expr -> expr MTIMES expr .
    (52) expr -> expr . CTRANSPOSE
    (53) expr -> expr . TRANSPOSE
    (54) expr -> expr . MPOWER expr
    (55) expr -> expr . POWER expr
    (56) expr -> expr . LDIVIDE expr
    (57) expr -> expr . RDIVIDE expr
    (58) expr -> expr . TIMES expr
    (59) expr -> expr . MLDIVIDE expr
    (60) expr -> expr . MRDIVIDE expr
    (61) expr -> expr . MTIMES expr
    (62) expr -> expr . MINUS expr
    (63) expr -> expr . PLUS expr
    (64) expr -> expr . NE expr
    (65) expr -> expr . EQ expr
    (66) expr -> expr . GE expr
    (67) expr -> expr . GT expr
    (68) expr -> expr . LE expr
    (69) expr -> expr . LT expr
    (70) expr -> expr . AND expr
    (71) expr -> expr . OR expr
    (72) expr -> expr . ANDAND expr
    (73) expr -> expr . OROR expr
    (74) expr -> expr . COLON expr
    (79) expr -> expr . DOT NAME
    (80) expr -> expr . ELLIPSIS NEWLINE
    (82) expr -> expr . ASSIGN expr
    (91) expr -> expr . LCURL args RCURL
    (92) expr -> expr . LPAREN args RPAREN
    COMMA           reduce using rule 61 (expr -> expr MTIMES expr .)
    NEWLINE         reduce using rule 61 (expr -> expr MTIMES expr .)
    SEMICOLON       reduce using rule 61 (expr -> expr MTIMES expr .)
    LDIVIDE         reduce using rule 61 (expr -> expr MTIMES expr .)
    RDIVIDE         reduce using rule 61 (expr -> expr MTIMES expr .)
    TIMES           reduce using rule 61 (expr -> expr MTIMES expr .)
    MLDIVIDE        reduce using rule 61 (expr -> expr MTIMES expr .)
    MRDIVIDE        reduce using rule 61 (expr -> expr MTIMES expr .)
    MTIMES          reduce using rule 61 (expr -> expr MTIMES expr .)
    MINUS           reduce using rule 61 (expr -> expr MTIMES expr .)
    PLUS            reduce using rule 61 (expr -> expr MTIMES expr .)
    NE              reduce using rule 61 (expr -> expr MTIMES expr .)
    EQ              reduce using rule 61 (expr -> expr MTIMES expr .)
    GE              reduce using rule 61 (expr -> expr MTIMES expr .)
    GT              reduce using rule 61 (expr -> expr MTIMES expr .)
    LE              reduce using rule 61 (expr -> expr MTIMES expr .)
    LT              reduce using rule 61 (expr -> expr MTIMES expr .)
    AND             reduce using rule 61 (expr -> expr MTIMES expr .)
    OR              reduce using rule 61 (expr -> expr MTIMES expr .)
    ANDAND          reduce using rule 61 (expr -> expr MTIMES expr .)
    OROR            reduce using rule 61 (expr -> expr MTIMES expr .)
    COLON           reduce using rule 61 (expr -> expr MTIMES expr .)
    ELLIPSIS        reduce using rule 61 (expr -> expr MTIMES expr .)
    ASSIGN          reduce using rule 61 (expr -> expr MTIMES expr .)
    LCURL           reduce using rule 61 (expr -> expr MTIMES expr .)
    LPAREN          reduce using rule 61 (expr -> expr MTIMES expr .)
    COMMAND         reduce using rule 61 (expr -> expr MTIMES expr .)
    TRY             reduce using rule 61 (expr -> expr MTIMES expr .)
    WHILE           reduce using rule 61 (expr -> expr MTIMES expr .)
    IF              reduce using rule 61 (expr -> expr MTIMES expr .)
    BREAK           reduce using rule 61 (expr -> expr MTIMES expr .)
    CONTINUE        reduce using rule 61 (expr -> expr MTIMES expr .)
    FOR             reduce using rule 61 (expr -> expr MTIMES expr .)
    RETURN          reduce using rule 61 (expr -> expr MTIMES expr .)
    FUNCTION        reduce using rule 61 (expr -> expr MTIMES expr .)
    STRING          reduce using rule 61 (expr -> expr MTIMES expr .)
    NUMBER          reduce using rule 61 (expr -> expr MTIMES expr .)
    NAME            reduce using rule 61 (expr -> expr MTIMES expr .)
    NOT             reduce using rule 61 (expr -> expr MTIMES expr .)
    AT              reduce using rule 61 (expr -> expr MTIMES expr .)
    LSQR            reduce using rule 61 (expr -> expr MTIMES expr .)
    SWITCH          reduce using rule 61 (expr -> expr MTIMES expr .)
    RPAREN          reduce using rule 61 (expr -> expr MTIMES expr .)
    RSQR            reduce using rule 61 (expr -> expr MTIMES expr .)
    RCURL           reduce using rule 61 (expr -> expr MTIMES expr .)
    CASE            reduce using rule 61 (expr -> expr MTIMES expr .)
    CTRANSPOSE      shift and go to state 33
    TRANSPOSE       shift and go to state 34
    MPOWER          shift and go to state 35
    POWER           shift and go to state 36
    DOT             shift and go to state 56


state 101

    (62) expr -> expr MINUS expr .
    (52) expr -> expr . CTRANSPOSE
    (53) expr -> expr . TRANSPOSE
    (54) expr -> expr . MPOWER expr
    (55) expr -> expr . POWER expr
    (56) expr -> expr . LDIVIDE expr
    (57) expr -> expr . RDIVIDE expr
    (58) expr -> expr . TIMES expr
    (59) expr -> expr . MLDIVIDE expr
    (60) expr -> expr . MRDIVIDE expr
    (61) expr -> expr . MTIMES expr
    (62) expr -> expr . MINUS expr
    (63) expr -> expr . PLUS expr
    (64) expr -> expr . NE expr
    (65) expr -> expr . EQ expr
    (66) expr -> expr . GE expr
    (67) expr -> expr . GT expr
    (68) expr -> expr . LE expr
    (69) expr -> expr . LT expr
    (70) expr -> expr . AND expr
    (71) expr -> expr . OR expr
    (72) expr -> expr . ANDAND expr
    (73) expr -> expr . OROR expr
    (74) expr -> expr . COLON expr
    (79) expr -> expr . DOT NAME
    (80) expr -> expr . ELLIPSIS NEWLINE
    (82) expr -> expr . ASSIGN expr
    (91) expr -> expr . LCURL args RCURL
    (92) expr -> expr . LPAREN args RPAREN
    COMMA           reduce using rule 62 (expr -> expr MINUS expr .)
    NEWLINE         reduce using rule 62 (expr -> expr MINUS expr .)
    SEMICOLON       reduce using rule 62 (expr -> expr MINUS expr .)
    MINUS           reduce using rule 62 (expr -> expr MINUS expr .)
    PLUS            reduce using rule 62 (expr -> expr MINUS expr .)
    NE              reduce using rule 62 (expr -> expr MINUS expr .)
    EQ              reduce using rule 62 (expr -> expr MINUS expr .)
    GE              reduce using rule 62 (expr -> expr MINUS expr .)
    GT              reduce using rule 62 (expr -> expr MINUS expr .)
    LE              reduce using rule 62 (expr -> expr MINUS expr .)
    LT              reduce using rule 62 (expr -> expr MINUS expr .)
    AND             reduce using rule 62 (expr -> expr MINUS expr .)
    OR              reduce using rule 62 (expr -> expr MINUS expr .)
    ANDAND          reduce using rule 62 (expr -> expr MINUS expr .)
    OROR            reduce using rule 62 (expr -> expr MINUS expr .)
    COLON           reduce using rule 62 (expr -> expr MINUS expr .)
    ELLIPSIS        reduce using rule 62 (expr -> expr MINUS expr .)
    ASSIGN          reduce using rule 62 (expr -> expr MINUS expr .)
    LCURL           reduce using rule 62 (expr -> expr MINUS expr .)
    LPAREN          reduce using rule 62 (expr -> expr MINUS expr .)
    COMMAND         reduce using rule 62 (expr -> expr MINUS expr .)
    TRY             reduce using rule 62 (expr -> expr MINUS expr .)
    WHILE           reduce using rule 62 (expr -> expr MINUS expr .)
    IF              reduce using rule 62 (expr -> expr MINUS expr .)
    BREAK           reduce using rule 62 (expr -> expr MINUS expr .)
    CONTINUE        reduce using rule 62 (expr -> expr MINUS expr .)
    FOR             reduce using rule 62 (expr -> expr MINUS expr .)
    RETURN          reduce using rule 62 (expr -> expr MINUS expr .)
    FUNCTION        reduce using rule 62 (expr -> expr MINUS expr .)
    STRING          reduce using rule 62 (expr -> expr MINUS expr .)
    NUMBER          reduce using rule 62 (expr -> expr MINUS expr .)
    NAME            reduce using rule 62 (expr -> expr MINUS expr .)
    NOT             reduce using rule 62 (expr -> expr MINUS expr .)
    AT              reduce using rule 62 (expr -> expr MINUS expr .)
    LSQR            reduce using rule 62 (expr -> expr MINUS expr .)
    SWITCH          reduce using rule 62 (expr -> expr MINUS expr .)
    RPAREN          reduce using rule 62 (expr -> expr MINUS expr .)
    RSQR            reduce using rule 62 (expr -> expr MINUS expr .)
    RCURL           reduce using rule 62 (expr -> expr MINUS expr .)
    CASE            reduce using rule 62 (expr -> expr MINUS expr .)
    CTRANSPOSE      shift and go to state 33
    TRANSPOSE       shift and go to state 34
    MPOWER          shift and go to state 35
    POWER           shift and go to state 36
    LDIVIDE         shift and go to state 37
    RDIVIDE         shift and go to state 38
    TIMES           shift and go to state 39
    MLDIVIDE        shift and go to state 40
    MRDIVIDE        shift and go to state 41
    MTIMES          shift and go to state 42
    DOT             shift and go to state 56


state 102

    (63) expr -> expr PLUS expr .
    (52) expr -> expr . CTRANSPOSE
    (53) expr -> expr . TRANSPOSE
    (54) expr -> expr . MPOWER expr
    (55) expr -> expr . POWER expr
    (56) expr -> expr . LDIVIDE expr
    (57) expr -> expr . RDIVIDE expr
    (58) expr -> expr . TIMES expr
    (59) expr -> expr . MLDIVIDE expr
    (60) expr -> expr . MRDIVIDE expr
    (61) expr -> expr . MTIMES expr
    (62) expr -> expr . MINUS expr
    (63) expr -> expr . PLUS expr
    (64) expr -> expr . NE expr
    (65) expr -> expr . EQ expr
    (66) expr -> expr . GE expr
    (67) expr -> expr . GT expr
    (68) expr -> expr . LE expr
    (69) expr -> expr . LT expr
    (70) expr -> expr . AND expr
    (71) expr -> expr . OR expr
    (72) expr -> expr . ANDAND expr
    (73) expr -> expr . OROR expr
    (74) expr -> expr . COLON expr
    (79) expr -> expr . DOT NAME
    (80) expr -> expr . ELLIPSIS NEWLINE
    (82) expr -> expr . ASSIGN expr
    (91) expr -> expr . LCURL args RCURL
    (92) expr -> expr . LPAREN args RPAREN
    COMMA           reduce using rule 63 (expr -> expr PLUS expr .)
    NEWLINE         reduce using rule 63 (expr -> expr PLUS expr .)
    SEMICOLON       reduce using rule 63 (expr -> expr PLUS expr .)
    MINUS           reduce using rule 63 (expr -> expr PLUS expr .)
    PLUS            reduce using rule 63 (expr -> expr PLUS expr .)
    NE              reduce using rule 63 (expr -> expr PLUS expr .)
    EQ              reduce using rule 63 (expr -> expr PLUS expr .)
    GE              reduce using rule 63 (expr -> expr PLUS expr .)
    GT              reduce using rule 63 (expr -> expr PLUS expr .)
    LE              reduce using rule 63 (expr -> expr PLUS expr .)
    LT              reduce using rule 63 (expr -> expr PLUS expr .)
    AND             reduce using rule 63 (expr -> expr PLUS expr .)
    OR              reduce using rule 63 (expr -> expr PLUS expr .)
    ANDAND          reduce using rule 63 (expr -> expr PLUS expr .)
    OROR            reduce using rule 63 (expr -> expr PLUS expr .)
    COLON           reduce using rule 63 (expr -> expr PLUS expr .)
    ELLIPSIS        reduce using rule 63 (expr -> expr PLUS expr .)
    ASSIGN          reduce using rule 63 (expr -> expr PLUS expr .)
    LCURL           reduce using rule 63 (expr -> expr PLUS expr .)
    LPAREN          reduce using rule 63 (expr -> expr PLUS expr .)
    COMMAND         reduce using rule 63 (expr -> expr PLUS expr .)
    TRY             reduce using rule 63 (expr -> expr PLUS expr .)
    WHILE           reduce using rule 63 (expr -> expr PLUS expr .)
    IF              reduce using rule 63 (expr -> expr PLUS expr .)
    BREAK           reduce using rule 63 (expr -> expr PLUS expr .)
    CONTINUE        reduce using rule 63 (expr -> expr PLUS expr .)
    FOR             reduce using rule 63 (expr -> expr PLUS expr .)
    RETURN          reduce using rule 63 (expr -> expr PLUS expr .)
    FUNCTION        reduce using rule 63 (expr -> expr PLUS expr .)
    STRING          reduce using rule 63 (expr -> expr PLUS expr .)
    NUMBER          reduce using rule 63 (expr -> expr PLUS expr .)
    NAME            reduce using rule 63 (expr -> expr PLUS expr .)
    NOT             reduce using rule 63 (expr -> expr PLUS expr .)
    AT              reduce using rule 63 (expr -> expr PLUS expr .)
    LSQR            reduce using rule 63 (expr -> expr PLUS expr .)
    SWITCH          reduce using rule 63 (expr -> expr PLUS expr .)
    RPAREN          reduce using rule 63 (expr -> expr PLUS expr .)
    RSQR            reduce using rule 63 (expr -> expr PLUS expr .)
    RCURL           reduce using rule 63 (expr -> expr PLUS expr .)
    CASE            reduce using rule 63 (expr -> expr PLUS expr .)
    CTRANSPOSE      shift and go to state 33
    TRANSPOSE       shift and go to state 34
    MPOWER          shift and go to state 35
    POWER           shift and go to state 36
    LDIVIDE         shift and go to state 37
    RDIVIDE         shift and go to state 38
    TIMES           shift and go to state 39
    MLDIVIDE        shift and go to state 40
    MRDIVIDE        shift and go to state 41
    MTIMES          shift and go to state 42
    DOT             shift and go to state 56


state 103

    (64) expr -> expr NE expr .
    (52) expr -> expr . CTRANSPOSE
    (53) expr -> expr . TRANSPOSE
    (54) expr -> expr . MPOWER expr
    (55) expr -> expr . POWER expr
    (56) expr -> expr . LDIVIDE expr
    (57) expr -> expr . RDIVIDE expr
    (58) expr -> expr . TIMES expr
    (59) expr -> expr . MLDIVIDE expr
    (60) expr -> expr . MRDIVIDE expr
    (61) expr -> expr . MTIMES expr
    (62) expr -> expr . MINUS expr
    (63) expr -> expr . PLUS expr
    (64) expr -> expr . NE expr
    (65) expr -> expr . EQ expr
    (66) expr -> expr . GE expr
    (67) expr -> expr . GT expr
    (68) expr -> expr . LE expr
    (69) expr -> expr . LT expr
    (70) expr -> expr . AND expr
    (71) expr -> expr . OR expr
    (72) expr -> expr . ANDAND expr
    (73) expr -> expr . OROR expr
    (74) expr -> expr . COLON expr
    (79) expr -> expr . DOT NAME
    (80) expr -> expr . ELLIPSIS NEWLINE
    (82) expr -> expr . ASSIGN expr
    (91) expr -> expr . LCURL args RCURL
    (92) expr -> expr . LPAREN args RPAREN
    COMMA           reduce using rule 64 (expr -> expr NE expr .)
    NEWLINE         reduce using rule 64 (expr -> expr NE expr .)
    SEMICOLON       reduce using rule 64 (expr -> expr NE expr .)
    NE              reduce using rule 64 (expr -> expr NE expr .)
    EQ              reduce using rule 64 (expr -> expr NE expr .)
    GE              reduce using rule 64 (expr -> expr NE expr .)
    GT              reduce using rule 64 (expr -> expr NE expr .)
    LE              reduce using rule 64 (expr -> expr NE expr .)
    LT              reduce using rule 64 (expr -> expr NE expr .)
    AND             reduce using rule 64 (expr -> expr NE expr .)
    OR              reduce using rule 64 (expr -> expr NE expr .)
    ANDAND          reduce using rule 64 (expr -> expr NE expr .)
    OROR            reduce using rule 64 (expr -> expr NE expr .)
    ELLIPSIS        reduce using rule 64 (expr -> expr NE expr .)
    ASSIGN          reduce using rule 64 (expr -> expr NE expr .)
    LCURL           reduce using rule 64 (expr -> expr NE expr .)
    LPAREN          reduce using rule 64 (expr -> expr NE expr .)
    COMMAND         reduce using rule 64 (expr -> expr NE expr .)
    TRY             reduce using rule 64 (expr -> expr NE expr .)
    WHILE           reduce using rule 64 (expr -> expr NE expr .)
    IF              reduce using rule 64 (expr -> expr NE expr .)
    BREAK           reduce using rule 64 (expr -> expr NE expr .)
    CONTINUE        reduce using rule 64 (expr -> expr NE expr .)
    FOR             reduce using rule 64 (expr -> expr NE expr .)
    RETURN          reduce using rule 64 (expr -> expr NE expr .)
    FUNCTION        reduce using rule 64 (expr -> expr NE expr .)
    STRING          reduce using rule 64 (expr -> expr NE expr .)
    NUMBER          reduce using rule 64 (expr -> expr NE expr .)
    NAME            reduce using rule 64 (expr -> expr NE expr .)
    NOT             reduce using rule 64 (expr -> expr NE expr .)
    AT              reduce using rule 64 (expr -> expr NE expr .)
    LSQR            reduce using rule 64 (expr -> expr NE expr .)
    SWITCH          reduce using rule 64 (expr -> expr NE expr .)
    RPAREN          reduce using rule 64 (expr -> expr NE expr .)
    RSQR            reduce using rule 64 (expr -> expr NE expr .)
    RCURL           reduce using rule 64 (expr -> expr NE expr .)
    CASE            reduce using rule 64 (expr -> expr NE expr .)
    CTRANSPOSE      shift and go to state 33
    TRANSPOSE       shift and go to state 34
    MPOWER          shift and go to state 35
    POWER           shift and go to state 36
    LDIVIDE         shift and go to state 37
    RDIVIDE         shift and go to state 38
    TIMES           shift and go to state 39
    MLDIVIDE        shift and go to state 40
    MRDIVIDE        shift and go to state 41
    MTIMES          shift and go to state 42
    MINUS           shift and go to state 43
    PLUS            shift and go to state 44
    COLON           shift and go to state 55
    DOT             shift and go to state 56


state 104

    (65) expr -> expr EQ expr .
    (52) expr -> expr . CTRANSPOSE
    (53) expr -> expr . TRANSPOSE
    (54) expr -> expr . MPOWER expr
    (55) expr -> expr . POWER expr
    (56) expr -> expr . LDIVIDE expr
    (57) expr -> expr . RDIVIDE expr
    (58) expr -> expr . TIMES expr
    (59) expr -> expr . MLDIVIDE expr
    (60) expr -> expr . MRDIVIDE expr
    (61) expr -> expr . MTIMES expr
    (62) expr -> expr . MINUS expr
    (63) expr -> expr . PLUS expr
    (64) expr -> expr . NE expr
    (65) expr -> expr . EQ expr
    (66) expr -> expr . GE expr
    (67) expr -> expr . GT expr
    (68) expr -> expr . LE expr
    (69) expr -> expr . LT expr
    (70) expr -> expr . AND expr
    (71) expr -> expr . OR expr
    (72) expr -> expr . ANDAND expr
    (73) expr -> expr . OROR expr
    (74) expr -> expr . COLON expr
    (79) expr -> expr . DOT NAME
    (80) expr -> expr . ELLIPSIS NEWLINE
    (82) expr -> expr . ASSIGN expr
    (91) expr -> expr . LCURL args RCURL
    (92) expr -> expr . LPAREN args RPAREN
    COMMA           reduce using rule 65 (expr -> expr EQ expr .)
    NEWLINE         reduce using rule 65 (expr -> expr EQ expr .)
    SEMICOLON       reduce using rule 65 (expr -> expr EQ expr .)
    NE              reduce using rule 65 (expr -> expr EQ expr .)
    EQ              reduce using rule 65 (expr -> expr EQ expr .)
    GE              reduce using rule 65 (expr -> expr EQ expr .)
    GT              reduce using rule 65 (expr -> expr EQ expr .)
    LE              reduce using rule 65 (expr -> expr EQ expr .)
    LT              reduce using rule 65 (expr -> expr EQ expr .)
    AND             reduce using rule 65 (expr -> expr EQ expr .)
    OR              reduce using rule 65 (expr -> expr EQ expr .)
    ANDAND          reduce using rule 65 (expr -> expr EQ expr .)
    OROR            reduce using rule 65 (expr -> expr EQ expr .)
    ELLIPSIS        reduce using rule 65 (expr -> expr EQ expr .)
    ASSIGN          reduce using rule 65 (expr -> expr EQ expr .)
    LCURL           reduce using rule 65 (expr -> expr EQ expr .)
    LPAREN          reduce using rule 65 (expr -> expr EQ expr .)
    COMMAND         reduce using rule 65 (expr -> expr EQ expr .)
    TRY             reduce using rule 65 (expr -> expr EQ expr .)
    WHILE           reduce using rule 65 (expr -> expr EQ expr .)
    IF              reduce using rule 65 (expr -> expr EQ expr .)
    BREAK           reduce using rule 65 (expr -> expr EQ expr .)
    CONTINUE        reduce using rule 65 (expr -> expr EQ expr .)
    FOR             reduce using rule 65 (expr -> expr EQ expr .)
    RETURN          reduce using rule 65 (expr -> expr EQ expr .)
    FUNCTION        reduce using rule 65 (expr -> expr EQ expr .)
    STRING          reduce using rule 65 (expr -> expr EQ expr .)
    NUMBER          reduce using rule 65 (expr -> expr EQ expr .)
    NAME            reduce using rule 65 (expr -> expr EQ expr .)
    NOT             reduce using rule 65 (expr -> expr EQ expr .)
    AT              reduce using rule 65 (expr -> expr EQ expr .)
    LSQR            reduce using rule 65 (expr -> expr EQ expr .)
    SWITCH          reduce using rule 65 (expr -> expr EQ expr .)
    RPAREN          reduce using rule 65 (expr -> expr EQ expr .)
    RSQR            reduce using rule 65 (expr -> expr EQ expr .)
    RCURL           reduce using rule 65 (expr -> expr EQ expr .)
    CASE            reduce using rule 65 (expr -> expr EQ expr .)
    CTRANSPOSE      shift and go to state 33
    TRANSPOSE       shift and go to state 34
    MPOWER          shift and go to state 35
    POWER           shift and go to state 36
    LDIVIDE         shift and go to state 37
    RDIVIDE         shift and go to state 38
    TIMES           shift and go to state 39
    MLDIVIDE        shift and go to state 40
    MRDIVIDE        shift and go to state 41
    MTIMES          shift and go to state 42
    MINUS           shift and go to state 43
    PLUS            shift and go to state 44
    COLON           shift and go to state 55
    DOT             shift and go to state 56


state 105

    (66) expr -> expr GE expr .
    (52) expr -> expr . CTRANSPOSE
    (53) expr -> expr . TRANSPOSE
    (54) expr -> expr . MPOWER expr
    (55) expr -> expr . POWER expr
    (56) expr -> expr . LDIVIDE expr
    (57) expr -> expr . RDIVIDE expr
    (58) expr -> expr . TIMES expr
    (59) expr -> expr . MLDIVIDE expr
    (60) expr -> expr . MRDIVIDE expr
    (61) expr -> expr . MTIMES expr
    (62) expr -> expr . MINUS expr
    (63) expr -> expr . PLUS expr
    (64) expr -> expr . NE expr
    (65) expr -> expr . EQ expr
    (66) expr -> expr . GE expr
    (67) expr -> expr . GT expr
    (68) expr -> expr . LE expr
    (69) expr -> expr . LT expr
    (70) expr -> expr . AND expr
    (71) expr -> expr . OR expr
    (72) expr -> expr . ANDAND expr
    (73) expr -> expr . OROR expr
    (74) expr -> expr . COLON expr
    (79) expr -> expr . DOT NAME
    (80) expr -> expr . ELLIPSIS NEWLINE
    (82) expr -> expr . ASSIGN expr
    (91) expr -> expr . LCURL args RCURL
    (92) expr -> expr . LPAREN args RPAREN
    COMMA           reduce using rule 66 (expr -> expr GE expr .)
    NEWLINE         reduce using rule 66 (expr -> expr GE expr .)
    SEMICOLON       reduce using rule 66 (expr -> expr GE expr .)
    NE              reduce using rule 66 (expr -> expr GE expr .)
    EQ              reduce using rule 66 (expr -> expr GE expr .)
    GE              reduce using rule 66 (expr -> expr GE expr .)
    GT              reduce using rule 66 (expr -> expr GE expr .)
    LE              reduce using rule 66 (expr -> expr GE expr .)
    LT              reduce using rule 66 (expr -> expr GE expr .)
    AND             reduce using rule 66 (expr -> expr GE expr .)
    OR              reduce using rule 66 (expr -> expr GE expr .)
    ANDAND          reduce using rule 66 (expr -> expr GE expr .)
    OROR            reduce using rule 66 (expr -> expr GE expr .)
    ELLIPSIS        reduce using rule 66 (expr -> expr GE expr .)
    ASSIGN          reduce using rule 66 (expr -> expr GE expr .)
    LCURL           reduce using rule 66 (expr -> expr GE expr .)
    LPAREN          reduce using rule 66 (expr -> expr GE expr .)
    COMMAND         reduce using rule 66 (expr -> expr GE expr .)
    TRY             reduce using rule 66 (expr -> expr GE expr .)
    WHILE           reduce using rule 66 (expr -> expr GE expr .)
    IF              reduce using rule 66 (expr -> expr GE expr .)
    BREAK           reduce using rule 66 (expr -> expr GE expr .)
    CONTINUE        reduce using rule 66 (expr -> expr GE expr .)
    FOR             reduce using rule 66 (expr -> expr GE expr .)
    RETURN          reduce using rule 66 (expr -> expr GE expr .)
    FUNCTION        reduce using rule 66 (expr -> expr GE expr .)
    STRING          reduce using rule 66 (expr -> expr GE expr .)
    NUMBER          reduce using rule 66 (expr -> expr GE expr .)
    NAME            reduce using rule 66 (expr -> expr GE expr .)
    NOT             reduce using rule 66 (expr -> expr GE expr .)
    AT              reduce using rule 66 (expr -> expr GE expr .)
    LSQR            reduce using rule 66 (expr -> expr GE expr .)
    SWITCH          reduce using rule 66 (expr -> expr GE expr .)
    RPAREN          reduce using rule 66 (expr -> expr GE expr .)
    RSQR            reduce using rule 66 (expr -> expr GE expr .)
    RCURL           reduce using rule 66 (expr -> expr GE expr .)
    CASE            reduce using rule 66 (expr -> expr GE expr .)
    CTRANSPOSE      shift and go to state 33
    TRANSPOSE       shift and go to state 34
    MPOWER          shift and go to state 35
    POWER           shift and go to state 36
    LDIVIDE         shift and go to state 37
    RDIVIDE         shift and go to state 38
    TIMES           shift and go to state 39
    MLDIVIDE        shift and go to state 40
    MRDIVIDE        shift and go to state 41
    MTIMES          shift and go to state 42
    MINUS           shift and go to state 43
    PLUS            shift and go to state 44
    COLON           shift and go to state 55
    DOT             shift and go to state 56


state 106

    (67) expr -> expr GT expr .
    (52) expr -> expr . CTRANSPOSE
    (53) expr -> expr . TRANSPOSE
    (54) expr -> expr . MPOWER expr
    (55) expr -> expr . POWER expr
    (56) expr -> expr . LDIVIDE expr
    (57) expr -> expr . RDIVIDE expr
    (58) expr -> expr . TIMES expr
    (59) expr -> expr . MLDIVIDE expr
    (60) expr -> expr . MRDIVIDE expr
    (61) expr -> expr . MTIMES expr
    (62) expr -> expr . MINUS expr
    (63) expr -> expr . PLUS expr
    (64) expr -> expr . NE expr
    (65) expr -> expr . EQ expr
    (66) expr -> expr . GE expr
    (67) expr -> expr . GT expr
    (68) expr -> expr . LE expr
    (69) expr -> expr . LT expr
    (70) expr -> expr . AND expr
    (71) expr -> expr . OR expr
    (72) expr -> expr . ANDAND expr
    (73) expr -> expr . OROR expr
    (74) expr -> expr . COLON expr
    (79) expr -> expr . DOT NAME
    (80) expr -> expr . ELLIPSIS NEWLINE
    (82) expr -> expr . ASSIGN expr
    (91) expr -> expr . LCURL args RCURL
    (92) expr -> expr . LPAREN args RPAREN
    COMMA           reduce using rule 67 (expr -> expr GT expr .)
    NEWLINE         reduce using rule 67 (expr -> expr GT expr .)
    SEMICOLON       reduce using rule 67 (expr -> expr GT expr .)
    NE              reduce using rule 67 (expr -> expr GT expr .)
    EQ              reduce using rule 67 (expr -> expr GT expr .)
    GE              reduce using rule 67 (expr -> expr GT expr .)
    GT              reduce using rule 67 (expr -> expr GT expr .)
    LE              reduce using rule 67 (expr -> expr GT expr .)
    LT              reduce using rule 67 (expr -> expr GT expr .)
    AND             reduce using rule 67 (expr -> expr GT expr .)
    OR              reduce using rule 67 (expr -> expr GT expr .)
    ANDAND          reduce using rule 67 (expr -> expr GT expr .)
    OROR            reduce using rule 67 (expr -> expr GT expr .)
    ELLIPSIS        reduce using rule 67 (expr -> expr GT expr .)
    ASSIGN          reduce using rule 67 (expr -> expr GT expr .)
    LCURL           reduce using rule 67 (expr -> expr GT expr .)
    LPAREN          reduce using rule 67 (expr -> expr GT expr .)
    COMMAND         reduce using rule 67 (expr -> expr GT expr .)
    TRY             reduce using rule 67 (expr -> expr GT expr .)
    WHILE           reduce using rule 67 (expr -> expr GT expr .)
    IF              reduce using rule 67 (expr -> expr GT expr .)
    BREAK           reduce using rule 67 (expr -> expr GT expr .)
    CONTINUE        reduce using rule 67 (expr -> expr GT expr .)
    FOR             reduce using rule 67 (expr -> expr GT expr .)
    RETURN          reduce using rule 67 (expr -> expr GT expr .)
    FUNCTION        reduce using rule 67 (expr -> expr GT expr .)
    STRING          reduce using rule 67 (expr -> expr GT expr .)
    NUMBER          reduce using rule 67 (expr -> expr GT expr .)
    NAME            reduce using rule 67 (expr -> expr GT expr .)
    NOT             reduce using rule 67 (expr -> expr GT expr .)
    AT              reduce using rule 67 (expr -> expr GT expr .)
    LSQR            reduce using rule 67 (expr -> expr GT expr .)
    SWITCH          reduce using rule 67 (expr -> expr GT expr .)
    RPAREN          reduce using rule 67 (expr -> expr GT expr .)
    RSQR            reduce using rule 67 (expr -> expr GT expr .)
    RCURL           reduce using rule 67 (expr -> expr GT expr .)
    CASE            reduce using rule 67 (expr -> expr GT expr .)
    CTRANSPOSE      shift and go to state 33
    TRANSPOSE       shift and go to state 34
    MPOWER          shift and go to state 35
    POWER           shift and go to state 36
    LDIVIDE         shift and go to state 37
    RDIVIDE         shift and go to state 38
    TIMES           shift and go to state 39
    MLDIVIDE        shift and go to state 40
    MRDIVIDE        shift and go to state 41
    MTIMES          shift and go to state 42
    MINUS           shift and go to state 43
    PLUS            shift and go to state 44
    COLON           shift and go to state 55
    DOT             shift and go to state 56


state 107

    (68) expr -> expr LE expr .
    (52) expr -> expr . CTRANSPOSE
    (53) expr -> expr . TRANSPOSE
    (54) expr -> expr . MPOWER expr
    (55) expr -> expr . POWER expr
    (56) expr -> expr . LDIVIDE expr
    (57) expr -> expr . RDIVIDE expr
    (58) expr -> expr . TIMES expr
    (59) expr -> expr . MLDIVIDE expr
    (60) expr -> expr . MRDIVIDE expr
    (61) expr -> expr . MTIMES expr
    (62) expr -> expr . MINUS expr
    (63) expr -> expr . PLUS expr
    (64) expr -> expr . NE expr
    (65) expr -> expr . EQ expr
    (66) expr -> expr . GE expr
    (67) expr -> expr . GT expr
    (68) expr -> expr . LE expr
    (69) expr -> expr . LT expr
    (70) expr -> expr . AND expr
    (71) expr -> expr . OR expr
    (72) expr -> expr . ANDAND expr
    (73) expr -> expr . OROR expr
    (74) expr -> expr . COLON expr
    (79) expr -> expr . DOT NAME
    (80) expr -> expr . ELLIPSIS NEWLINE
    (82) expr -> expr . ASSIGN expr
    (91) expr -> expr . LCURL args RCURL
    (92) expr -> expr . LPAREN args RPAREN
    COMMA           reduce using rule 68 (expr -> expr LE expr .)
    NEWLINE         reduce using rule 68 (expr -> expr LE expr .)
    SEMICOLON       reduce using rule 68 (expr -> expr LE expr .)
    NE              reduce using rule 68 (expr -> expr LE expr .)
    EQ              reduce using rule 68 (expr -> expr LE expr .)
    GE              reduce using rule 68 (expr -> expr LE expr .)
    GT              reduce using rule 68 (expr -> expr LE expr .)
    LE              reduce using rule 68 (expr -> expr LE expr .)
    LT              reduce using rule 68 (expr -> expr LE expr .)
    AND             reduce using rule 68 (expr -> expr LE expr .)
    OR              reduce using rule 68 (expr -> expr LE expr .)
    ANDAND          reduce using rule 68 (expr -> expr LE expr .)
    OROR            reduce using rule 68 (expr -> expr LE expr .)
    ELLIPSIS        reduce using rule 68 (expr -> expr LE expr .)
    ASSIGN          reduce using rule 68 (expr -> expr LE expr .)
    LCURL           reduce using rule 68 (expr -> expr LE expr .)
    LPAREN          reduce using rule 68 (expr -> expr LE expr .)
    COMMAND         reduce using rule 68 (expr -> expr LE expr .)
    TRY             reduce using rule 68 (expr -> expr LE expr .)
    WHILE           reduce using rule 68 (expr -> expr LE expr .)
    IF              reduce using rule 68 (expr -> expr LE expr .)
    BREAK           reduce using rule 68 (expr -> expr LE expr .)
    CONTINUE        reduce using rule 68 (expr -> expr LE expr .)
    FOR             reduce using rule 68 (expr -> expr LE expr .)
    RETURN          reduce using rule 68 (expr -> expr LE expr .)
    FUNCTION        reduce using rule 68 (expr -> expr LE expr .)
    STRING          reduce using rule 68 (expr -> expr LE expr .)
    NUMBER          reduce using rule 68 (expr -> expr LE expr .)
    NAME            reduce using rule 68 (expr -> expr LE expr .)
    NOT             reduce using rule 68 (expr -> expr LE expr .)
    AT              reduce using rule 68 (expr -> expr LE expr .)
    LSQR            reduce using rule 68 (expr -> expr LE expr .)
    SWITCH          reduce using rule 68 (expr -> expr LE expr .)
    RPAREN          reduce using rule 68 (expr -> expr LE expr .)
    RSQR            reduce using rule 68 (expr -> expr LE expr .)
    RCURL           reduce using rule 68 (expr -> expr LE expr .)
    CASE            reduce using rule 68 (expr -> expr LE expr .)
    CTRANSPOSE      shift and go to state 33
    TRANSPOSE       shift and go to state 34
    MPOWER          shift and go to state 35
    POWER           shift and go to state 36
    LDIVIDE         shift and go to state 37
    RDIVIDE         shift and go to state 38
    TIMES           shift and go to state 39
    MLDIVIDE        shift and go to state 40
    MRDIVIDE        shift and go to state 41
    MTIMES          shift and go to state 42
    MINUS           shift and go to state 43
    PLUS            shift and go to state 44
    COLON           shift and go to state 55
    DOT             shift and go to state 56


state 108

    (69) expr -> expr LT expr .
    (52) expr -> expr . CTRANSPOSE
    (53) expr -> expr . TRANSPOSE
    (54) expr -> expr . MPOWER expr
    (55) expr -> expr . POWER expr
    (56) expr -> expr . LDIVIDE expr
    (57) expr -> expr . RDIVIDE expr
    (58) expr -> expr . TIMES expr
    (59) expr -> expr . MLDIVIDE expr
    (60) expr -> expr . MRDIVIDE expr
    (61) expr -> expr . MTIMES expr
    (62) expr -> expr . MINUS expr
    (63) expr -> expr . PLUS expr
    (64) expr -> expr . NE expr
    (65) expr -> expr . EQ expr
    (66) expr -> expr . GE expr
    (67) expr -> expr . GT expr
    (68) expr -> expr . LE expr
    (69) expr -> expr . LT expr
    (70) expr -> expr . AND expr
    (71) expr -> expr . OR expr
    (72) expr -> expr . ANDAND expr
    (73) expr -> expr . OROR expr
    (74) expr -> expr . COLON expr
    (79) expr -> expr . DOT NAME
    (80) expr -> expr . ELLIPSIS NEWLINE
    (82) expr -> expr . ASSIGN expr
    (91) expr -> expr . LCURL args RCURL
    (92) expr -> expr . LPAREN args RPAREN
    COMMA           reduce using rule 69 (expr -> expr LT expr .)
    NEWLINE         reduce using rule 69 (expr -> expr LT expr .)
    SEMICOLON       reduce using rule 69 (expr -> expr LT expr .)
    NE              reduce using rule 69 (expr -> expr LT expr .)
    EQ              reduce using rule 69 (expr -> expr LT expr .)
    GE              reduce using rule 69 (expr -> expr LT expr .)
    GT              reduce using rule 69 (expr -> expr LT expr .)
    LE              reduce using rule 69 (expr -> expr LT expr .)
    LT              reduce using rule 69 (expr -> expr LT expr .)
    AND             reduce using rule 69 (expr -> expr LT expr .)
    OR              reduce using rule 69 (expr -> expr LT expr .)
    ANDAND          reduce using rule 69 (expr -> expr LT expr .)
    OROR            reduce using rule 69 (expr -> expr LT expr .)
    ELLIPSIS        reduce using rule 69 (expr -> expr LT expr .)
    ASSIGN          reduce using rule 69 (expr -> expr LT expr .)
    LCURL           reduce using rule 69 (expr -> expr LT expr .)
    LPAREN          reduce using rule 69 (expr -> expr LT expr .)
    COMMAND         reduce using rule 69 (expr -> expr LT expr .)
    TRY             reduce using rule 69 (expr -> expr LT expr .)
    WHILE           reduce using rule 69 (expr -> expr LT expr .)
    IF              reduce using rule 69 (expr -> expr LT expr .)
    BREAK           reduce using rule 69 (expr -> expr LT expr .)
    CONTINUE        reduce using rule 69 (expr -> expr LT expr .)
    FOR             reduce using rule 69 (expr -> expr LT expr .)
    RETURN          reduce using rule 69 (expr -> expr LT expr .)
    FUNCTION        reduce using rule 69 (expr -> expr LT expr .)
    STRING          reduce using rule 69 (expr -> expr LT expr .)
    NUMBER          reduce using rule 69 (expr -> expr LT expr .)
    NAME            reduce using rule 69 (expr -> expr LT expr .)
    NOT             reduce using rule 69 (expr -> expr LT expr .)
    AT              reduce using rule 69 (expr -> expr LT expr .)
    LSQR            reduce using rule 69 (expr -> expr LT expr .)
    SWITCH          reduce using rule 69 (expr -> expr LT expr .)
    RPAREN          reduce using rule 69 (expr -> expr LT expr .)
    RSQR            reduce using rule 69 (expr -> expr LT expr .)
    RCURL           reduce using rule 69 (expr -> expr LT expr .)
    CASE            reduce using rule 69 (expr -> expr LT expr .)
    CTRANSPOSE      shift and go to state 33
    TRANSPOSE       shift and go to state 34
    MPOWER          shift and go to state 35
    POWER           shift and go to state 36
    LDIVIDE         shift and go to state 37
    RDIVIDE         shift and go to state 38
    TIMES           shift and go to state 39
    MLDIVIDE        shift and go to state 40
    MRDIVIDE        shift and go to state 41
    MTIMES          shift and go to state 42
    MINUS           shift and go to state 43
    PLUS            shift and go to state 44
    COLON           shift and go to state 55
    DOT             shift and go to state 56


state 109

    (70) expr -> expr AND expr .
    (52) expr -> expr . CTRANSPOSE
    (53) expr -> expr . TRANSPOSE
    (54) expr -> expr . MPOWER expr
    (55) expr -> expr . POWER expr
    (56) expr -> expr . LDIVIDE expr
    (57) expr -> expr . RDIVIDE expr
    (58) expr -> expr . TIMES expr
    (59) expr -> expr . MLDIVIDE expr
    (60) expr -> expr . MRDIVIDE expr
    (61) expr -> expr . MTIMES expr
    (62) expr -> expr . MINUS expr
    (63) expr -> expr . PLUS expr
    (64) expr -> expr . NE expr
    (65) expr -> expr . EQ expr
    (66) expr -> expr . GE expr
    (67) expr -> expr . GT expr
    (68) expr -> expr . LE expr
    (69) expr -> expr . LT expr
    (70) expr -> expr . AND expr
    (71) expr -> expr . OR expr
    (72) expr -> expr . ANDAND expr
    (73) expr -> expr . OROR expr
    (74) expr -> expr . COLON expr
    (79) expr -> expr . DOT NAME
    (80) expr -> expr . ELLIPSIS NEWLINE
    (82) expr -> expr . ASSIGN expr
    (91) expr -> expr . LCURL args RCURL
    (92) expr -> expr . LPAREN args RPAREN
    COMMA           reduce using rule 70 (expr -> expr AND expr .)
    NEWLINE         reduce using rule 70 (expr -> expr AND expr .)
    SEMICOLON       reduce using rule 70 (expr -> expr AND expr .)
    AND             reduce using rule 70 (expr -> expr AND expr .)
    OR              reduce using rule 70 (expr -> expr AND expr .)
    ANDAND          reduce using rule 70 (expr -> expr AND expr .)
    OROR            reduce using rule 70 (expr -> expr AND expr .)
    ELLIPSIS        reduce using rule 70 (expr -> expr AND expr .)
    ASSIGN          reduce using rule 70 (expr -> expr AND expr .)
    LCURL           reduce using rule 70 (expr -> expr AND expr .)
    LPAREN          reduce using rule 70 (expr -> expr AND expr .)
    COMMAND         reduce using rule 70 (expr -> expr AND expr .)
    TRY             reduce using rule 70 (expr -> expr AND expr .)
    WHILE           reduce using rule 70 (expr -> expr AND expr .)
    IF              reduce using rule 70 (expr -> expr AND expr .)
    BREAK           reduce using rule 70 (expr -> expr AND expr .)
    CONTINUE        reduce using rule 70 (expr -> expr AND expr .)
    FOR             reduce using rule 70 (expr -> expr AND expr .)
    RETURN          reduce using rule 70 (expr -> expr AND expr .)
    FUNCTION        reduce using rule 70 (expr -> expr AND expr .)
    STRING          reduce using rule 70 (expr -> expr AND expr .)
    NUMBER          reduce using rule 70 (expr -> expr AND expr .)
    NAME            reduce using rule 70 (expr -> expr AND expr .)
    NOT             reduce using rule 70 (expr -> expr AND expr .)
    AT              reduce using rule 70 (expr -> expr AND expr .)
    LSQR            reduce using rule 70 (expr -> expr AND expr .)
    SWITCH          reduce using rule 70 (expr -> expr AND expr .)
    RPAREN          reduce using rule 70 (expr -> expr AND expr .)
    RSQR            reduce using rule 70 (expr -> expr AND expr .)
    RCURL           reduce using rule 70 (expr -> expr AND expr .)
    CASE            reduce using rule 70 (expr -> expr AND expr .)
    CTRANSPOSE      shift and go to state 33
    TRANSPOSE       shift and go to state 34
    MPOWER          shift and go to state 35
    POWER           shift and go to state 36
    LDIVIDE         shift and go to state 37
    RDIVIDE         shift and go to state 38
    TIMES           shift and go to state 39
    MLDIVIDE        shift and go to state 40
    MRDIVIDE        shift and go to state 41
    MTIMES          shift and go to state 42
    MINUS           shift and go to state 43
    PLUS            shift and go to state 44
    NE              shift and go to state 45
    EQ              shift and go to state 46
    GE              shift and go to state 47
    GT              shift and go to state 48
    LE              shift and go to state 49
    LT              shift and go to state 50
    COLON           shift and go to state 55
    DOT             shift and go to state 56


state 110

    (71) expr -> expr OR expr .
    (52) expr -> expr . CTRANSPOSE
    (53) expr -> expr . TRANSPOSE
    (54) expr -> expr . MPOWER expr
    (55) expr -> expr . POWER expr
    (56) expr -> expr . LDIVIDE expr
    (57) expr -> expr . RDIVIDE expr
    (58) expr -> expr . TIMES expr
    (59) expr -> expr . MLDIVIDE expr
    (60) expr -> expr . MRDIVIDE expr
    (61) expr -> expr . MTIMES expr
    (62) expr -> expr . MINUS expr
    (63) expr -> expr . PLUS expr
    (64) expr -> expr . NE expr
    (65) expr -> expr . EQ expr
    (66) expr -> expr . GE expr
    (67) expr -> expr . GT expr
    (68) expr -> expr . LE expr
    (69) expr -> expr . LT expr
    (70) expr -> expr . AND expr
    (71) expr -> expr . OR expr
    (72) expr -> expr . ANDAND expr
    (73) expr -> expr . OROR expr
    (74) expr -> expr . COLON expr
    (79) expr -> expr . DOT NAME
    (80) expr -> expr . ELLIPSIS NEWLINE
    (82) expr -> expr . ASSIGN expr
    (91) expr -> expr . LCURL args RCURL
    (92) expr -> expr . LPAREN args RPAREN
    COMMA           reduce using rule 71 (expr -> expr OR expr .)
    NEWLINE         reduce using rule 71 (expr -> expr OR expr .)
    SEMICOLON       reduce using rule 71 (expr -> expr OR expr .)
    OR              reduce using rule 71 (expr -> expr OR expr .)
    ANDAND          reduce using rule 71 (expr -> expr OR expr .)
    OROR            reduce using rule 71 (expr -> expr OR expr .)
    ELLIPSIS        reduce using rule 71 (expr -> expr OR expr .)
    ASSIGN          reduce using rule 71 (expr -> expr OR expr .)
    LCURL           reduce using rule 71 (expr -> expr OR expr .)
    LPAREN          reduce using rule 71 (expr -> expr OR expr .)
    COMMAND         reduce using rule 71 (expr -> expr OR expr .)
    TRY             reduce using rule 71 (expr -> expr OR expr .)
    WHILE           reduce using rule 71 (expr -> expr OR expr .)
    IF              reduce using rule 71 (expr -> expr OR expr .)
    BREAK           reduce using rule 71 (expr -> expr OR expr .)
    CONTINUE        reduce using rule 71 (expr -> expr OR expr .)
    FOR             reduce using rule 71 (expr -> expr OR expr .)
    RETURN          reduce using rule 71 (expr -> expr OR expr .)
    FUNCTION        reduce using rule 71 (expr -> expr OR expr .)
    STRING          reduce using rule 71 (expr -> expr OR expr .)
    NUMBER          reduce using rule 71 (expr -> expr OR expr .)
    NAME            reduce using rule 71 (expr -> expr OR expr .)
    NOT             reduce using rule 71 (expr -> expr OR expr .)
    AT              reduce using rule 71 (expr -> expr OR expr .)
    LSQR            reduce using rule 71 (expr -> expr OR expr .)
    SWITCH          reduce using rule 71 (expr -> expr OR expr .)
    RPAREN          reduce using rule 71 (expr -> expr OR expr .)
    RSQR            reduce using rule 71 (expr -> expr OR expr .)
    RCURL           reduce using rule 71 (expr -> expr OR expr .)
    CASE            reduce using rule 71 (expr -> expr OR expr .)
    CTRANSPOSE      shift and go to state 33
    TRANSPOSE       shift and go to state 34
    MPOWER          shift and go to state 35
    POWER           shift and go to state 36
    LDIVIDE         shift and go to state 37
    RDIVIDE         shift and go to state 38
    TIMES           shift and go to state 39
    MLDIVIDE        shift and go to state 40
    MRDIVIDE        shift and go to state 41
    MTIMES          shift and go to state 42
    MINUS           shift and go to state 43
    PLUS            shift and go to state 44
    NE              shift and go to state 45
    EQ              shift and go to state 46
    GE              shift and go to state 47
    GT              shift and go to state 48
    LE              shift and go to state 49
    LT              shift and go to state 50
    AND             shift and go to state 51
    COLON           shift and go to state 55
    DOT             shift and go to state 56


state 111

    (72) expr -> expr ANDAND expr .
    (52) expr -> expr . CTRANSPOSE
    (53) expr -> expr . TRANSPOSE
    (54) expr -> expr . MPOWER expr
    (55) expr -> expr . POWER expr
    (56) expr -> expr . LDIVIDE expr
    (57) expr -> expr . RDIVIDE expr
    (58) expr -> expr . TIMES expr
    (59) expr -> expr . MLDIVIDE expr
    (60) expr -> expr . MRDIVIDE expr
    (61) expr -> expr . MTIMES expr
    (62) expr -> expr . MINUS expr
    (63) expr -> expr . PLUS expr
    (64) expr -> expr . NE expr
    (65) expr -> expr . EQ expr
    (66) expr -> expr . GE expr
    (67) expr -> expr . GT expr
    (68) expr -> expr . LE expr
    (69) expr -> expr . LT expr
    (70) expr -> expr . AND expr
    (71) expr -> expr . OR expr
    (72) expr -> expr . ANDAND expr
    (73) expr -> expr . OROR expr
    (74) expr -> expr . COLON expr
    (79) expr -> expr . DOT NAME
    (80) expr -> expr . ELLIPSIS NEWLINE
    (82) expr -> expr . ASSIGN expr
    (91) expr -> expr . LCURL args RCURL
    (92) expr -> expr . LPAREN args RPAREN
    COMMA           reduce using rule 72 (expr -> expr ANDAND expr .)
    NEWLINE         reduce using rule 72 (expr -> expr ANDAND expr .)
    SEMICOLON       reduce using rule 72 (expr -> expr ANDAND expr .)
    ANDAND          reduce using rule 72 (expr -> expr ANDAND expr .)
    OROR            reduce using rule 72 (expr -> expr ANDAND expr .)
    ELLIPSIS        reduce using rule 72 (expr -> expr ANDAND expr .)
    ASSIGN          reduce using rule 72 (expr -> expr ANDAND expr .)
    LCURL           reduce using rule 72 (expr -> expr ANDAND expr .)
    LPAREN          reduce using rule 72 (expr -> expr ANDAND expr .)
    COMMAND         reduce using rule 72 (expr -> expr ANDAND expr .)
    TRY             reduce using rule 72 (expr -> expr ANDAND expr .)
    WHILE           reduce using rule 72 (expr -> expr ANDAND expr .)
    IF              reduce using rule 72 (expr -> expr ANDAND expr .)
    BREAK           reduce using rule 72 (expr -> expr ANDAND expr .)
    CONTINUE        reduce using rule 72 (expr -> expr ANDAND expr .)
    FOR             reduce using rule 72 (expr -> expr ANDAND expr .)
    RETURN          reduce using rule 72 (expr -> expr ANDAND expr .)
    FUNCTION        reduce using rule 72 (expr -> expr ANDAND expr .)
    STRING          reduce using rule 72 (expr -> expr ANDAND expr .)
    NUMBER          reduce using rule 72 (expr -> expr ANDAND expr .)
    NAME            reduce using rule 72 (expr -> expr ANDAND expr .)
    NOT             reduce using rule 72 (expr -> expr ANDAND expr .)
    AT              reduce using rule 72 (expr -> expr ANDAND expr .)
    LSQR            reduce using rule 72 (expr -> expr ANDAND expr .)
    SWITCH          reduce using rule 72 (expr -> expr ANDAND expr .)
    RPAREN          reduce using rule 72 (expr -> expr ANDAND expr .)
    RSQR            reduce using rule 72 (expr -> expr ANDAND expr .)
    RCURL           reduce using rule 72 (expr -> expr ANDAND expr .)
    CASE            reduce using rule 72 (expr -> expr ANDAND expr .)
    CTRANSPOSE      shift and go to state 33
    TRANSPOSE       shift and go to state 34
    MPOWER          shift and go to state 35
    POWER           shift and go to state 36
    LDIVIDE         shift and go to state 37
    RDIVIDE         shift and go to state 38
    TIMES           shift and go to state 39
    MLDIVIDE        shift and go to state 40
    MRDIVIDE        shift and go to state 41
    MTIMES          shift and go to state 42
    MINUS           shift and go to state 43
    PLUS            shift and go to state 44
    NE              shift and go to state 45
    EQ              shift and go to state 46
    GE              shift and go to state 47
    GT              shift and go to state 48
    LE              shift and go to state 49
    LT              shift and go to state 50
    AND             shift and go to state 51
    OR              shift and go to state 52
    COLON           shift and go to state 55
    DOT             shift and go to state 56


state 112

    (73) expr -> expr OROR expr .
    (52) expr -> expr . CTRANSPOSE
    (53) expr -> expr . TRANSPOSE
    (54) expr -> expr . MPOWER expr
    (55) expr -> expr . POWER expr
    (56) expr -> expr . LDIVIDE expr
    (57) expr -> expr . RDIVIDE expr
    (58) expr -> expr . TIMES expr
    (59) expr -> expr . MLDIVIDE expr
    (60) expr -> expr . MRDIVIDE expr
    (61) expr -> expr . MTIMES expr
    (62) expr -> expr . MINUS expr
    (63) expr -> expr . PLUS expr
    (64) expr -> expr . NE expr
    (65) expr -> expr . EQ expr
    (66) expr -> expr . GE expr
    (67) expr -> expr . GT expr
    (68) expr -> expr . LE expr
    (69) expr -> expr . LT expr
    (70) expr -> expr . AND expr
    (71) expr -> expr . OR expr
    (72) expr -> expr . ANDAND expr
    (73) expr -> expr . OROR expr
    (74) expr -> expr . COLON expr
    (79) expr -> expr . DOT NAME
    (80) expr -> expr . ELLIPSIS NEWLINE
    (82) expr -> expr . ASSIGN expr
    (91) expr -> expr . LCURL args RCURL
    (92) expr -> expr . LPAREN args RPAREN
    COMMA           reduce using rule 73 (expr -> expr OROR expr .)
    NEWLINE         reduce using rule 73 (expr -> expr OROR expr .)
    SEMICOLON       reduce using rule 73 (expr -> expr OROR expr .)
    OROR            reduce using rule 73 (expr -> expr OROR expr .)
    ELLIPSIS        reduce using rule 73 (expr -> expr OROR expr .)
    ASSIGN          reduce using rule 73 (expr -> expr OROR expr .)
    LCURL           reduce using rule 73 (expr -> expr OROR expr .)
    LPAREN          reduce using rule 73 (expr -> expr OROR expr .)
    COMMAND         reduce using rule 73 (expr -> expr OROR expr .)
    TRY             reduce using rule 73 (expr -> expr OROR expr .)
    WHILE           reduce using rule 73 (expr -> expr OROR expr .)
    IF              reduce using rule 73 (expr -> expr OROR expr .)
    BREAK           reduce using rule 73 (expr -> expr OROR expr .)
    CONTINUE        reduce using rule 73 (expr -> expr OROR expr .)
    FOR             reduce using rule 73 (expr -> expr OROR expr .)
    RETURN          reduce using rule 73 (expr -> expr OROR expr .)
    FUNCTION        reduce using rule 73 (expr -> expr OROR expr .)
    STRING          reduce using rule 73 (expr -> expr OROR expr .)
    NUMBER          reduce using rule 73 (expr -> expr OROR expr .)
    NAME            reduce using rule 73 (expr -> expr OROR expr .)
    NOT             reduce using rule 73 (expr -> expr OROR expr .)
    AT              reduce using rule 73 (expr -> expr OROR expr .)
    LSQR            reduce using rule 73 (expr -> expr OROR expr .)
    SWITCH          reduce using rule 73 (expr -> expr OROR expr .)
    RPAREN          reduce using rule 73 (expr -> expr OROR expr .)
    RSQR            reduce using rule 73 (expr -> expr OROR expr .)
    RCURL           reduce using rule 73 (expr -> expr OROR expr .)
    CASE            reduce using rule 73 (expr -> expr OROR expr .)
    CTRANSPOSE      shift and go to state 33
    TRANSPOSE       shift and go to state 34
    MPOWER          shift and go to state 35
    POWER           shift and go to state 36
    LDIVIDE         shift and go to state 37
    RDIVIDE         shift and go to state 38
    TIMES           shift and go to state 39
    MLDIVIDE        shift and go to state 40
    MRDIVIDE        shift and go to state 41
    MTIMES          shift and go to state 42
    MINUS           shift and go to state 43
    PLUS            shift and go to state 44
    NE              shift and go to state 45
    EQ              shift and go to state 46
    GE              shift and go to state 47
    GT              shift and go to state 48
    LE              shift and go to state 49
    LT              shift and go to state 50
    AND             shift and go to state 51
    OR              shift and go to state 52
    ANDAND          shift and go to state 53
    COLON           shift and go to state 55
    DOT             shift and go to state 56


state 113

    (74) expr -> expr COLON expr .
    (52) expr -> expr . CTRANSPOSE
    (53) expr -> expr . TRANSPOSE
    (54) expr -> expr . MPOWER expr
    (55) expr -> expr . POWER expr
    (56) expr -> expr . LDIVIDE expr
    (57) expr -> expr . RDIVIDE expr
    (58) expr -> expr . TIMES expr
    (59) expr -> expr . MLDIVIDE expr
    (60) expr -> expr . MRDIVIDE expr
    (61) expr -> expr . MTIMES expr
    (62) expr -> expr . MINUS expr
    (63) expr -> expr . PLUS expr
    (64) expr -> expr . NE expr
    (65) expr -> expr . EQ expr
    (66) expr -> expr . GE expr
    (67) expr -> expr . GT expr
    (68) expr -> expr . LE expr
    (69) expr -> expr . LT expr
    (70) expr -> expr . AND expr
    (71) expr -> expr . OR expr
    (72) expr -> expr . ANDAND expr
    (73) expr -> expr . OROR expr
    (74) expr -> expr . COLON expr
    (79) expr -> expr . DOT NAME
    (80) expr -> expr . ELLIPSIS NEWLINE
    (82) expr -> expr . ASSIGN expr
    (91) expr -> expr . LCURL args RCURL
    (92) expr -> expr . LPAREN args RPAREN
    COMMA           reduce using rule 74 (expr -> expr COLON expr .)
    NEWLINE         reduce using rule 74 (expr -> expr COLON expr .)
    SEMICOLON       reduce using rule 74 (expr -> expr COLON expr .)
    NE              reduce using rule 74 (expr -> expr COLON expr .)
    EQ              reduce using rule 74 (expr -> expr COLON expr .)
    GE              reduce using rule 74 (expr -> expr COLON expr .)
    GT              reduce using rule 74 (expr -> expr COLON expr .)
    LE              reduce using rule 74 (expr -> expr COLON expr .)
    LT              reduce using rule 74 (expr -> expr COLON expr .)
    AND             reduce using rule 74 (expr -> expr COLON expr .)
    OR              reduce using rule 74 (expr -> expr COLON expr .)
    ANDAND          reduce using rule 74 (expr -> expr COLON expr .)
    OROR            reduce using rule 74 (expr -> expr COLON expr .)
    COLON           reduce using rule 74 (expr -> expr COLON expr .)
    ELLIPSIS        reduce using rule 74 (expr -> expr COLON expr .)
    ASSIGN          reduce using rule 74 (expr -> expr COLON expr .)
    LCURL           reduce using rule 74 (expr -> expr COLON expr .)
    LPAREN          reduce using rule 74 (expr -> expr COLON expr .)
    COMMAND         reduce using rule 74 (expr -> expr COLON expr .)
    TRY             reduce using rule 74 (expr -> expr COLON expr .)
    WHILE           reduce using rule 74 (expr -> expr COLON expr .)
    IF              reduce using rule 74 (expr -> expr COLON expr .)
    BREAK           reduce using rule 74 (expr -> expr COLON expr .)
    CONTINUE        reduce using rule 74 (expr -> expr COLON expr .)
    FOR             reduce using rule 74 (expr -> expr COLON expr .)
    RETURN          reduce using rule 74 (expr -> expr COLON expr .)
    FUNCTION        reduce using rule 74 (expr -> expr COLON expr .)
    STRING          reduce using rule 74 (expr -> expr COLON expr .)
    NUMBER          reduce using rule 74 (expr -> expr COLON expr .)
    NAME            reduce using rule 74 (expr -> expr COLON expr .)
    NOT             reduce using rule 74 (expr -> expr COLON expr .)
    AT              reduce using rule 74 (expr -> expr COLON expr .)
    LSQR            reduce using rule 74 (expr -> expr COLON expr .)
    SWITCH          reduce using rule 74 (expr -> expr COLON expr .)
    RPAREN          reduce using rule 74 (expr -> expr COLON expr .)
    RSQR            reduce using rule 74 (expr -> expr COLON expr .)
    RCURL           reduce using rule 74 (expr -> expr COLON expr .)
    CASE            reduce using rule 74 (expr -> expr COLON expr .)
    CTRANSPOSE      shift and go to state 33
    TRANSPOSE       shift and go to state 34
    MPOWER          shift and go to state 35
    POWER           shift and go to state 36
    LDIVIDE         shift and go to state 37
    RDIVIDE         shift and go to state 38
    TIMES           shift and go to state 39
    MLDIVIDE        shift and go to state 40
    MRDIVIDE        shift and go to state 41
    MTIMES          shift and go to state 42
    MINUS           shift and go to state 43
    PLUS            shift and go to state 44
    DOT             shift and go to state 56


state 114

    (79) expr -> expr DOT NAME .
    COMMA           reduce using rule 79 (expr -> expr DOT NAME .)
    NEWLINE         reduce using rule 79 (expr -> expr DOT NAME .)
    SEMICOLON       reduce using rule 79 (expr -> expr DOT NAME .)
    CTRANSPOSE      reduce using rule 79 (expr -> expr DOT NAME .)
    TRANSPOSE       reduce using rule 79 (expr -> expr DOT NAME .)
    MPOWER          reduce using rule 79 (expr -> expr DOT NAME .)
    POWER           reduce using rule 79 (expr -> expr DOT NAME .)
    LDIVIDE         reduce using rule 79 (expr -> expr DOT NAME .)
    RDIVIDE         reduce using rule 79 (expr -> expr DOT NAME .)
    TIMES           reduce using rule 79 (expr -> expr DOT NAME .)
    MLDIVIDE        reduce using rule 79 (expr -> expr DOT NAME .)
    MRDIVIDE        reduce using rule 79 (expr -> expr DOT NAME .)
    MTIMES          reduce using rule 79 (expr -> expr DOT NAME .)
    MINUS           reduce using rule 79 (expr -> expr DOT NAME .)
    PLUS            reduce using rule 79 (expr -> expr DOT NAME .)
    NE              reduce using rule 79 (expr -> expr DOT NAME .)
    EQ              reduce using rule 79 (expr -> expr DOT NAME .)
    GE              reduce using rule 79 (expr -> expr DOT NAME .)
    GT              reduce using rule 79 (expr -> expr DOT NAME .)
    LE              reduce using rule 79 (expr -> expr DOT NAME .)
    LT              reduce using rule 79 (expr -> expr DOT NAME .)
    AND             reduce using rule 79 (expr -> expr DOT NAME .)
    OR              reduce using rule 79 (expr -> expr DOT NAME .)
    ANDAND          reduce using rule 79 (expr -> expr DOT NAME .)
    OROR            reduce using rule 79 (expr -> expr DOT NAME .)
    COLON           reduce using rule 79 (expr -> expr DOT NAME .)
    DOT             reduce using rule 79 (expr -> expr DOT NAME .)
    ELLIPSIS        reduce using rule 79 (expr -> expr DOT NAME .)
    ASSIGN          reduce using rule 79 (expr -> expr DOT NAME .)
    LCURL           reduce using rule 79 (expr -> expr DOT NAME .)
    LPAREN          reduce using rule 79 (expr -> expr DOT NAME .)
    COMMAND         reduce using rule 79 (expr -> expr DOT NAME .)
    TRY             reduce using rule 79 (expr -> expr DOT NAME .)
    WHILE           reduce using rule 79 (expr -> expr DOT NAME .)
    IF              reduce using rule 79 (expr -> expr DOT NAME .)
    BREAK           reduce using rule 79 (expr -> expr DOT NAME .)
    CONTINUE        reduce using rule 79 (expr -> expr DOT NAME .)
    FOR             reduce using rule 79 (expr -> expr DOT NAME .)
    RETURN          reduce using rule 79 (expr -> expr DOT NAME .)
    FUNCTION        reduce using rule 79 (expr -> expr DOT NAME .)
    STRING          reduce using rule 79 (expr -> expr DOT NAME .)
    NUMBER          reduce using rule 79 (expr -> expr DOT NAME .)
    NAME            reduce using rule 79 (expr -> expr DOT NAME .)
    NOT             reduce using rule 79 (expr -> expr DOT NAME .)
    AT              reduce using rule 79 (expr -> expr DOT NAME .)
    LSQR            reduce using rule 79 (expr -> expr DOT NAME .)
    SWITCH          reduce using rule 79 (expr -> expr DOT NAME .)
    RPAREN          reduce using rule 79 (expr -> expr DOT NAME .)
    RSQR            reduce using rule 79 (expr -> expr DOT NAME .)
    RCURL           reduce using rule 79 (expr -> expr DOT NAME .)
    CASE            reduce using rule 79 (expr -> expr DOT NAME .)


state 115

    (80) expr -> expr ELLIPSIS NEWLINE .
    COMMA           reduce using rule 80 (expr -> expr ELLIPSIS NEWLINE .)
    NEWLINE         reduce using rule 80 (expr -> expr ELLIPSIS NEWLINE .)
    SEMICOLON       reduce using rule 80 (expr -> expr ELLIPSIS NEWLINE .)
    CTRANSPOSE      reduce using rule 80 (expr -> expr ELLIPSIS NEWLINE .)
    TRANSPOSE       reduce using rule 80 (expr -> expr ELLIPSIS NEWLINE .)
    MPOWER          reduce using rule 80 (expr -> expr ELLIPSIS NEWLINE .)
    POWER           reduce using rule 80 (expr -> expr ELLIPSIS NEWLINE .)
    LDIVIDE         reduce using rule 80 (expr -> expr ELLIPSIS NEWLINE .)
    RDIVIDE         reduce using rule 80 (expr -> expr ELLIPSIS NEWLINE .)
    TIMES           reduce using rule 80 (expr -> expr ELLIPSIS NEWLINE .)
    MLDIVIDE        reduce using rule 80 (expr -> expr ELLIPSIS NEWLINE .)
    MRDIVIDE        reduce using rule 80 (expr -> expr ELLIPSIS NEWLINE .)
    MTIMES          reduce using rule 80 (expr -> expr ELLIPSIS NEWLINE .)
    MINUS           reduce using rule 80 (expr -> expr ELLIPSIS NEWLINE .)
    PLUS            reduce using rule 80 (expr -> expr ELLIPSIS NEWLINE .)
    NE              reduce using rule 80 (expr -> expr ELLIPSIS NEWLINE .)
    EQ              reduce using rule 80 (expr -> expr ELLIPSIS NEWLINE .)
    GE              reduce using rule 80 (expr -> expr ELLIPSIS NEWLINE .)
    GT              reduce using rule 80 (expr -> expr ELLIPSIS NEWLINE .)
    LE              reduce using rule 80 (expr -> expr ELLIPSIS NEWLINE .)
    LT              reduce using rule 80 (expr -> expr ELLIPSIS NEWLINE .)
    AND             reduce using rule 80 (expr -> expr ELLIPSIS NEWLINE .)
    OR              reduce using rule 80 (expr -> expr ELLIPSIS NEWLINE .)
    ANDAND          reduce using rule 80 (expr -> expr ELLIPSIS NEWLINE .)
    OROR            reduce using rule 80 (expr -> expr ELLIPSIS NEWLINE .)
    COLON           reduce using rule 80 (expr -> expr ELLIPSIS NEWLINE .)
    DOT             reduce using rule 80 (expr -> expr ELLIPSIS NEWLINE .)
    ELLIPSIS        reduce using rule 80 (expr -> expr ELLIPSIS NEWLINE .)
    ASSIGN          reduce using rule 80 (expr -> expr ELLIPSIS NEWLINE .)
    LCURL           reduce using rule 80 (expr -> expr ELLIPSIS NEWLINE .)
    LPAREN          reduce using rule 80 (expr -> expr ELLIPSIS NEWLINE .)
    COMMAND         reduce using rule 80 (expr -> expr ELLIPSIS NEWLINE .)
    TRY             reduce using rule 80 (expr -> expr ELLIPSIS NEWLINE .)
    WHILE           reduce using rule 80 (expr -> expr ELLIPSIS NEWLINE .)
    IF              reduce using rule 80 (expr -> expr ELLIPSIS NEWLINE .)
    BREAK           reduce using rule 80 (expr -> expr ELLIPSIS NEWLINE .)
    CONTINUE        reduce using rule 80 (expr -> expr ELLIPSIS NEWLINE .)
    FOR             reduce using rule 80 (expr -> expr ELLIPSIS NEWLINE .)
    RETURN          reduce using rule 80 (expr -> expr ELLIPSIS NEWLINE .)
    FUNCTION        reduce using rule 80 (expr -> expr ELLIPSIS NEWLINE .)
    STRING          reduce using rule 80 (expr -> expr ELLIPSIS NEWLINE .)
    NUMBER          reduce using rule 80 (expr -> expr ELLIPSIS NEWLINE .)
    NAME            reduce using rule 80 (expr -> expr ELLIPSIS NEWLINE .)
    NOT             reduce using rule 80 (expr -> expr ELLIPSIS NEWLINE .)
    AT              reduce using rule 80 (expr -> expr ELLIPSIS NEWLINE .)
    LSQR            reduce using rule 80 (expr -> expr ELLIPSIS NEWLINE .)
    SWITCH          reduce using rule 80 (expr -> expr ELLIPSIS NEWLINE .)
    RPAREN          reduce using rule 80 (expr -> expr ELLIPSIS NEWLINE .)
    RSQR            reduce using rule 80 (expr -> expr ELLIPSIS NEWLINE .)
    RCURL           reduce using rule 80 (expr -> expr ELLIPSIS NEWLINE .)
    CASE            reduce using rule 80 (expr -> expr ELLIPSIS NEWLINE .)


state 116

    (82) expr -> expr ASSIGN expr .
    (52) expr -> expr . CTRANSPOSE
    (53) expr -> expr . TRANSPOSE
    (54) expr -> expr . MPOWER expr
    (55) expr -> expr . POWER expr
    (56) expr -> expr . LDIVIDE expr
    (57) expr -> expr . RDIVIDE expr
    (58) expr -> expr . TIMES expr
    (59) expr -> expr . MLDIVIDE expr
    (60) expr -> expr . MRDIVIDE expr
    (61) expr -> expr . MTIMES expr
    (62) expr -> expr . MINUS expr
    (63) expr -> expr . PLUS expr
    (64) expr -> expr . NE expr
    (65) expr -> expr . EQ expr
    (66) expr -> expr . GE expr
    (67) expr -> expr . GT expr
    (68) expr -> expr . LE expr
    (69) expr -> expr . LT expr
    (70) expr -> expr . AND expr
    (71) expr -> expr . OR expr
    (72) expr -> expr . ANDAND expr
    (73) expr -> expr . OROR expr
    (74) expr -> expr . COLON expr
    (79) expr -> expr . DOT NAME
    (80) expr -> expr . ELLIPSIS NEWLINE
    (82) expr -> expr . ASSIGN expr
    (91) expr -> expr . LCURL args RCURL
    (92) expr -> expr . LPAREN args RPAREN
    COMMA           reduce using rule 82 (expr -> expr ASSIGN expr .)
    NEWLINE         reduce using rule 82 (expr -> expr ASSIGN expr .)
    SEMICOLON       reduce using rule 82 (expr -> expr ASSIGN expr .)
    ELLIPSIS        reduce using rule 82 (expr -> expr ASSIGN expr .)
    ASSIGN          reduce using rule 82 (expr -> expr ASSIGN expr .)
    LCURL           reduce using rule 82 (expr -> expr ASSIGN expr .)
    LPAREN          reduce using rule 82 (expr -> expr ASSIGN expr .)
    COMMAND         reduce using rule 82 (expr -> expr ASSIGN expr .)
    TRY             reduce using rule 82 (expr -> expr ASSIGN expr .)
    WHILE           reduce using rule 82 (expr -> expr ASSIGN expr .)
    IF              reduce using rule 82 (expr -> expr ASSIGN expr .)
    BREAK           reduce using rule 82 (expr -> expr ASSIGN expr .)
    CONTINUE        reduce using rule 82 (expr -> expr ASSIGN expr .)
    FOR             reduce using rule 82 (expr -> expr ASSIGN expr .)
    RETURN          reduce using rule 82 (expr -> expr ASSIGN expr .)
    FUNCTION        reduce using rule 82 (expr -> expr ASSIGN expr .)
    STRING          reduce using rule 82 (expr -> expr ASSIGN expr .)
    NUMBER          reduce using rule 82 (expr -> expr ASSIGN expr .)
    NAME            reduce using rule 82 (expr -> expr ASSIGN expr .)
    NOT             reduce using rule 82 (expr -> expr ASSIGN expr .)
    AT              reduce using rule 82 (expr -> expr ASSIGN expr .)
    LSQR            reduce using rule 82 (expr -> expr ASSIGN expr .)
    SWITCH          reduce using rule 82 (expr -> expr ASSIGN expr .)
    RPAREN          reduce using rule 82 (expr -> expr ASSIGN expr .)
    RSQR            reduce using rule 82 (expr -> expr ASSIGN expr .)
    RCURL           reduce using rule 82 (expr -> expr ASSIGN expr .)
    CASE            reduce using rule 82 (expr -> expr ASSIGN expr .)
    CTRANSPOSE      shift and go to state 33
    TRANSPOSE       shift and go to state 34
    MPOWER          shift and go to state 35
    POWER           shift and go to state 36
    LDIVIDE         shift and go to state 37
    RDIVIDE         shift and go to state 38
    TIMES           shift and go to state 39
    MLDIVIDE        shift and go to state 40
    MRDIVIDE        shift and go to state 41
    MTIMES          shift and go to state 42
    MINUS           shift and go to state 43
    PLUS            shift and go to state 44
    NE              shift and go to state 45
    EQ              shift and go to state 46
    GE              shift and go to state 47
    GT              shift and go to state 48
    LE              shift and go to state 49
    LT              shift and go to state 50
    AND             shift and go to state 51
    OR              shift and go to state 52
    ANDAND          shift and go to state 53
    OROR            shift and go to state 54
    COLON           shift and go to state 55
    DOT             shift and go to state 56


state 117

    (93) args -> expr .
    (94) args -> expr . COMMA expr
    (52) expr -> expr . CTRANSPOSE
    (53) expr -> expr . TRANSPOSE
    (54) expr -> expr . MPOWER expr
    (55) expr -> expr . POWER expr
    (56) expr -> expr . LDIVIDE expr
    (57) expr -> expr . RDIVIDE expr
    (58) expr -> expr . TIMES expr
    (59) expr -> expr . MLDIVIDE expr
    (60) expr -> expr . MRDIVIDE expr
    (61) expr -> expr . MTIMES expr
    (62) expr -> expr . MINUS expr
    (63) expr -> expr . PLUS expr
    (64) expr -> expr . NE expr
    (65) expr -> expr . EQ expr
    (66) expr -> expr . GE expr
    (67) expr -> expr . GT expr
    (68) expr -> expr . LE expr
    (69) expr -> expr . LT expr
    (70) expr -> expr . AND expr
    (71) expr -> expr . OR expr
    (72) expr -> expr . ANDAND expr
    (73) expr -> expr . OROR expr
    (74) expr -> expr . COLON expr
    (79) expr -> expr . DOT NAME
    (80) expr -> expr . ELLIPSIS NEWLINE
    (82) expr -> expr . ASSIGN expr
    (91) expr -> expr . LCURL args RCURL
    (92) expr -> expr . LPAREN args RPAREN
  ! shift/reduce conflict for COMMA resolved as shift
    RCURL           reduce using rule 93 (args -> expr .)
    RPAREN          reduce using rule 93 (args -> expr .)
    COMMA           shift and go to state 161
    CTRANSPOSE      shift and go to state 33
    TRANSPOSE       shift and go to state 34
    MPOWER          shift and go to state 35
    POWER           shift and go to state 36
    LDIVIDE         shift and go to state 37
    RDIVIDE         shift and go to state 38
    TIMES           shift and go to state 39
    MLDIVIDE        shift and go to state 40
    MRDIVIDE        shift and go to state 41
    MTIMES          shift and go to state 42
    MINUS           shift and go to state 43
    PLUS            shift and go to state 44
    NE              shift and go to state 45
    EQ              shift and go to state 46
    GE              shift and go to state 47
    GT              shift and go to state 48
    LE              shift and go to state 49
    LT              shift and go to state 50
    AND             shift and go to state 51
    OR              shift and go to state 52
    ANDAND          shift and go to state 53
    OROR            shift and go to state 54
    COLON           shift and go to state 55
    DOT             shift and go to state 56
    ELLIPSIS        shift and go to state 57
    ASSIGN          shift and go to state 58
    LCURL           shift and go to state 59
    LPAREN          shift and go to state 60


state 118

    (91) expr -> expr LCURL args . RCURL
    (95) args -> args . COMMA expr
    RCURL           shift and go to state 162
    COMMA           shift and go to state 163


state 119

    (92) expr -> expr LPAREN args . RPAREN
    (95) args -> args . COMMA expr
    RPAREN          shift and go to state 164
    COMMA           shift and go to state 163


state 120

    (10) statement -> switch_block OTHERWISE NEWLINE . code_block END SEMICOLON
    (12) statement -> switch_block OTHERWISE NEWLINE . code_block END NEWLINE
    (1) code_block -> . statement
    (2) code_block -> . statement code_block
    (3) code_block -> . code_block statement
    (4) statement -> . COMMAND
    (5) statement -> . expr COMMA
    (6) statement -> . expr NEWLINE
    (7) statement -> . expr SEMICOLON
    (8) statement -> . NEWLINE
    (9) statement -> . SEMICOLON
    (10) statement -> . switch_block OTHERWISE NEWLINE code_block END SEMICOLON
    (11) statement -> . switch_block OTHERWISE SEMICOLON code_block END SEMICOLON
    (12) statement -> . switch_block OTHERWISE NEWLINE code_block END NEWLINE
    (13) statement -> . switch_block OTHERWISE SEMICOLON code_block END NEWLINE
    (14) statement -> . switch_block END NEWLINE
    (15) statement -> . TRY code_block CATCH statement code_block END NEWLINE
    (16) statement -> . WHILE expr code_block END NEWLINE
    (17) statement -> . WHILE statement code_block END NEWLINE
    (18) statement -> . IF expr statement END SEMICOLON
    (19) statement -> . IF expr statement END NEWLINE
    (20) statement -> . IF expr statement END
    (21) statement -> . IF statement statement END SEMICOLON
    (22) statement -> . IF statement statement END NEWLINE
    (23) statement -> . IF statement statement END
    (24) statement -> . if_block END SEMICOLON
    (25) statement -> . if_block END NEWLINE
    (26) statement -> . if_block END
    (27) statement -> . BREAK SEMICOLON
    (28) statement -> . CONTINUE SEMICOLON
    (29) statement -> . BREAK NEWLINE
    (30) statement -> . CONTINUE NEWLINE
    (31) statement -> . FOR statement code_block END SEMICOLON
    (32) statement -> . FOR statement code_block END NEWLINE
    (33) statement -> . RETURN expr SEMICOLON
    (34) statement -> . RETURN expr NEWLINE
    (35) statement -> . FUNCTION statement code_block
    (36) statement -> . FUNCTION statement code_block END NEWLINE
    (49) expr -> . STRING
    (50) expr -> . NUMBER
    (51) expr -> . NAME
    (52) expr -> . expr CTRANSPOSE
    (53) expr -> . expr TRANSPOSE
    (54) expr -> . expr MPOWER expr
    (55) expr -> . expr POWER expr
    (56) expr -> . expr LDIVIDE expr
    (57) expr -> . expr RDIVIDE expr
    (58) expr -> . expr TIMES expr
    (59) expr -> . expr MLDIVIDE expr
    (60) expr -> . expr MRDIVIDE expr
    (61) expr -> . expr MTIMES expr
    (62) expr -> . expr MINUS expr
    (63) expr -> . expr PLUS expr
    (64) expr -> . expr NE expr
    (65) expr -> . expr EQ expr
    (66) expr -> . expr GE expr
    (67) expr -> . expr GT expr
    (68) expr -> . expr LE expr
    (69) expr -> . expr LT expr
    (70) expr -> . expr AND expr
    (71) expr -> . expr OR expr
    (72) expr -> . expr ANDAND expr
    (73) expr -> . expr OROR expr
    (74) expr -> . expr COLON expr
    (75) expr -> . NOT expr
    (76) expr -> . MINUS expr
    (77) expr -> . PLUS expr
    (78) expr -> . AT LPAREN args RPAREN expr
    (79) expr -> . expr DOT NAME
    (80) expr -> . expr ELLIPSIS NEWLINE
    (81) expr -> . LPAREN expr RPAREN
    (82) expr -> . expr ASSIGN expr
    (83) expr -> . LSQR matrx_rows matrx_elements RSQR
    (84) expr -> . LSQR matrx_elements RSQR
    (85) expr -> . LSQR RSQR
    (86) expr -> . LSQR matrx_rows RSQR
    (87) expr -> . LCURL matrx_rows matrx_elements RCURL
    (88) expr -> . LCURL matrx_elements RCURL
    (89) expr -> . LCURL RCURL
    (90) expr -> . LCURL matrx_rows RCURL
    (91) expr -> . expr LCURL args RCURL
    (92) expr -> . expr LPAREN args RPAREN
    (43) switch_block -> . SWITCH expr CASE expr code_block
    (44) switch_block -> . SWITCH expr CASE statement code_block
    (45) switch_block -> . SWITCH statement CASE expr code_block
    (46) switch_block -> . SWITCH statement CASE statement code_block
    (47) switch_block -> . switch_block CASE expr code_block
    (48) switch_block -> . switch_block CASE statement code_block
    (37) if_block -> . IF expr code_block
    (38) if_block -> . IF statement code_block
    (39) if_block -> . if_block ELSEIF expr code_block
    (40) if_block -> . if_block ELSEIF statement code_block
    (41) if_block -> . if_block ELSE SEMICOLON code_block
    (42) if_block -> . if_block ELSE NEWLINE code_block
    COMMAND         shift and go to state 3
    NEWLINE         shift and go to state 5
    SEMICOLON       shift and go to state 6
    TRY             shift and go to state 8
    WHILE           shift and go to state 9
    IF              shift and go to state 10
    BREAK           shift and go to state 12
    CONTINUE        shift and go to state 13
    FOR             shift and go to state 14
    RETURN          shift and go to state 15
    FUNCTION        shift and go to state 16
    STRING          shift and go to state 17
    NUMBER          shift and go to state 18
    NAME            shift and go to state 19
    NOT             shift and go to state 22
    MINUS           shift and go to state 20
    PLUS            shift and go to state 21
    AT              shift and go to state 23
    LPAREN          shift and go to state 24
    LSQR            shift and go to state 25
    LCURL           shift and go to state 26
    SWITCH          shift and go to state 27

    switch_block                   shift and go to state 7
    code_block                     shift and go to state 165
    statement                      shift and go to state 2
    expr                           shift and go to state 4
    if_block                       shift and go to state 11

state 121

    (11) statement -> switch_block OTHERWISE SEMICOLON . code_block END SEMICOLON
    (13) statement -> switch_block OTHERWISE SEMICOLON . code_block END NEWLINE
    (1) code_block -> . statement
    (2) code_block -> . statement code_block
    (3) code_block -> . code_block statement
    (4) statement -> . COMMAND
    (5) statement -> . expr COMMA
    (6) statement -> . expr NEWLINE
    (7) statement -> . expr SEMICOLON
    (8) statement -> . NEWLINE
    (9) statement -> . SEMICOLON
    (10) statement -> . switch_block OTHERWISE NEWLINE code_block END SEMICOLON
    (11) statement -> . switch_block OTHERWISE SEMICOLON code_block END SEMICOLON
    (12) statement -> . switch_block OTHERWISE NEWLINE code_block END NEWLINE
    (13) statement -> . switch_block OTHERWISE SEMICOLON code_block END NEWLINE
    (14) statement -> . switch_block END NEWLINE
    (15) statement -> . TRY code_block CATCH statement code_block END NEWLINE
    (16) statement -> . WHILE expr code_block END NEWLINE
    (17) statement -> . WHILE statement code_block END NEWLINE
    (18) statement -> . IF expr statement END SEMICOLON
    (19) statement -> . IF expr statement END NEWLINE
    (20) statement -> . IF expr statement END
    (21) statement -> . IF statement statement END SEMICOLON
    (22) statement -> . IF statement statement END NEWLINE
    (23) statement -> . IF statement statement END
    (24) statement -> . if_block END SEMICOLON
    (25) statement -> . if_block END NEWLINE
    (26) statement -> . if_block END
    (27) statement -> . BREAK SEMICOLON
    (28) statement -> . CONTINUE SEMICOLON
    (29) statement -> . BREAK NEWLINE
    (30) statement -> . CONTINUE NEWLINE
    (31) statement -> . FOR statement code_block END SEMICOLON
    (32) statement -> . FOR statement code_block END NEWLINE
    (33) statement -> . RETURN expr SEMICOLON
    (34) statement -> . RETURN expr NEWLINE
    (35) statement -> . FUNCTION statement code_block
    (36) statement -> . FUNCTION statement code_block END NEWLINE
    (49) expr -> . STRING
    (50) expr -> . NUMBER
    (51) expr -> . NAME
    (52) expr -> . expr CTRANSPOSE
    (53) expr -> . expr TRANSPOSE
    (54) expr -> . expr MPOWER expr
    (55) expr -> . expr POWER expr
    (56) expr -> . expr LDIVIDE expr
    (57) expr -> . expr RDIVIDE expr
    (58) expr -> . expr TIMES expr
    (59) expr -> . expr MLDIVIDE expr
    (60) expr -> . expr MRDIVIDE expr
    (61) expr -> . expr MTIMES expr
    (62) expr -> . expr MINUS expr
    (63) expr -> . expr PLUS expr
    (64) expr -> . expr NE expr
    (65) expr -> . expr EQ expr
    (66) expr -> . expr GE expr
    (67) expr -> . expr GT expr
    (68) expr -> . expr LE expr
    (69) expr -> . expr LT expr
    (70) expr -> . expr AND expr
    (71) expr -> . expr OR expr
    (72) expr -> . expr ANDAND expr
    (73) expr -> . expr OROR expr
    (74) expr -> . expr COLON expr
    (75) expr -> . NOT expr
    (76) expr -> . MINUS expr
    (77) expr -> . PLUS expr
    (78) expr -> . AT LPAREN args RPAREN expr
    (79) expr -> . expr DOT NAME
    (80) expr -> . expr ELLIPSIS NEWLINE
    (81) expr -> . LPAREN expr RPAREN
    (82) expr -> . expr ASSIGN expr
    (83) expr -> . LSQR matrx_rows matrx_elements RSQR
    (84) expr -> . LSQR matrx_elements RSQR
    (85) expr -> . LSQR RSQR
    (86) expr -> . LSQR matrx_rows RSQR
    (87) expr -> . LCURL matrx_rows matrx_elements RCURL
    (88) expr -> . LCURL matrx_elements RCURL
    (89) expr -> . LCURL RCURL
    (90) expr -> . LCURL matrx_rows RCURL
    (91) expr -> . expr LCURL args RCURL
    (92) expr -> . expr LPAREN args RPAREN
    (43) switch_block -> . SWITCH expr CASE expr code_block
    (44) switch_block -> . SWITCH expr CASE statement code_block
    (45) switch_block -> . SWITCH statement CASE expr code_block
    (46) switch_block -> . SWITCH statement CASE statement code_block
    (47) switch_block -> . switch_block CASE expr code_block
    (48) switch_block -> . switch_block CASE statement code_block
    (37) if_block -> . IF expr code_block
    (38) if_block -> . IF statement code_block
    (39) if_block -> . if_block ELSEIF expr code_block
    (40) if_block -> . if_block ELSEIF statement code_block
    (41) if_block -> . if_block ELSE SEMICOLON code_block
    (42) if_block -> . if_block ELSE NEWLINE code_block
    COMMAND         shift and go to state 3
    NEWLINE         shift and go to state 5
    SEMICOLON       shift and go to state 6
    TRY             shift and go to state 8
    WHILE           shift and go to state 9
    IF              shift and go to state 10
    BREAK           shift and go to state 12
    CONTINUE        shift and go to state 13
    FOR             shift and go to state 14
    RETURN          shift and go to state 15
    FUNCTION        shift and go to state 16
    STRING          shift and go to state 17
    NUMBER          shift and go to state 18
    NAME            shift and go to state 19
    NOT             shift and go to state 22
    MINUS           shift and go to state 20
    PLUS            shift and go to state 21
    AT              shift and go to state 23
    LPAREN          shift and go to state 24
    LSQR            shift and go to state 25
    LCURL           shift and go to state 26
    SWITCH          shift and go to state 27

    switch_block                   shift and go to state 7
    code_block                     shift and go to state 166
    statement                      shift and go to state 2
    expr                           shift and go to state 4
    if_block                       shift and go to state 11

state 122

    (14) statement -> switch_block END NEWLINE .
    COMMAND         reduce using rule 14 (statement -> switch_block END NEWLINE .)
    NEWLINE         reduce using rule 14 (statement -> switch_block END NEWLINE .)
    SEMICOLON       reduce using rule 14 (statement -> switch_block END NEWLINE .)
    TRY             reduce using rule 14 (statement -> switch_block END NEWLINE .)
    WHILE           reduce using rule 14 (statement -> switch_block END NEWLINE .)
    IF              reduce using rule 14 (statement -> switch_block END NEWLINE .)
    BREAK           reduce using rule 14 (statement -> switch_block END NEWLINE .)
    CONTINUE        reduce using rule 14 (statement -> switch_block END NEWLINE .)
    FOR             reduce using rule 14 (statement -> switch_block END NEWLINE .)
    RETURN          reduce using rule 14 (statement -> switch_block END NEWLINE .)
    FUNCTION        reduce using rule 14 (statement -> switch_block END NEWLINE .)
    STRING          reduce using rule 14 (statement -> switch_block END NEWLINE .)
    NUMBER          reduce using rule 14 (statement -> switch_block END NEWLINE .)
    NAME            reduce using rule 14 (statement -> switch_block END NEWLINE .)
    NOT             reduce using rule 14 (statement -> switch_block END NEWLINE .)
    MINUS           reduce using rule 14 (statement -> switch_block END NEWLINE .)
    PLUS            reduce using rule 14 (statement -> switch_block END NEWLINE .)
    AT              reduce using rule 14 (statement -> switch_block END NEWLINE .)
    LPAREN          reduce using rule 14 (statement -> switch_block END NEWLINE .)
    LSQR            reduce using rule 14 (statement -> switch_block END NEWLINE .)
    LCURL           reduce using rule 14 (statement -> switch_block END NEWLINE .)
    SWITCH          reduce using rule 14 (statement -> switch_block END NEWLINE .)
    $end            reduce using rule 14 (statement -> switch_block END NEWLINE .)
    CATCH           reduce using rule 14 (statement -> switch_block END NEWLINE .)
    END             reduce using rule 14 (statement -> switch_block END NEWLINE .)
    CASE            reduce using rule 14 (statement -> switch_block END NEWLINE .)
    ELSEIF          reduce using rule 14 (statement -> switch_block END NEWLINE .)
    ELSE            reduce using rule 14 (statement -> switch_block END NEWLINE .)
    OTHERWISE       reduce using rule 14 (statement -> switch_block END NEWLINE .)


state 123

    (47) switch_block -> switch_block CASE expr . code_block
    (52) expr -> expr . CTRANSPOSE
    (53) expr -> expr . TRANSPOSE
    (54) expr -> expr . MPOWER expr
    (55) expr -> expr . POWER expr
    (56) expr -> expr . LDIVIDE expr
    (57) expr -> expr . RDIVIDE expr
    (58) expr -> expr . TIMES expr
    (59) expr -> expr . MLDIVIDE expr
    (60) expr -> expr . MRDIVIDE expr
    (61) expr -> expr . MTIMES expr
    (62) expr -> expr . MINUS expr
    (63) expr -> expr . PLUS expr
    (64) expr -> expr . NE expr
    (65) expr -> expr . EQ expr
    (66) expr -> expr . GE expr
    (67) expr -> expr . GT expr
    (68) expr -> expr . LE expr
    (69) expr -> expr . LT expr
    (70) expr -> expr . AND expr
    (71) expr -> expr . OR expr
    (72) expr -> expr . ANDAND expr
    (73) expr -> expr . OROR expr
    (74) expr -> expr . COLON expr
    (79) expr -> expr . DOT NAME
    (80) expr -> expr . ELLIPSIS NEWLINE
    (82) expr -> expr . ASSIGN expr
    (91) expr -> expr . LCURL args RCURL
    (92) expr -> expr . LPAREN args RPAREN
    (5) statement -> expr . COMMA
    (6) statement -> expr . NEWLINE
    (7) statement -> expr . SEMICOLON
    (1) code_block -> . statement
    (2) code_block -> . statement code_block
    (3) code_block -> . code_block statement
    (4) statement -> . COMMAND
    (5) statement -> . expr COMMA
    (6) statement -> . expr NEWLINE
    (7) statement -> . expr SEMICOLON
    (8) statement -> . NEWLINE
    (9) statement -> . SEMICOLON
    (10) statement -> . switch_block OTHERWISE NEWLINE code_block END SEMICOLON
    (11) statement -> . switch_block OTHERWISE SEMICOLON code_block END SEMICOLON
    (12) statement -> . switch_block OTHERWISE NEWLINE code_block END NEWLINE
    (13) statement -> . switch_block OTHERWISE SEMICOLON code_block END NEWLINE
    (14) statement -> . switch_block END NEWLINE
    (15) statement -> . TRY code_block CATCH statement code_block END NEWLINE
    (16) statement -> . WHILE expr code_block END NEWLINE
    (17) statement -> . WHILE statement code_block END NEWLINE
    (18) statement -> . IF expr statement END SEMICOLON
    (19) statement -> . IF expr statement END NEWLINE
    (20) statement -> . IF expr statement END
    (21) statement -> . IF statement statement END SEMICOLON
    (22) statement -> . IF statement statement END NEWLINE
    (23) statement -> . IF statement statement END
    (24) statement -> . if_block END SEMICOLON
    (25) statement -> . if_block END NEWLINE
    (26) statement -> . if_block END
    (27) statement -> . BREAK SEMICOLON
    (28) statement -> . CONTINUE SEMICOLON
    (29) statement -> . BREAK NEWLINE
    (30) statement -> . CONTINUE NEWLINE
    (31) statement -> . FOR statement code_block END SEMICOLON
    (32) statement -> . FOR statement code_block END NEWLINE
    (33) statement -> . RETURN expr SEMICOLON
    (34) statement -> . RETURN expr NEWLINE
    (35) statement -> . FUNCTION statement code_block
    (36) statement -> . FUNCTION statement code_block END NEWLINE
    (49) expr -> . STRING
    (50) expr -> . NUMBER
    (51) expr -> . NAME
    (52) expr -> . expr CTRANSPOSE
    (53) expr -> . expr TRANSPOSE
    (54) expr -> . expr MPOWER expr
    (55) expr -> . expr POWER expr
    (56) expr -> . expr LDIVIDE expr
    (57) expr -> . expr RDIVIDE expr
    (58) expr -> . expr TIMES expr
    (59) expr -> . expr MLDIVIDE expr
    (60) expr -> . expr MRDIVIDE expr
    (61) expr -> . expr MTIMES expr
    (62) expr -> . expr MINUS expr
    (63) expr -> . expr PLUS expr
    (64) expr -> . expr NE expr
    (65) expr -> . expr EQ expr
    (66) expr -> . expr GE expr
    (67) expr -> . expr GT expr
    (68) expr -> . expr LE expr
    (69) expr -> . expr LT expr
    (70) expr -> . expr AND expr
    (71) expr -> . expr OR expr
    (72) expr -> . expr ANDAND expr
    (73) expr -> . expr OROR expr
    (74) expr -> . expr COLON expr
    (75) expr -> . NOT expr
    (76) expr -> . MINUS expr
    (77) expr -> . PLUS expr
    (78) expr -> . AT LPAREN args RPAREN expr
    (79) expr -> . expr DOT NAME
    (80) expr -> . expr ELLIPSIS NEWLINE
    (81) expr -> . LPAREN expr RPAREN
    (82) expr -> . expr ASSIGN expr
    (83) expr -> . LSQR matrx_rows matrx_elements RSQR
    (84) expr -> . LSQR matrx_elements RSQR
    (85) expr -> . LSQR RSQR
    (86) expr -> . LSQR matrx_rows RSQR
    (87) expr -> . LCURL matrx_rows matrx_elements RCURL
    (88) expr -> . LCURL matrx_elements RCURL
    (89) expr -> . LCURL RCURL
    (90) expr -> . LCURL matrx_rows RCURL
    (91) expr -> . expr LCURL args RCURL
    (92) expr -> . expr LPAREN args RPAREN
    (43) switch_block -> . SWITCH expr CASE expr code_block
    (44) switch_block -> . SWITCH expr CASE statement code_block
    (45) switch_block -> . SWITCH statement CASE expr code_block
    (46) switch_block -> . SWITCH statement CASE statement code_block
    (47) switch_block -> . switch_block CASE expr code_block
    (48) switch_block -> . switch_block CASE statement code_block
    (37) if_block -> . IF expr code_block
    (38) if_block -> . IF statement code_block
    (39) if_block -> . if_block ELSEIF expr code_block
    (40) if_block -> . if_block ELSEIF statement code_block
    (41) if_block -> . if_block ELSE SEMICOLON code_block
    (42) if_block -> . if_block ELSE NEWLINE code_block
    CTRANSPOSE      shift and go to state 33
    TRANSPOSE       shift and go to state 34
    MPOWER          shift and go to state 35
    POWER           shift and go to state 36
    LDIVIDE         shift and go to state 37
    RDIVIDE         shift and go to state 38
    TIMES           shift and go to state 39
    MLDIVIDE        shift and go to state 40
    MRDIVIDE        shift and go to state 41
    MTIMES          shift and go to state 42
    MINUS           shift and go to state 128
    PLUS            shift and go to state 129
    NE              shift and go to state 45
    EQ              shift and go to state 46
    GE              shift and go to state 47
    GT              shift and go to state 48
    LE              shift and go to state 49
    LT              shift and go to state 50
    AND             shift and go to state 51
    OR              shift and go to state 52
    ANDAND          shift and go to state 53
    OROR            shift and go to state 54
    COLON           shift and go to state 55
    DOT             shift and go to state 56
    ELLIPSIS        shift and go to state 57
    ASSIGN          shift and go to state 58
    LCURL           shift and go to state 130
    LPAREN          shift and go to state 131
    COMMA           shift and go to state 30
    NEWLINE         shift and go to state 127
    SEMICOLON       shift and go to state 132
    COMMAND         shift and go to state 3
    TRY             shift and go to state 8
    WHILE           shift and go to state 9
    IF              shift and go to state 10
    BREAK           shift and go to state 12
    CONTINUE        shift and go to state 13
    FOR             shift and go to state 14
    RETURN          shift and go to state 15
    FUNCTION        shift and go to state 16
    STRING          shift and go to state 17
    NUMBER          shift and go to state 18
    NAME            shift and go to state 19
    NOT             shift and go to state 22
    AT              shift and go to state 23
    LSQR            shift and go to state 25
    SWITCH          shift and go to state 27

    switch_block                   shift and go to state 7
    expr                           shift and go to state 4
    code_block                     shift and go to state 167
    statement                      shift and go to state 2
    if_block                       shift and go to state 11

state 124

    (48) switch_block -> switch_block CASE statement . code_block
    (1) code_block -> . statement
    (2) code_block -> . statement code_block
    (3) code_block -> . code_block statement
    (4) statement -> . COMMAND
    (5) statement -> . expr COMMA
    (6) statement -> . expr NEWLINE
    (7) statement -> . expr SEMICOLON
    (8) statement -> . NEWLINE
    (9) statement -> . SEMICOLON
    (10) statement -> . switch_block OTHERWISE NEWLINE code_block END SEMICOLON
    (11) statement -> . switch_block OTHERWISE SEMICOLON code_block END SEMICOLON
    (12) statement -> . switch_block OTHERWISE NEWLINE code_block END NEWLINE
    (13) statement -> . switch_block OTHERWISE SEMICOLON code_block END NEWLINE
    (14) statement -> . switch_block END NEWLINE
    (15) statement -> . TRY code_block CATCH statement code_block END NEWLINE
    (16) statement -> . WHILE expr code_block END NEWLINE
    (17) statement -> . WHILE statement code_block END NEWLINE
    (18) statement -> . IF expr statement END SEMICOLON
    (19) statement -> . IF expr statement END NEWLINE
    (20) statement -> . IF expr statement END
    (21) statement -> . IF statement statement END SEMICOLON
    (22) statement -> . IF statement statement END NEWLINE
    (23) statement -> . IF statement statement END
    (24) statement -> . if_block END SEMICOLON
    (25) statement -> . if_block END NEWLINE
    (26) statement -> . if_block END
    (27) statement -> . BREAK SEMICOLON
    (28) statement -> . CONTINUE SEMICOLON
    (29) statement -> . BREAK NEWLINE
    (30) statement -> . CONTINUE NEWLINE
    (31) statement -> . FOR statement code_block END SEMICOLON
    (32) statement -> . FOR statement code_block END NEWLINE
    (33) statement -> . RETURN expr SEMICOLON
    (34) statement -> . RETURN expr NEWLINE
    (35) statement -> . FUNCTION statement code_block
    (36) statement -> . FUNCTION statement code_block END NEWLINE
    (49) expr -> . STRING
    (50) expr -> . NUMBER
    (51) expr -> . NAME
    (52) expr -> . expr CTRANSPOSE
    (53) expr -> . expr TRANSPOSE
    (54) expr -> . expr MPOWER expr
    (55) expr -> . expr POWER expr
    (56) expr -> . expr LDIVIDE expr
    (57) expr -> . expr RDIVIDE expr
    (58) expr -> . expr TIMES expr
    (59) expr -> . expr MLDIVIDE expr
    (60) expr -> . expr MRDIVIDE expr
    (61) expr -> . expr MTIMES expr
    (62) expr -> . expr MINUS expr
    (63) expr -> . expr PLUS expr
    (64) expr -> . expr NE expr
    (65) expr -> . expr EQ expr
    (66) expr -> . expr GE expr
    (67) expr -> . expr GT expr
    (68) expr -> . expr LE expr
    (69) expr -> . expr LT expr
    (70) expr -> . expr AND expr
    (71) expr -> . expr OR expr
    (72) expr -> . expr ANDAND expr
    (73) expr -> . expr OROR expr
    (74) expr -> . expr COLON expr
    (75) expr -> . NOT expr
    (76) expr -> . MINUS expr
    (77) expr -> . PLUS expr
    (78) expr -> . AT LPAREN args RPAREN expr
    (79) expr -> . expr DOT NAME
    (80) expr -> . expr ELLIPSIS NEWLINE
    (81) expr -> . LPAREN expr RPAREN
    (82) expr -> . expr ASSIGN expr
    (83) expr -> . LSQR matrx_rows matrx_elements RSQR
    (84) expr -> . LSQR matrx_elements RSQR
    (85) expr -> . LSQR RSQR
    (86) expr -> . LSQR matrx_rows RSQR
    (87) expr -> . LCURL matrx_rows matrx_elements RCURL
    (88) expr -> . LCURL matrx_elements RCURL
    (89) expr -> . LCURL RCURL
    (90) expr -> . LCURL matrx_rows RCURL
    (91) expr -> . expr LCURL args RCURL
    (92) expr -> . expr LPAREN args RPAREN
    (43) switch_block -> . SWITCH expr CASE expr code_block
    (44) switch_block -> . SWITCH expr CASE statement code_block
    (45) switch_block -> . SWITCH statement CASE expr code_block
    (46) switch_block -> . SWITCH statement CASE statement code_block
    (47) switch_block -> . switch_block CASE expr code_block
    (48) switch_block -> . switch_block CASE statement code_block
    (37) if_block -> . IF expr code_block
    (38) if_block -> . IF statement code_block
    (39) if_block -> . if_block ELSEIF expr code_block
    (40) if_block -> . if_block ELSEIF statement code_block
    (41) if_block -> . if_block ELSE SEMICOLON code_block
    (42) if_block -> . if_block ELSE NEWLINE code_block
    COMMAND         shift and go to state 3
    NEWLINE         shift and go to state 5
    SEMICOLON       shift and go to state 6
    TRY             shift and go to state 8
    WHILE           shift and go to state 9
    IF              shift and go to state 10
    BREAK           shift and go to state 12
    CONTINUE        shift and go to state 13
    FOR             shift and go to state 14
    RETURN          shift and go to state 15
    FUNCTION        shift and go to state 16
    STRING          shift and go to state 17
    NUMBER          shift and go to state 18
    NAME            shift and go to state 19
    NOT             shift and go to state 22
    MINUS           shift and go to state 20
    PLUS            shift and go to state 21
    AT              shift and go to state 23
    LPAREN          shift and go to state 24
    LSQR            shift and go to state 25
    LCURL           shift and go to state 26
    SWITCH          shift and go to state 27

    switch_block                   shift and go to state 7
    statement                      shift and go to state 2
    code_block                     shift and go to state 168
    expr                           shift and go to state 4
    if_block                       shift and go to state 11

state 125

    (15) statement -> TRY code_block CATCH . statement code_block END NEWLINE
    (4) statement -> . COMMAND
    (5) statement -> . expr COMMA
    (6) statement -> . expr NEWLINE
    (7) statement -> . expr SEMICOLON
    (8) statement -> . NEWLINE
    (9) statement -> . SEMICOLON
    (10) statement -> . switch_block OTHERWISE NEWLINE code_block END SEMICOLON
    (11) statement -> . switch_block OTHERWISE SEMICOLON code_block END SEMICOLON
    (12) statement -> . switch_block OTHERWISE NEWLINE code_block END NEWLINE
    (13) statement -> . switch_block OTHERWISE SEMICOLON code_block END NEWLINE
    (14) statement -> . switch_block END NEWLINE
    (15) statement -> . TRY code_block CATCH statement code_block END NEWLINE
    (16) statement -> . WHILE expr code_block END NEWLINE
    (17) statement -> . WHILE statement code_block END NEWLINE
    (18) statement -> . IF expr statement END SEMICOLON
    (19) statement -> . IF expr statement END NEWLINE
    (20) statement -> . IF expr statement END
    (21) statement -> . IF statement statement END SEMICOLON
    (22) statement -> . IF statement statement END NEWLINE
    (23) statement -> . IF statement statement END
    (24) statement -> . if_block END SEMICOLON
    (25) statement -> . if_block END NEWLINE
    (26) statement -> . if_block END
    (27) statement -> . BREAK SEMICOLON
    (28) statement -> . CONTINUE SEMICOLON
    (29) statement -> . BREAK NEWLINE
    (30) statement -> . CONTINUE NEWLINE
    (31) statement -> . FOR statement code_block END SEMICOLON
    (32) statement -> . FOR statement code_block END NEWLINE
    (33) statement -> . RETURN expr SEMICOLON
    (34) statement -> . RETURN expr NEWLINE
    (35) statement -> . FUNCTION statement code_block
    (36) statement -> . FUNCTION statement code_block END NEWLINE
    (49) expr -> . STRING
    (50) expr -> . NUMBER
    (51) expr -> . NAME
    (52) expr -> . expr CTRANSPOSE
    (53) expr -> . expr TRANSPOSE
    (54) expr -> . expr MPOWER expr
    (55) expr -> . expr POWER expr
    (56) expr -> . expr LDIVIDE expr
    (57) expr -> . expr RDIVIDE expr
    (58) expr -> . expr TIMES expr
    (59) expr -> . expr MLDIVIDE expr
    (60) expr -> . expr MRDIVIDE expr
    (61) expr -> . expr MTIMES expr
    (62) expr -> . expr MINUS expr
    (63) expr -> . expr PLUS expr
    (64) expr -> . expr NE expr
    (65) expr -> . expr EQ expr
    (66) expr -> . expr GE expr
    (67) expr -> . expr GT expr
    (68) expr -> . expr LE expr
    (69) expr -> . expr LT expr
    (70) expr -> . expr AND expr
    (71) expr -> . expr OR expr
    (72) expr -> . expr ANDAND expr
    (73) expr -> . expr OROR expr
    (74) expr -> . expr COLON expr
    (75) expr -> . NOT expr
    (76) expr -> . MINUS expr
    (77) expr -> . PLUS expr
    (78) expr -> . AT LPAREN args RPAREN expr
    (79) expr -> . expr DOT NAME
    (80) expr -> . expr ELLIPSIS NEWLINE
    (81) expr -> . LPAREN expr RPAREN
    (82) expr -> . expr ASSIGN expr
    (83) expr -> . LSQR matrx_rows matrx_elements RSQR
    (84) expr -> . LSQR matrx_elements RSQR
    (85) expr -> . LSQR RSQR
    (86) expr -> . LSQR matrx_rows RSQR
    (87) expr -> . LCURL matrx_rows matrx_elements RCURL
    (88) expr -> . LCURL matrx_elements RCURL
    (89) expr -> . LCURL RCURL
    (90) expr -> . LCURL matrx_rows RCURL
    (91) expr -> . expr LCURL args RCURL
    (92) expr -> . expr LPAREN args RPAREN
    (43) switch_block -> . SWITCH expr CASE expr code_block
    (44) switch_block -> . SWITCH expr CASE statement code_block
    (45) switch_block -> . SWITCH statement CASE expr code_block
    (46) switch_block -> . SWITCH statement CASE statement code_block
    (47) switch_block -> . switch_block CASE expr code_block
    (48) switch_block -> . switch_block CASE statement code_block
    (37) if_block -> . IF expr code_block
    (38) if_block -> . IF statement code_block
    (39) if_block -> . if_block ELSEIF expr code_block
    (40) if_block -> . if_block ELSEIF statement code_block
    (41) if_block -> . if_block ELSE SEMICOLON code_block
    (42) if_block -> . if_block ELSE NEWLINE code_block
    COMMAND         shift and go to state 3
    NEWLINE         shift and go to state 5
    SEMICOLON       shift and go to state 6
    TRY             shift and go to state 8
    WHILE           shift and go to state 9
    IF              shift and go to state 10
    BREAK           shift and go to state 12
    CONTINUE        shift and go to state 13
    FOR             shift and go to state 14
    RETURN          shift and go to state 15
    FUNCTION        shift and go to state 16
    STRING          shift and go to state 17
    NUMBER          shift and go to state 18
    NAME            shift and go to state 19
    NOT             shift and go to state 22
    MINUS           shift and go to state 20
    PLUS            shift and go to state 21
    AT              shift and go to state 23
    LPAREN          shift and go to state 24
    LSQR            shift and go to state 25
    LCURL           shift and go to state 26
    SWITCH          shift and go to state 27

    statement                      shift and go to state 169
    expr                           shift and go to state 4
    switch_block                   shift and go to state 7
    if_block                       shift and go to state 11

state 126

    (16) statement -> WHILE expr code_block . END NEWLINE
    (3) code_block -> code_block . statement
    (4) statement -> . COMMAND
    (5) statement -> . expr COMMA
    (6) statement -> . expr NEWLINE
    (7) statement -> . expr SEMICOLON
    (8) statement -> . NEWLINE
    (9) statement -> . SEMICOLON
    (10) statement -> . switch_block OTHERWISE NEWLINE code_block END SEMICOLON
    (11) statement -> . switch_block OTHERWISE SEMICOLON code_block END SEMICOLON
    (12) statement -> . switch_block OTHERWISE NEWLINE code_block END NEWLINE
    (13) statement -> . switch_block OTHERWISE SEMICOLON code_block END NEWLINE
    (14) statement -> . switch_block END NEWLINE
    (15) statement -> . TRY code_block CATCH statement code_block END NEWLINE
    (16) statement -> . WHILE expr code_block END NEWLINE
    (17) statement -> . WHILE statement code_block END NEWLINE
    (18) statement -> . IF expr statement END SEMICOLON
    (19) statement -> . IF expr statement END NEWLINE
    (20) statement -> . IF expr statement END
    (21) statement -> . IF statement statement END SEMICOLON
    (22) statement -> . IF statement statement END NEWLINE
    (23) statement -> . IF statement statement END
    (24) statement -> . if_block END SEMICOLON
    (25) statement -> . if_block END NEWLINE
    (26) statement -> . if_block END
    (27) statement -> . BREAK SEMICOLON
    (28) statement -> . CONTINUE SEMICOLON
    (29) statement -> . BREAK NEWLINE
    (30) statement -> . CONTINUE NEWLINE
    (31) statement -> . FOR statement code_block END SEMICOLON
    (32) statement -> . FOR statement code_block END NEWLINE
    (33) statement -> . RETURN expr SEMICOLON
    (34) statement -> . RETURN expr NEWLINE
    (35) statement -> . FUNCTION statement code_block
    (36) statement -> . FUNCTION statement code_block END NEWLINE
    (49) expr -> . STRING
    (50) expr -> . NUMBER
    (51) expr -> . NAME
    (52) expr -> . expr CTRANSPOSE
    (53) expr -> . expr TRANSPOSE
    (54) expr -> . expr MPOWER expr
    (55) expr -> . expr POWER expr
    (56) expr -> . expr LDIVIDE expr
    (57) expr -> . expr RDIVIDE expr
    (58) expr -> . expr TIMES expr
    (59) expr -> . expr MLDIVIDE expr
    (60) expr -> . expr MRDIVIDE expr
    (61) expr -> . expr MTIMES expr
    (62) expr -> . expr MINUS expr
    (63) expr -> . expr PLUS expr
    (64) expr -> . expr NE expr
    (65) expr -> . expr EQ expr
    (66) expr -> . expr GE expr
    (67) expr -> . expr GT expr
    (68) expr -> . expr LE expr
    (69) expr -> . expr LT expr
    (70) expr -> . expr AND expr
    (71) expr -> . expr OR expr
    (72) expr -> . expr ANDAND expr
    (73) expr -> . expr OROR expr
    (74) expr -> . expr COLON expr
    (75) expr -> . NOT expr
    (76) expr -> . MINUS expr
    (77) expr -> . PLUS expr
    (78) expr -> . AT LPAREN args RPAREN expr
    (79) expr -> . expr DOT NAME
    (80) expr -> . expr ELLIPSIS NEWLINE
    (81) expr -> . LPAREN expr RPAREN
    (82) expr -> . expr ASSIGN expr
    (83) expr -> . LSQR matrx_rows matrx_elements RSQR
    (84) expr -> . LSQR matrx_elements RSQR
    (85) expr -> . LSQR RSQR
    (86) expr -> . LSQR matrx_rows RSQR
    (87) expr -> . LCURL matrx_rows matrx_elements RCURL
    (88) expr -> . LCURL matrx_elements RCURL
    (89) expr -> . LCURL RCURL
    (90) expr -> . LCURL matrx_rows RCURL
    (91) expr -> . expr LCURL args RCURL
    (92) expr -> . expr LPAREN args RPAREN
    (43) switch_block -> . SWITCH expr CASE expr code_block
    (44) switch_block -> . SWITCH expr CASE statement code_block
    (45) switch_block -> . SWITCH statement CASE expr code_block
    (46) switch_block -> . SWITCH statement CASE statement code_block
    (47) switch_block -> . switch_block CASE expr code_block
    (48) switch_block -> . switch_block CASE statement code_block
    (37) if_block -> . IF expr code_block
    (38) if_block -> . IF statement code_block
    (39) if_block -> . if_block ELSEIF expr code_block
    (40) if_block -> . if_block ELSEIF statement code_block
    (41) if_block -> . if_block ELSE SEMICOLON code_block
    (42) if_block -> . if_block ELSE NEWLINE code_block
    END             shift and go to state 170
    COMMAND         shift and go to state 3
    NEWLINE         shift and go to state 5
    SEMICOLON       shift and go to state 6
    TRY             shift and go to state 8
    WHILE           shift and go to state 9
    IF              shift and go to state 10
    BREAK           shift and go to state 12
    CONTINUE        shift and go to state 13
    FOR             shift and go to state 14
    RETURN          shift and go to state 15
    FUNCTION        shift and go to state 16
    STRING          shift and go to state 17
    NUMBER          shift and go to state 18
    NAME            shift and go to state 19
    NOT             shift and go to state 22
    MINUS           shift and go to state 20
    PLUS            shift and go to state 21
    AT              shift and go to state 23
    LPAREN          shift and go to state 24
    LSQR            shift and go to state 25
    LCURL           shift and go to state 26
    SWITCH          shift and go to state 27

    expr                           shift and go to state 4
    statement                      shift and go to state 28
    switch_block                   shift and go to state 7
    if_block                       shift and go to state 11

state 127

    (6) statement -> expr NEWLINE .
    (8) statement -> NEWLINE .
  ! reduce/reduce conflict for COMMAND resolved using rule 8 (statement -> NEWLINE .)
  ! reduce/reduce conflict for NEWLINE resolved using rule 8 (statement -> NEWLINE .)
  ! reduce/reduce conflict for SEMICOLON resolved using rule 8 (statement -> NEWLINE .)
  ! reduce/reduce conflict for TRY resolved using rule 8 (statement -> NEWLINE .)
  ! reduce/reduce conflict for WHILE resolved using rule 8 (statement -> NEWLINE .)
  ! reduce/reduce conflict for IF resolved using rule 8 (statement -> NEWLINE .)
  ! reduce/reduce conflict for BREAK resolved using rule 8 (statement -> NEWLINE .)
  ! reduce/reduce conflict for CONTINUE resolved using rule 8 (statement -> NEWLINE .)
  ! reduce/reduce conflict for FOR resolved using rule 8 (statement -> NEWLINE .)
  ! reduce/reduce conflict for RETURN resolved using rule 8 (statement -> NEWLINE .)
  ! reduce/reduce conflict for FUNCTION resolved using rule 8 (statement -> NEWLINE .)
  ! reduce/reduce conflict for STRING resolved using rule 8 (statement -> NEWLINE .)
  ! reduce/reduce conflict for NUMBER resolved using rule 8 (statement -> NEWLINE .)
  ! reduce/reduce conflict for NAME resolved using rule 8 (statement -> NEWLINE .)
  ! reduce/reduce conflict for NOT resolved using rule 8 (statement -> NEWLINE .)
  ! reduce/reduce conflict for MINUS resolved using rule 8 (statement -> NEWLINE .)
  ! reduce/reduce conflict for PLUS resolved using rule 8 (statement -> NEWLINE .)
  ! reduce/reduce conflict for AT resolved using rule 8 (statement -> NEWLINE .)
  ! reduce/reduce conflict for LPAREN resolved using rule 8 (statement -> NEWLINE .)
  ! reduce/reduce conflict for LSQR resolved using rule 8 (statement -> NEWLINE .)
  ! reduce/reduce conflict for LCURL resolved using rule 8 (statement -> NEWLINE .)
  ! reduce/reduce conflict for SWITCH resolved using rule 8 (statement -> NEWLINE .)
    COMMAND         reduce using rule 8 (statement -> NEWLINE .)
    NEWLINE         reduce using rule 8 (statement -> NEWLINE .)
    SEMICOLON       reduce using rule 8 (statement -> NEWLINE .)
    TRY             reduce using rule 8 (statement -> NEWLINE .)
    WHILE           reduce using rule 8 (statement -> NEWLINE .)
    IF              reduce using rule 8 (statement -> NEWLINE .)
    BREAK           reduce using rule 8 (statement -> NEWLINE .)
    CONTINUE        reduce using rule 8 (statement -> NEWLINE .)
    FOR             reduce using rule 8 (statement -> NEWLINE .)
    RETURN          reduce using rule 8 (statement -> NEWLINE .)
    FUNCTION        reduce using rule 8 (statement -> NEWLINE .)
    STRING          reduce using rule 8 (statement -> NEWLINE .)
    NUMBER          reduce using rule 8 (statement -> NEWLINE .)
    NAME            reduce using rule 8 (statement -> NEWLINE .)
    NOT             reduce using rule 8 (statement -> NEWLINE .)
    MINUS           reduce using rule 8 (statement -> NEWLINE .)
    PLUS            reduce using rule 8 (statement -> NEWLINE .)
    AT              reduce using rule 8 (statement -> NEWLINE .)
    LPAREN          reduce using rule 8 (statement -> NEWLINE .)
    LSQR            reduce using rule 8 (statement -> NEWLINE .)
    LCURL           reduce using rule 8 (statement -> NEWLINE .)
    SWITCH          reduce using rule 8 (statement -> NEWLINE .)
    END             reduce using rule 8 (statement -> NEWLINE .)
    ELSEIF          reduce using rule 8 (statement -> NEWLINE .)
    ELSE            reduce using rule 8 (statement -> NEWLINE .)
    OTHERWISE       reduce using rule 8 (statement -> NEWLINE .)
    CASE            reduce using rule 8 (statement -> NEWLINE .)


state 128

    (62) expr -> expr MINUS . expr
    (76) expr -> MINUS . expr
    (49) expr -> . STRING
    (50) expr -> . NUMBER
    (51) expr -> . NAME
    (52) expr -> . expr CTRANSPOSE
    (53) expr -> . expr TRANSPOSE
    (54) expr -> . expr MPOWER expr
    (55) expr -> . expr POWER expr
    (56) expr -> . expr LDIVIDE expr
    (57) expr -> . expr RDIVIDE expr
    (58) expr -> . expr TIMES expr
    (59) expr -> . expr MLDIVIDE expr
    (60) expr -> . expr MRDIVIDE expr
    (61) expr -> . expr MTIMES expr
    (62) expr -> . expr MINUS expr
    (63) expr -> . expr PLUS expr
    (64) expr -> . expr NE expr
    (65) expr -> . expr EQ expr
    (66) expr -> . expr GE expr
    (67) expr -> . expr GT expr
    (68) expr -> . expr LE expr
    (69) expr -> . expr LT expr
    (70) expr -> . expr AND expr
    (71) expr -> . expr OR expr
    (72) expr -> . expr ANDAND expr
    (73) expr -> . expr OROR expr
    (74) expr -> . expr COLON expr
    (75) expr -> . NOT expr
    (76) expr -> . MINUS expr
    (77) expr -> . PLUS expr
    (78) expr -> . AT LPAREN args RPAREN expr
    (79) expr -> . expr DOT NAME
    (80) expr -> . expr ELLIPSIS NEWLINE
    (81) expr -> . LPAREN expr RPAREN
    (82) expr -> . expr ASSIGN expr
    (83) expr -> . LSQR matrx_rows matrx_elements RSQR
    (84) expr -> . LSQR matrx_elements RSQR
    (85) expr -> . LSQR RSQR
    (86) expr -> . LSQR matrx_rows RSQR
    (87) expr -> . LCURL matrx_rows matrx_elements RCURL
    (88) expr -> . LCURL matrx_elements RCURL
    (89) expr -> . LCURL RCURL
    (90) expr -> . LCURL matrx_rows RCURL
    (91) expr -> . expr LCURL args RCURL
    (92) expr -> . expr LPAREN args RPAREN
    STRING          shift and go to state 17
    NUMBER          shift and go to state 18
    NAME            shift and go to state 19
    NOT             shift and go to state 22
    MINUS           shift and go to state 20
    PLUS            shift and go to state 21
    AT              shift and go to state 23
    LPAREN          shift and go to state 24
    LSQR            shift and go to state 25
    LCURL           shift and go to state 26

    expr                           shift and go to state 171

state 129

    (63) expr -> expr PLUS . expr
    (77) expr -> PLUS . expr
    (49) expr -> . STRING
    (50) expr -> . NUMBER
    (51) expr -> . NAME
    (52) expr -> . expr CTRANSPOSE
    (53) expr -> . expr TRANSPOSE
    (54) expr -> . expr MPOWER expr
    (55) expr -> . expr POWER expr
    (56) expr -> . expr LDIVIDE expr
    (57) expr -> . expr RDIVIDE expr
    (58) expr -> . expr TIMES expr
    (59) expr -> . expr MLDIVIDE expr
    (60) expr -> . expr MRDIVIDE expr
    (61) expr -> . expr MTIMES expr
    (62) expr -> . expr MINUS expr
    (63) expr -> . expr PLUS expr
    (64) expr -> . expr NE expr
    (65) expr -> . expr EQ expr
    (66) expr -> . expr GE expr
    (67) expr -> . expr GT expr
    (68) expr -> . expr LE expr
    (69) expr -> . expr LT expr
    (70) expr -> . expr AND expr
    (71) expr -> . expr OR expr
    (72) expr -> . expr ANDAND expr
    (73) expr -> . expr OROR expr
    (74) expr -> . expr COLON expr
    (75) expr -> . NOT expr
    (76) expr -> . MINUS expr
    (77) expr -> . PLUS expr
    (78) expr -> . AT LPAREN args RPAREN expr
    (79) expr -> . expr DOT NAME
    (80) expr -> . expr ELLIPSIS NEWLINE
    (81) expr -> . LPAREN expr RPAREN
    (82) expr -> . expr ASSIGN expr
    (83) expr -> . LSQR matrx_rows matrx_elements RSQR
    (84) expr -> . LSQR matrx_elements RSQR
    (85) expr -> . LSQR RSQR
    (86) expr -> . LSQR matrx_rows RSQR
    (87) expr -> . LCURL matrx_rows matrx_elements RCURL
    (88) expr -> . LCURL matrx_elements RCURL
    (89) expr -> . LCURL RCURL
    (90) expr -> . LCURL matrx_rows RCURL
    (91) expr -> . expr LCURL args RCURL
    (92) expr -> . expr LPAREN args RPAREN
    STRING          shift and go to state 17
    NUMBER          shift and go to state 18
    NAME            shift and go to state 19
    NOT             shift and go to state 22
    MINUS           shift and go to state 20
    PLUS            shift and go to state 21
    AT              shift and go to state 23
    LPAREN          shift and go to state 24
    LSQR            shift and go to state 25
    LCURL           shift and go to state 26

    expr                           shift and go to state 172

state 130

    (91) expr -> expr LCURL . args RCURL
    (87) expr -> LCURL . matrx_rows matrx_elements RCURL
    (88) expr -> LCURL . matrx_elements RCURL
    (89) expr -> LCURL . RCURL
    (90) expr -> LCURL . matrx_rows RCURL
    (93) args -> . expr
    (94) args -> . expr COMMA expr
    (95) args -> . args COMMA expr
    (96) matrx_rows -> . matrx_elements SEMICOLON
    (97) matrx_rows -> . matrx_rows matrx_elements SEMICOLON
    (98) matrx_elements -> . expr
    (99) matrx_elements -> . matrx_elements COMMA expr
    (100) matrx_elements -> . matrx_elements expr
    (49) expr -> . STRING
    (50) expr -> . NUMBER
    (51) expr -> . NAME
    (52) expr -> . expr CTRANSPOSE
    (53) expr -> . expr TRANSPOSE
    (54) expr -> . expr MPOWER expr
    (55) expr -> . expr POWER expr
    (56) expr -> . expr LDIVIDE expr
    (57) expr -> . expr RDIVIDE expr
    (58) expr -> . expr TIMES expr
    (59) expr -> . expr MLDIVIDE expr
    (60) expr -> . expr MRDIVIDE expr
    (61) expr -> . expr MTIMES expr
    (62) expr -> . expr MINUS expr
    (63) expr -> . expr PLUS expr
    (64) expr -> . expr NE expr
    (65) expr -> . expr EQ expr
    (66) expr -> . expr GE expr
    (67) expr -> . expr GT expr
    (68) expr -> . expr LE expr
    (69) expr -> . expr LT expr
    (70) expr -> . expr AND expr
    (71) expr -> . expr OR expr
    (72) expr -> . expr ANDAND expr
    (73) expr -> . expr OROR expr
    (74) expr -> . expr COLON expr
    (75) expr -> . NOT expr
    (76) expr -> . MINUS expr
    (77) expr -> . PLUS expr
    (78) expr -> . AT LPAREN args RPAREN expr
    (79) expr -> . expr DOT NAME
    (80) expr -> . expr ELLIPSIS NEWLINE
    (81) expr -> . LPAREN expr RPAREN
    (82) expr -> . expr ASSIGN expr
    (83) expr -> . LSQR matrx_rows matrx_elements RSQR
    (84) expr -> . LSQR matrx_elements RSQR
    (85) expr -> . LSQR RSQR
    (86) expr -> . LSQR matrx_rows RSQR
    (87) expr -> . LCURL matrx_rows matrx_elements RCURL
    (88) expr -> . LCURL matrx_elements RCURL
    (89) expr -> . LCURL RCURL
    (90) expr -> . LCURL matrx_rows RCURL
    (91) expr -> . expr LCURL args RCURL
    (92) expr -> . expr LPAREN args RPAREN
    RCURL           shift and go to state 90
    STRING          shift and go to state 17
    NUMBER          shift and go to state 18
    NAME            shift and go to state 19
    NOT             shift and go to state 22
    MINUS           shift and go to state 20
    PLUS            shift and go to state 21
    AT              shift and go to state 23
    LPAREN          shift and go to state 24
    LSQR            shift and go to state 25
    LCURL           shift and go to state 26

    expr                           shift and go to state 173
    args                           shift and go to state 118
    matrx_rows                     shift and go to state 88
    matrx_elements                 shift and go to state 89

state 131

    (92) expr -> expr LPAREN . args RPAREN
    (81) expr -> LPAREN . expr RPAREN
    (93) args -> . expr
    (94) args -> . expr COMMA expr
    (95) args -> . args COMMA expr
    (49) expr -> . STRING
    (50) expr -> . NUMBER
    (51) expr -> . NAME
    (52) expr -> . expr CTRANSPOSE
    (53) expr -> . expr TRANSPOSE
    (54) expr -> . expr MPOWER expr
    (55) expr -> . expr POWER expr
    (56) expr -> . expr LDIVIDE expr
    (57) expr -> . expr RDIVIDE expr
    (58) expr -> . expr TIMES expr
    (59) expr -> . expr MLDIVIDE expr
    (60) expr -> . expr MRDIVIDE expr
    (61) expr -> . expr MTIMES expr
    (62) expr -> . expr MINUS expr
    (63) expr -> . expr PLUS expr
    (64) expr -> . expr NE expr
    (65) expr -> . expr EQ expr
    (66) expr -> . expr GE expr
    (67) expr -> . expr GT expr
    (68) expr -> . expr LE expr
    (69) expr -> . expr LT expr
    (70) expr -> . expr AND expr
    (71) expr -> . expr OR expr
    (72) expr -> . expr ANDAND expr
    (73) expr -> . expr OROR expr
    (74) expr -> . expr COLON expr
    (75) expr -> . NOT expr
    (76) expr -> . MINUS expr
    (77) expr -> . PLUS expr
    (78) expr -> . AT LPAREN args RPAREN expr
    (79) expr -> . expr DOT NAME
    (80) expr -> . expr ELLIPSIS NEWLINE
    (81) expr -> . LPAREN expr RPAREN
    (82) expr -> . expr ASSIGN expr
    (83) expr -> . LSQR matrx_rows matrx_elements RSQR
    (84) expr -> . LSQR matrx_elements RSQR
    (85) expr -> . LSQR RSQR
    (86) expr -> . LSQR matrx_rows RSQR
    (87) expr -> . LCURL matrx_rows matrx_elements RCURL
    (88) expr -> . LCURL matrx_elements RCURL
    (89) expr -> . LCURL RCURL
    (90) expr -> . LCURL matrx_rows RCURL
    (91) expr -> . expr LCURL args RCURL
    (92) expr -> . expr LPAREN args RPAREN
    STRING          shift and go to state 17
    NUMBER          shift and go to state 18
    NAME            shift and go to state 19
    NOT             shift and go to state 22
    MINUS           shift and go to state 20
    PLUS            shift and go to state 21
    AT              shift and go to state 23
    LPAREN          shift and go to state 24
    LSQR            shift and go to state 25
    LCURL           shift and go to state 26

    expr                           shift and go to state 174
    args                           shift and go to state 119

state 132

    (7) statement -> expr SEMICOLON .
    (9) statement -> SEMICOLON .
  ! reduce/reduce conflict for COMMAND resolved using rule 9 (statement -> SEMICOLON .)
  ! reduce/reduce conflict for NEWLINE resolved using rule 9 (statement -> SEMICOLON .)
  ! reduce/reduce conflict for SEMICOLON resolved using rule 9 (statement -> SEMICOLON .)
  ! reduce/reduce conflict for TRY resolved using rule 9 (statement -> SEMICOLON .)
  ! reduce/reduce conflict for WHILE resolved using rule 9 (statement -> SEMICOLON .)
  ! reduce/reduce conflict for IF resolved using rule 9 (statement -> SEMICOLON .)
  ! reduce/reduce conflict for BREAK resolved using rule 9 (statement -> SEMICOLON .)
  ! reduce/reduce conflict for CONTINUE resolved using rule 9 (statement -> SEMICOLON .)
  ! reduce/reduce conflict for FOR resolved using rule 9 (statement -> SEMICOLON .)
  ! reduce/reduce conflict for RETURN resolved using rule 9 (statement -> SEMICOLON .)
  ! reduce/reduce conflict for FUNCTION resolved using rule 9 (statement -> SEMICOLON .)
  ! reduce/reduce conflict for STRING resolved using rule 9 (statement -> SEMICOLON .)
  ! reduce/reduce conflict for NUMBER resolved using rule 9 (statement -> SEMICOLON .)
  ! reduce/reduce conflict for NAME resolved using rule 9 (statement -> SEMICOLON .)
  ! reduce/reduce conflict for NOT resolved using rule 9 (statement -> SEMICOLON .)
  ! reduce/reduce conflict for MINUS resolved using rule 9 (statement -> SEMICOLON .)
  ! reduce/reduce conflict for PLUS resolved using rule 9 (statement -> SEMICOLON .)
  ! reduce/reduce conflict for AT resolved using rule 9 (statement -> SEMICOLON .)
  ! reduce/reduce conflict for LPAREN resolved using rule 9 (statement -> SEMICOLON .)
  ! reduce/reduce conflict for LSQR resolved using rule 9 (statement -> SEMICOLON .)
  ! reduce/reduce conflict for LCURL resolved using rule 9 (statement -> SEMICOLON .)
  ! reduce/reduce conflict for SWITCH resolved using rule 9 (statement -> SEMICOLON .)
    COMMAND         reduce using rule 9 (statement -> SEMICOLON .)
    NEWLINE         reduce using rule 9 (statement -> SEMICOLON .)
    SEMICOLON       reduce using rule 9 (statement -> SEMICOLON .)
    TRY             reduce using rule 9 (statement -> SEMICOLON .)
    WHILE           reduce using rule 9 (statement -> SEMICOLON .)
    IF              reduce using rule 9 (statement -> SEMICOLON .)
    BREAK           reduce using rule 9 (statement -> SEMICOLON .)
    CONTINUE        reduce using rule 9 (statement -> SEMICOLON .)
    FOR             reduce using rule 9 (statement -> SEMICOLON .)
    RETURN          reduce using rule 9 (statement -> SEMICOLON .)
    FUNCTION        reduce using rule 9 (statement -> SEMICOLON .)
    STRING          reduce using rule 9 (statement -> SEMICOLON .)
    NUMBER          reduce using rule 9 (statement -> SEMICOLON .)
    NAME            reduce using rule 9 (statement -> SEMICOLON .)
    NOT             reduce using rule 9 (statement -> SEMICOLON .)
    MINUS           reduce using rule 9 (statement -> SEMICOLON .)
    PLUS            reduce using rule 9 (statement -> SEMICOLON .)
    AT              reduce using rule 9 (statement -> SEMICOLON .)
    LPAREN          reduce using rule 9 (statement -> SEMICOLON .)
    LSQR            reduce using rule 9 (statement -> SEMICOLON .)
    LCURL           reduce using rule 9 (statement -> SEMICOLON .)
    SWITCH          reduce using rule 9 (statement -> SEMICOLON .)
    END             reduce using rule 9 (statement -> SEMICOLON .)
    ELSEIF          reduce using rule 9 (statement -> SEMICOLON .)
    ELSE            reduce using rule 9 (statement -> SEMICOLON .)
    OTHERWISE       reduce using rule 9 (statement -> SEMICOLON .)
    CASE            reduce using rule 9 (statement -> SEMICOLON .)


state 133

    (17) statement -> WHILE statement code_block . END NEWLINE
    (3) code_block -> code_block . statement
    (4) statement -> . COMMAND
    (5) statement -> . expr COMMA
    (6) statement -> . expr NEWLINE
    (7) statement -> . expr SEMICOLON
    (8) statement -> . NEWLINE
    (9) statement -> . SEMICOLON
    (10) statement -> . switch_block OTHERWISE NEWLINE code_block END SEMICOLON
    (11) statement -> . switch_block OTHERWISE SEMICOLON code_block END SEMICOLON
    (12) statement -> . switch_block OTHERWISE NEWLINE code_block END NEWLINE
    (13) statement -> . switch_block OTHERWISE SEMICOLON code_block END NEWLINE
    (14) statement -> . switch_block END NEWLINE
    (15) statement -> . TRY code_block CATCH statement code_block END NEWLINE
    (16) statement -> . WHILE expr code_block END NEWLINE
    (17) statement -> . WHILE statement code_block END NEWLINE
    (18) statement -> . IF expr statement END SEMICOLON
    (19) statement -> . IF expr statement END NEWLINE
    (20) statement -> . IF expr statement END
    (21) statement -> . IF statement statement END SEMICOLON
    (22) statement -> . IF statement statement END NEWLINE
    (23) statement -> . IF statement statement END
    (24) statement -> . if_block END SEMICOLON
    (25) statement -> . if_block END NEWLINE
    (26) statement -> . if_block END
    (27) statement -> . BREAK SEMICOLON
    (28) statement -> . CONTINUE SEMICOLON
    (29) statement -> . BREAK NEWLINE
    (30) statement -> . CONTINUE NEWLINE
    (31) statement -> . FOR statement code_block END SEMICOLON
    (32) statement -> . FOR statement code_block END NEWLINE
    (33) statement -> . RETURN expr SEMICOLON
    (34) statement -> . RETURN expr NEWLINE
    (35) statement -> . FUNCTION statement code_block
    (36) statement -> . FUNCTION statement code_block END NEWLINE
    (49) expr -> . STRING
    (50) expr -> . NUMBER
    (51) expr -> . NAME
    (52) expr -> . expr CTRANSPOSE
    (53) expr -> . expr TRANSPOSE
    (54) expr -> . expr MPOWER expr
    (55) expr -> . expr POWER expr
    (56) expr -> . expr LDIVIDE expr
    (57) expr -> . expr RDIVIDE expr
    (58) expr -> . expr TIMES expr
    (59) expr -> . expr MLDIVIDE expr
    (60) expr -> . expr MRDIVIDE expr
    (61) expr -> . expr MTIMES expr
    (62) expr -> . expr MINUS expr
    (63) expr -> . expr PLUS expr
    (64) expr -> . expr NE expr
    (65) expr -> . expr EQ expr
    (66) expr -> . expr GE expr
    (67) expr -> . expr GT expr
    (68) expr -> . expr LE expr
    (69) expr -> . expr LT expr
    (70) expr -> . expr AND expr
    (71) expr -> . expr OR expr
    (72) expr -> . expr ANDAND expr
    (73) expr -> . expr OROR expr
    (74) expr -> . expr COLON expr
    (75) expr -> . NOT expr
    (76) expr -> . MINUS expr
    (77) expr -> . PLUS expr
    (78) expr -> . AT LPAREN args RPAREN expr
    (79) expr -> . expr DOT NAME
    (80) expr -> . expr ELLIPSIS NEWLINE
    (81) expr -> . LPAREN expr RPAREN
    (82) expr -> . expr ASSIGN expr
    (83) expr -> . LSQR matrx_rows matrx_elements RSQR
    (84) expr -> . LSQR matrx_elements RSQR
    (85) expr -> . LSQR RSQR
    (86) expr -> . LSQR matrx_rows RSQR
    (87) expr -> . LCURL matrx_rows matrx_elements RCURL
    (88) expr -> . LCURL matrx_elements RCURL
    (89) expr -> . LCURL RCURL
    (90) expr -> . LCURL matrx_rows RCURL
    (91) expr -> . expr LCURL args RCURL
    (92) expr -> . expr LPAREN args RPAREN
    (43) switch_block -> . SWITCH expr CASE expr code_block
    (44) switch_block -> . SWITCH expr CASE statement code_block
    (45) switch_block -> . SWITCH statement CASE expr code_block
    (46) switch_block -> . SWITCH statement CASE statement code_block
    (47) switch_block -> . switch_block CASE expr code_block
    (48) switch_block -> . switch_block CASE statement code_block
    (37) if_block -> . IF expr code_block
    (38) if_block -> . IF statement code_block
    (39) if_block -> . if_block ELSEIF expr code_block
    (40) if_block -> . if_block ELSEIF statement code_block
    (41) if_block -> . if_block ELSE SEMICOLON code_block
    (42) if_block -> . if_block ELSE NEWLINE code_block
    END             shift and go to state 175
    COMMAND         shift and go to state 3
    NEWLINE         shift and go to state 5
    SEMICOLON       shift and go to state 6
    TRY             shift and go to state 8
    WHILE           shift and go to state 9
    IF              shift and go to state 10
    BREAK           shift and go to state 12
    CONTINUE        shift and go to state 13
    FOR             shift and go to state 14
    RETURN          shift and go to state 15
    FUNCTION        shift and go to state 16
    STRING          shift and go to state 17
    NUMBER          shift and go to state 18
    NAME            shift and go to state 19
    NOT             shift and go to state 22
    MINUS           shift and go to state 20
    PLUS            shift and go to state 21
    AT              shift and go to state 23
    LPAREN          shift and go to state 24
    LSQR            shift and go to state 25
    LCURL           shift and go to state 26
    SWITCH          shift and go to state 27

    statement                      shift and go to state 28
    expr                           shift and go to state 4
    switch_block                   shift and go to state 7
    if_block                       shift and go to state 11

state 134

    (18) statement -> IF expr statement . END SEMICOLON
    (19) statement -> IF expr statement . END NEWLINE
    (20) statement -> IF expr statement . END
    (1) code_block -> statement .
    (2) code_block -> statement . code_block
    (1) code_block -> . statement
    (2) code_block -> . statement code_block
    (3) code_block -> . code_block statement
    (4) statement -> . COMMAND
    (5) statement -> . expr COMMA
    (6) statement -> . expr NEWLINE
    (7) statement -> . expr SEMICOLON
    (8) statement -> . NEWLINE
    (9) statement -> . SEMICOLON
    (10) statement -> . switch_block OTHERWISE NEWLINE code_block END SEMICOLON
    (11) statement -> . switch_block OTHERWISE SEMICOLON code_block END SEMICOLON
    (12) statement -> . switch_block OTHERWISE NEWLINE code_block END NEWLINE
    (13) statement -> . switch_block OTHERWISE SEMICOLON code_block END NEWLINE
    (14) statement -> . switch_block END NEWLINE
    (15) statement -> . TRY code_block CATCH statement code_block END NEWLINE
    (16) statement -> . WHILE expr code_block END NEWLINE
    (17) statement -> . WHILE statement code_block END NEWLINE
    (18) statement -> . IF expr statement END SEMICOLON
    (19) statement -> . IF expr statement END NEWLINE
    (20) statement -> . IF expr statement END
    (21) statement -> . IF statement statement END SEMICOLON
    (22) statement -> . IF statement statement END NEWLINE
    (23) statement -> . IF statement statement END
    (24) statement -> . if_block END SEMICOLON
    (25) statement -> . if_block END NEWLINE
    (26) statement -> . if_block END
    (27) statement -> . BREAK SEMICOLON
    (28) statement -> . CONTINUE SEMICOLON
    (29) statement -> . BREAK NEWLINE
    (30) statement -> . CONTINUE NEWLINE
    (31) statement -> . FOR statement code_block END SEMICOLON
    (32) statement -> . FOR statement code_block END NEWLINE
    (33) statement -> . RETURN expr SEMICOLON
    (34) statement -> . RETURN expr NEWLINE
    (35) statement -> . FUNCTION statement code_block
    (36) statement -> . FUNCTION statement code_block END NEWLINE
    (49) expr -> . STRING
    (50) expr -> . NUMBER
    (51) expr -> . NAME
    (52) expr -> . expr CTRANSPOSE
    (53) expr -> . expr TRANSPOSE
    (54) expr -> . expr MPOWER expr
    (55) expr -> . expr POWER expr
    (56) expr -> . expr LDIVIDE expr
    (57) expr -> . expr RDIVIDE expr
    (58) expr -> . expr TIMES expr
    (59) expr -> . expr MLDIVIDE expr
    (60) expr -> . expr MRDIVIDE expr
    (61) expr -> . expr MTIMES expr
    (62) expr -> . expr MINUS expr
    (63) expr -> . expr PLUS expr
    (64) expr -> . expr NE expr
    (65) expr -> . expr EQ expr
    (66) expr -> . expr GE expr
    (67) expr -> . expr GT expr
    (68) expr -> . expr LE expr
    (69) expr -> . expr LT expr
    (70) expr -> . expr AND expr
    (71) expr -> . expr OR expr
    (72) expr -> . expr ANDAND expr
    (73) expr -> . expr OROR expr
    (74) expr -> . expr COLON expr
    (75) expr -> . NOT expr
    (76) expr -> . MINUS expr
    (77) expr -> . PLUS expr
    (78) expr -> . AT LPAREN args RPAREN expr
    (79) expr -> . expr DOT NAME
    (80) expr -> . expr ELLIPSIS NEWLINE
    (81) expr -> . LPAREN expr RPAREN
    (82) expr -> . expr ASSIGN expr
    (83) expr -> . LSQR matrx_rows matrx_elements RSQR
    (84) expr -> . LSQR matrx_elements RSQR
    (85) expr -> . LSQR RSQR
    (86) expr -> . LSQR matrx_rows RSQR
    (87) expr -> . LCURL matrx_rows matrx_elements RCURL
    (88) expr -> . LCURL matrx_elements RCURL
    (89) expr -> . LCURL RCURL
    (90) expr -> . LCURL matrx_rows RCURL
    (91) expr -> . expr LCURL args RCURL
    (92) expr -> . expr LPAREN args RPAREN
    (43) switch_block -> . SWITCH expr CASE expr code_block
    (44) switch_block -> . SWITCH expr CASE statement code_block
    (45) switch_block -> . SWITCH statement CASE expr code_block
    (46) switch_block -> . SWITCH statement CASE statement code_block
    (47) switch_block -> . switch_block CASE expr code_block
    (48) switch_block -> . switch_block CASE statement code_block
    (37) if_block -> . IF expr code_block
    (38) if_block -> . IF statement code_block
    (39) if_block -> . if_block ELSEIF expr code_block
    (40) if_block -> . if_block ELSEIF statement code_block
    (41) if_block -> . if_block ELSE SEMICOLON code_block
    (42) if_block -> . if_block ELSE NEWLINE code_block
  ! shift/reduce conflict for END resolved as shift
  ! shift/reduce conflict for COMMAND resolved as shift
  ! shift/reduce conflict for NEWLINE resolved as shift
  ! shift/reduce conflict for SEMICOLON resolved as shift
  ! shift/reduce conflict for TRY resolved as shift
  ! shift/reduce conflict for WHILE resolved as shift
  ! shift/reduce conflict for IF resolved as shift
  ! shift/reduce conflict for BREAK resolved as shift
  ! shift/reduce conflict for CONTINUE resolved as shift
  ! shift/reduce conflict for FOR resolved as shift
  ! shift/reduce conflict for RETURN resolved as shift
  ! shift/reduce conflict for FUNCTION resolved as shift
  ! shift/reduce conflict for STRING resolved as shift
  ! shift/reduce conflict for NUMBER resolved as shift
  ! shift/reduce conflict for NAME resolved as shift
  ! shift/reduce conflict for NOT resolved as shift
  ! shift/reduce conflict for MINUS resolved as shift
  ! shift/reduce conflict for PLUS resolved as shift
  ! shift/reduce conflict for AT resolved as shift
  ! shift/reduce conflict for LPAREN resolved as shift
  ! shift/reduce conflict for LSQR resolved as shift
  ! shift/reduce conflict for LCURL resolved as shift
  ! shift/reduce conflict for SWITCH resolved as shift
    END             shift and go to state 176
    ELSEIF          reduce using rule 1 (code_block -> statement .)
    ELSE            reduce using rule 1 (code_block -> statement .)
    COMMAND         shift and go to state 3
    NEWLINE         shift and go to state 5
    SEMICOLON       shift and go to state 6
    TRY             shift and go to state 8
    WHILE           shift and go to state 9
    IF              shift and go to state 10
    BREAK           shift and go to state 12
    CONTINUE        shift and go to state 13
    FOR             shift and go to state 14
    RETURN          shift and go to state 15
    FUNCTION        shift and go to state 16
    STRING          shift and go to state 17
    NUMBER          shift and go to state 18
    NAME            shift and go to state 19
    NOT             shift and go to state 22
    MINUS           shift and go to state 20
    PLUS            shift and go to state 21
    AT              shift and go to state 23
    LPAREN          shift and go to state 24
    LSQR            shift and go to state 25
    LCURL           shift and go to state 26
    SWITCH          shift and go to state 27

    expr                           shift and go to state 4
    statement                      shift and go to state 2
    code_block                     shift and go to state 29
    switch_block                   shift and go to state 7
    if_block                       shift and go to state 11

state 135

    (37) if_block -> IF expr code_block .
    (3) code_block -> code_block . statement
    (4) statement -> . COMMAND
    (5) statement -> . expr COMMA
    (6) statement -> . expr NEWLINE
    (7) statement -> . expr SEMICOLON
    (8) statement -> . NEWLINE
    (9) statement -> . SEMICOLON
    (10) statement -> . switch_block OTHERWISE NEWLINE code_block END SEMICOLON
    (11) statement -> . switch_block OTHERWISE SEMICOLON code_block END SEMICOLON
    (12) statement -> . switch_block OTHERWISE NEWLINE code_block END NEWLINE
    (13) statement -> . switch_block OTHERWISE SEMICOLON code_block END NEWLINE
    (14) statement -> . switch_block END NEWLINE
    (15) statement -> . TRY code_block CATCH statement code_block END NEWLINE
    (16) statement -> . WHILE expr code_block END NEWLINE
    (17) statement -> . WHILE statement code_block END NEWLINE
    (18) statement -> . IF expr statement END SEMICOLON
    (19) statement -> . IF expr statement END NEWLINE
    (20) statement -> . IF expr statement END
    (21) statement -> . IF statement statement END SEMICOLON
    (22) statement -> . IF statement statement END NEWLINE
    (23) statement -> . IF statement statement END
    (24) statement -> . if_block END SEMICOLON
    (25) statement -> . if_block END NEWLINE
    (26) statement -> . if_block END
    (27) statement -> . BREAK SEMICOLON
    (28) statement -> . CONTINUE SEMICOLON
    (29) statement -> . BREAK NEWLINE
    (30) statement -> . CONTINUE NEWLINE
    (31) statement -> . FOR statement code_block END SEMICOLON
    (32) statement -> . FOR statement code_block END NEWLINE
    (33) statement -> . RETURN expr SEMICOLON
    (34) statement -> . RETURN expr NEWLINE
    (35) statement -> . FUNCTION statement code_block
    (36) statement -> . FUNCTION statement code_block END NEWLINE
    (49) expr -> . STRING
    (50) expr -> . NUMBER
    (51) expr -> . NAME
    (52) expr -> . expr CTRANSPOSE
    (53) expr -> . expr TRANSPOSE
    (54) expr -> . expr MPOWER expr
    (55) expr -> . expr POWER expr
    (56) expr -> . expr LDIVIDE expr
    (57) expr -> . expr RDIVIDE expr
    (58) expr -> . expr TIMES expr
    (59) expr -> . expr MLDIVIDE expr
    (60) expr -> . expr MRDIVIDE expr
    (61) expr -> . expr MTIMES expr
    (62) expr -> . expr MINUS expr
    (63) expr -> . expr PLUS expr
    (64) expr -> . expr NE expr
    (65) expr -> . expr EQ expr
    (66) expr -> . expr GE expr
    (67) expr -> . expr GT expr
    (68) expr -> . expr LE expr
    (69) expr -> . expr LT expr
    (70) expr -> . expr AND expr
    (71) expr -> . expr OR expr
    (72) expr -> . expr ANDAND expr
    (73) expr -> . expr OROR expr
    (74) expr -> . expr COLON expr
    (75) expr -> . NOT expr
    (76) expr -> . MINUS expr
    (77) expr -> . PLUS expr
    (78) expr -> . AT LPAREN args RPAREN expr
    (79) expr -> . expr DOT NAME
    (80) expr -> . expr ELLIPSIS NEWLINE
    (81) expr -> . LPAREN expr RPAREN
    (82) expr -> . expr ASSIGN expr
    (83) expr -> . LSQR matrx_rows matrx_elements RSQR
    (84) expr -> . LSQR matrx_elements RSQR
    (85) expr -> . LSQR RSQR
    (86) expr -> . LSQR matrx_rows RSQR
    (87) expr -> . LCURL matrx_rows matrx_elements RCURL
    (88) expr -> . LCURL matrx_elements RCURL
    (89) expr -> . LCURL RCURL
    (90) expr -> . LCURL matrx_rows RCURL
    (91) expr -> . expr LCURL args RCURL
    (92) expr -> . expr LPAREN args RPAREN
    (43) switch_block -> . SWITCH expr CASE expr code_block
    (44) switch_block -> . SWITCH expr CASE statement code_block
    (45) switch_block -> . SWITCH statement CASE expr code_block
    (46) switch_block -> . SWITCH statement CASE statement code_block
    (47) switch_block -> . switch_block CASE expr code_block
    (48) switch_block -> . switch_block CASE statement code_block
    (37) if_block -> . IF expr code_block
    (38) if_block -> . IF statement code_block
    (39) if_block -> . if_block ELSEIF expr code_block
    (40) if_block -> . if_block ELSEIF statement code_block
    (41) if_block -> . if_block ELSE SEMICOLON code_block
    (42) if_block -> . if_block ELSE NEWLINE code_block
    END             reduce using rule 37 (if_block -> IF expr code_block .)
    ELSEIF          reduce using rule 37 (if_block -> IF expr code_block .)
    ELSE            reduce using rule 37 (if_block -> IF expr code_block .)
    COMMAND         shift and go to state 3
    NEWLINE         shift and go to state 5
    SEMICOLON       shift and go to state 6
    TRY             shift and go to state 8
    WHILE           shift and go to state 9
    IF              shift and go to state 10
    BREAK           shift and go to state 12
    CONTINUE        shift and go to state 13
    FOR             shift and go to state 14
    RETURN          shift and go to state 15
    FUNCTION        shift and go to state 16
    STRING          shift and go to state 17
    NUMBER          shift and go to state 18
    NAME            shift and go to state 19
    NOT             shift and go to state 22
    MINUS           shift and go to state 20
    PLUS            shift and go to state 21
    AT              shift and go to state 23
    LPAREN          shift and go to state 24
    LSQR            shift and go to state 25
    LCURL           shift and go to state 26
    SWITCH          shift and go to state 27

    expr                           shift and go to state 4
    statement                      shift and go to state 28
    switch_block                   shift and go to state 7
    if_block                       shift and go to state 11

state 136

    (21) statement -> IF statement statement . END SEMICOLON
    (22) statement -> IF statement statement . END NEWLINE
    (23) statement -> IF statement statement . END
    (1) code_block -> statement .
    (2) code_block -> statement . code_block
    (1) code_block -> . statement
    (2) code_block -> . statement code_block
    (3) code_block -> . code_block statement
    (4) statement -> . COMMAND
    (5) statement -> . expr COMMA
    (6) statement -> . expr NEWLINE
    (7) statement -> . expr SEMICOLON
    (8) statement -> . NEWLINE
    (9) statement -> . SEMICOLON
    (10) statement -> . switch_block OTHERWISE NEWLINE code_block END SEMICOLON
    (11) statement -> . switch_block OTHERWISE SEMICOLON code_block END SEMICOLON
    (12) statement -> . switch_block OTHERWISE NEWLINE code_block END NEWLINE
    (13) statement -> . switch_block OTHERWISE SEMICOLON code_block END NEWLINE
    (14) statement -> . switch_block END NEWLINE
    (15) statement -> . TRY code_block CATCH statement code_block END NEWLINE
    (16) statement -> . WHILE expr code_block END NEWLINE
    (17) statement -> . WHILE statement code_block END NEWLINE
    (18) statement -> . IF expr statement END SEMICOLON
    (19) statement -> . IF expr statement END NEWLINE
    (20) statement -> . IF expr statement END
    (21) statement -> . IF statement statement END SEMICOLON
    (22) statement -> . IF statement statement END NEWLINE
    (23) statement -> . IF statement statement END
    (24) statement -> . if_block END SEMICOLON
    (25) statement -> . if_block END NEWLINE
    (26) statement -> . if_block END
    (27) statement -> . BREAK SEMICOLON
    (28) statement -> . CONTINUE SEMICOLON
    (29) statement -> . BREAK NEWLINE
    (30) statement -> . CONTINUE NEWLINE
    (31) statement -> . FOR statement code_block END SEMICOLON
    (32) statement -> . FOR statement code_block END NEWLINE
    (33) statement -> . RETURN expr SEMICOLON
    (34) statement -> . RETURN expr NEWLINE
    (35) statement -> . FUNCTION statement code_block
    (36) statement -> . FUNCTION statement code_block END NEWLINE
    (49) expr -> . STRING
    (50) expr -> . NUMBER
    (51) expr -> . NAME
    (52) expr -> . expr CTRANSPOSE
    (53) expr -> . expr TRANSPOSE
    (54) expr -> . expr MPOWER expr
    (55) expr -> . expr POWER expr
    (56) expr -> . expr LDIVIDE expr
    (57) expr -> . expr RDIVIDE expr
    (58) expr -> . expr TIMES expr
    (59) expr -> . expr MLDIVIDE expr
    (60) expr -> . expr MRDIVIDE expr
    (61) expr -> . expr MTIMES expr
    (62) expr -> . expr MINUS expr
    (63) expr -> . expr PLUS expr
    (64) expr -> . expr NE expr
    (65) expr -> . expr EQ expr
    (66) expr -> . expr GE expr
    (67) expr -> . expr GT expr
    (68) expr -> . expr LE expr
    (69) expr -> . expr LT expr
    (70) expr -> . expr AND expr
    (71) expr -> . expr OR expr
    (72) expr -> . expr ANDAND expr
    (73) expr -> . expr OROR expr
    (74) expr -> . expr COLON expr
    (75) expr -> . NOT expr
    (76) expr -> . MINUS expr
    (77) expr -> . PLUS expr
    (78) expr -> . AT LPAREN args RPAREN expr
    (79) expr -> . expr DOT NAME
    (80) expr -> . expr ELLIPSIS NEWLINE
    (81) expr -> . LPAREN expr RPAREN
    (82) expr -> . expr ASSIGN expr
    (83) expr -> . LSQR matrx_rows matrx_elements RSQR
    (84) expr -> . LSQR matrx_elements RSQR
    (85) expr -> . LSQR RSQR
    (86) expr -> . LSQR matrx_rows RSQR
    (87) expr -> . LCURL matrx_rows matrx_elements RCURL
    (88) expr -> . LCURL matrx_elements RCURL
    (89) expr -> . LCURL RCURL
    (90) expr -> . LCURL matrx_rows RCURL
    (91) expr -> . expr LCURL args RCURL
    (92) expr -> . expr LPAREN args RPAREN
    (43) switch_block -> . SWITCH expr CASE expr code_block
    (44) switch_block -> . SWITCH expr CASE statement code_block
    (45) switch_block -> . SWITCH statement CASE expr code_block
    (46) switch_block -> . SWITCH statement CASE statement code_block
    (47) switch_block -> . switch_block CASE expr code_block
    (48) switch_block -> . switch_block CASE statement code_block
    (37) if_block -> . IF expr code_block
    (38) if_block -> . IF statement code_block
    (39) if_block -> . if_block ELSEIF expr code_block
    (40) if_block -> . if_block ELSEIF statement code_block
    (41) if_block -> . if_block ELSE SEMICOLON code_block
    (42) if_block -> . if_block ELSE NEWLINE code_block
  ! shift/reduce conflict for END resolved as shift
  ! shift/reduce conflict for COMMAND resolved as shift
  ! shift/reduce conflict for NEWLINE resolved as shift
  ! shift/reduce conflict for SEMICOLON resolved as shift
  ! shift/reduce conflict for TRY resolved as shift
  ! shift/reduce conflict for WHILE resolved as shift
  ! shift/reduce conflict for IF resolved as shift
  ! shift/reduce conflict for BREAK resolved as shift
  ! shift/reduce conflict for CONTINUE resolved as shift
  ! shift/reduce conflict for FOR resolved as shift
  ! shift/reduce conflict for RETURN resolved as shift
  ! shift/reduce conflict for FUNCTION resolved as shift
  ! shift/reduce conflict for STRING resolved as shift
  ! shift/reduce conflict for NUMBER resolved as shift
  ! shift/reduce conflict for NAME resolved as shift
  ! shift/reduce conflict for NOT resolved as shift
  ! shift/reduce conflict for MINUS resolved as shift
  ! shift/reduce conflict for PLUS resolved as shift
  ! shift/reduce conflict for AT resolved as shift
  ! shift/reduce conflict for LPAREN resolved as shift
  ! shift/reduce conflict for LSQR resolved as shift
  ! shift/reduce conflict for LCURL resolved as shift
  ! shift/reduce conflict for SWITCH resolved as shift
    END             shift and go to state 177
    ELSEIF          reduce using rule 1 (code_block -> statement .)
    ELSE            reduce using rule 1 (code_block -> statement .)
    COMMAND         shift and go to state 3
    NEWLINE         shift and go to state 5
    SEMICOLON       shift and go to state 6
    TRY             shift and go to state 8
    WHILE           shift and go to state 9
    IF              shift and go to state 10
    BREAK           shift and go to state 12
    CONTINUE        shift and go to state 13
    FOR             shift and go to state 14
    RETURN          shift and go to state 15
    FUNCTION        shift and go to state 16
    STRING          shift and go to state 17
    NUMBER          shift and go to state 18
    NAME            shift and go to state 19
    NOT             shift and go to state 22
    MINUS           shift and go to state 20
    PLUS            shift and go to state 21
    AT              shift and go to state 23
    LPAREN          shift and go to state 24
    LSQR            shift and go to state 25
    LCURL           shift and go to state 26
    SWITCH          shift and go to state 27

    statement                      shift and go to state 2
    code_block                     shift and go to state 29
    expr                           shift and go to state 4
    switch_block                   shift and go to state 7
    if_block                       shift and go to state 11

state 137

    (38) if_block -> IF statement code_block .
    (3) code_block -> code_block . statement
    (4) statement -> . COMMAND
    (5) statement -> . expr COMMA
    (6) statement -> . expr NEWLINE
    (7) statement -> . expr SEMICOLON
    (8) statement -> . NEWLINE
    (9) statement -> . SEMICOLON
    (10) statement -> . switch_block OTHERWISE NEWLINE code_block END SEMICOLON
    (11) statement -> . switch_block OTHERWISE SEMICOLON code_block END SEMICOLON
    (12) statement -> . switch_block OTHERWISE NEWLINE code_block END NEWLINE
    (13) statement -> . switch_block OTHERWISE SEMICOLON code_block END NEWLINE
    (14) statement -> . switch_block END NEWLINE
    (15) statement -> . TRY code_block CATCH statement code_block END NEWLINE
    (16) statement -> . WHILE expr code_block END NEWLINE
    (17) statement -> . WHILE statement code_block END NEWLINE
    (18) statement -> . IF expr statement END SEMICOLON
    (19) statement -> . IF expr statement END NEWLINE
    (20) statement -> . IF expr statement END
    (21) statement -> . IF statement statement END SEMICOLON
    (22) statement -> . IF statement statement END NEWLINE
    (23) statement -> . IF statement statement END
    (24) statement -> . if_block END SEMICOLON
    (25) statement -> . if_block END NEWLINE
    (26) statement -> . if_block END
    (27) statement -> . BREAK SEMICOLON
    (28) statement -> . CONTINUE SEMICOLON
    (29) statement -> . BREAK NEWLINE
    (30) statement -> . CONTINUE NEWLINE
    (31) statement -> . FOR statement code_block END SEMICOLON
    (32) statement -> . FOR statement code_block END NEWLINE
    (33) statement -> . RETURN expr SEMICOLON
    (34) statement -> . RETURN expr NEWLINE
    (35) statement -> . FUNCTION statement code_block
    (36) statement -> . FUNCTION statement code_block END NEWLINE
    (49) expr -> . STRING
    (50) expr -> . NUMBER
    (51) expr -> . NAME
    (52) expr -> . expr CTRANSPOSE
    (53) expr -> . expr TRANSPOSE
    (54) expr -> . expr MPOWER expr
    (55) expr -> . expr POWER expr
    (56) expr -> . expr LDIVIDE expr
    (57) expr -> . expr RDIVIDE expr
    (58) expr -> . expr TIMES expr
    (59) expr -> . expr MLDIVIDE expr
    (60) expr -> . expr MRDIVIDE expr
    (61) expr -> . expr MTIMES expr
    (62) expr -> . expr MINUS expr
    (63) expr -> . expr PLUS expr
    (64) expr -> . expr NE expr
    (65) expr -> . expr EQ expr
    (66) expr -> . expr GE expr
    (67) expr -> . expr GT expr
    (68) expr -> . expr LE expr
    (69) expr -> . expr LT expr
    (70) expr -> . expr AND expr
    (71) expr -> . expr OR expr
    (72) expr -> . expr ANDAND expr
    (73) expr -> . expr OROR expr
    (74) expr -> . expr COLON expr
    (75) expr -> . NOT expr
    (76) expr -> . MINUS expr
    (77) expr -> . PLUS expr
    (78) expr -> . AT LPAREN args RPAREN expr
    (79) expr -> . expr DOT NAME
    (80) expr -> . expr ELLIPSIS NEWLINE
    (81) expr -> . LPAREN expr RPAREN
    (82) expr -> . expr ASSIGN expr
    (83) expr -> . LSQR matrx_rows matrx_elements RSQR
    (84) expr -> . LSQR matrx_elements RSQR
    (85) expr -> . LSQR RSQR
    (86) expr -> . LSQR matrx_rows RSQR
    (87) expr -> . LCURL matrx_rows matrx_elements RCURL
    (88) expr -> . LCURL matrx_elements RCURL
    (89) expr -> . LCURL RCURL
    (90) expr -> . LCURL matrx_rows RCURL
    (91) expr -> . expr LCURL args RCURL
    (92) expr -> . expr LPAREN args RPAREN
    (43) switch_block -> . SWITCH expr CASE expr code_block
    (44) switch_block -> . SWITCH expr CASE statement code_block
    (45) switch_block -> . SWITCH statement CASE expr code_block
    (46) switch_block -> . SWITCH statement CASE statement code_block
    (47) switch_block -> . switch_block CASE expr code_block
    (48) switch_block -> . switch_block CASE statement code_block
    (37) if_block -> . IF expr code_block
    (38) if_block -> . IF statement code_block
    (39) if_block -> . if_block ELSEIF expr code_block
    (40) if_block -> . if_block ELSEIF statement code_block
    (41) if_block -> . if_block ELSE SEMICOLON code_block
    (42) if_block -> . if_block ELSE NEWLINE code_block
    END             reduce using rule 38 (if_block -> IF statement code_block .)
    ELSEIF          reduce using rule 38 (if_block -> IF statement code_block .)
    ELSE            reduce using rule 38 (if_block -> IF statement code_block .)
    COMMAND         shift and go to state 3
    NEWLINE         shift and go to state 5
    SEMICOLON       shift and go to state 6
    TRY             shift and go to state 8
    WHILE           shift and go to state 9
    IF              shift and go to state 10
    BREAK           shift and go to state 12
    CONTINUE        shift and go to state 13
    FOR             shift and go to state 14
    RETURN          shift and go to state 15
    FUNCTION        shift and go to state 16
    STRING          shift and go to state 17
    NUMBER          shift and go to state 18
    NAME            shift and go to state 19
    NOT             shift and go to state 22
    MINUS           shift and go to state 20
    PLUS            shift and go to state 21
    AT              shift and go to state 23
    LPAREN          shift and go to state 24
    LSQR            shift and go to state 25
    LCURL           shift and go to state 26
    SWITCH          shift and go to state 27

    statement                      shift and go to state 28
    expr                           shift and go to state 4
    switch_block                   shift and go to state 7
    if_block                       shift and go to state 11

state 138

    (24) statement -> if_block END SEMICOLON .
    COMMAND         reduce using rule 24 (statement -> if_block END SEMICOLON .)
    NEWLINE         reduce using rule 24 (statement -> if_block END SEMICOLON .)
    SEMICOLON       reduce using rule 24 (statement -> if_block END SEMICOLON .)
    TRY             reduce using rule 24 (statement -> if_block END SEMICOLON .)
    WHILE           reduce using rule 24 (statement -> if_block END SEMICOLON .)
    IF              reduce using rule 24 (statement -> if_block END SEMICOLON .)
    BREAK           reduce using rule 24 (statement -> if_block END SEMICOLON .)
    CONTINUE        reduce using rule 24 (statement -> if_block END SEMICOLON .)
    FOR             reduce using rule 24 (statement -> if_block END SEMICOLON .)
    RETURN          reduce using rule 24 (statement -> if_block END SEMICOLON .)
    FUNCTION        reduce using rule 24 (statement -> if_block END SEMICOLON .)
    STRING          reduce using rule 24 (statement -> if_block END SEMICOLON .)
    NUMBER          reduce using rule 24 (statement -> if_block END SEMICOLON .)
    NAME            reduce using rule 24 (statement -> if_block END SEMICOLON .)
    NOT             reduce using rule 24 (statement -> if_block END SEMICOLON .)
    MINUS           reduce using rule 24 (statement -> if_block END SEMICOLON .)
    PLUS            reduce using rule 24 (statement -> if_block END SEMICOLON .)
    AT              reduce using rule 24 (statement -> if_block END SEMICOLON .)
    LPAREN          reduce using rule 24 (statement -> if_block END SEMICOLON .)
    LSQR            reduce using rule 24 (statement -> if_block END SEMICOLON .)
    LCURL           reduce using rule 24 (statement -> if_block END SEMICOLON .)
    SWITCH          reduce using rule 24 (statement -> if_block END SEMICOLON .)
    $end            reduce using rule 24 (statement -> if_block END SEMICOLON .)
    CATCH           reduce using rule 24 (statement -> if_block END SEMICOLON .)
    END             reduce using rule 24 (statement -> if_block END SEMICOLON .)
    CASE            reduce using rule 24 (statement -> if_block END SEMICOLON .)
    ELSEIF          reduce using rule 24 (statement -> if_block END SEMICOLON .)
    ELSE            reduce using rule 24 (statement -> if_block END SEMICOLON .)
    OTHERWISE       reduce using rule 24 (statement -> if_block END SEMICOLON .)


state 139

    (25) statement -> if_block END NEWLINE .
    COMMAND         reduce using rule 25 (statement -> if_block END NEWLINE .)
    NEWLINE         reduce using rule 25 (statement -> if_block END NEWLINE .)
    SEMICOLON       reduce using rule 25 (statement -> if_block END NEWLINE .)
    TRY             reduce using rule 25 (statement -> if_block END NEWLINE .)
    WHILE           reduce using rule 25 (statement -> if_block END NEWLINE .)
    IF              reduce using rule 25 (statement -> if_block END NEWLINE .)
    BREAK           reduce using rule 25 (statement -> if_block END NEWLINE .)
    CONTINUE        reduce using rule 25 (statement -> if_block END NEWLINE .)
    FOR             reduce using rule 25 (statement -> if_block END NEWLINE .)
    RETURN          reduce using rule 25 (statement -> if_block END NEWLINE .)
    FUNCTION        reduce using rule 25 (statement -> if_block END NEWLINE .)
    STRING          reduce using rule 25 (statement -> if_block END NEWLINE .)
    NUMBER          reduce using rule 25 (statement -> if_block END NEWLINE .)
    NAME            reduce using rule 25 (statement -> if_block END NEWLINE .)
    NOT             reduce using rule 25 (statement -> if_block END NEWLINE .)
    MINUS           reduce using rule 25 (statement -> if_block END NEWLINE .)
    PLUS            reduce using rule 25 (statement -> if_block END NEWLINE .)
    AT              reduce using rule 25 (statement -> if_block END NEWLINE .)
    LPAREN          reduce using rule 25 (statement -> if_block END NEWLINE .)
    LSQR            reduce using rule 25 (statement -> if_block END NEWLINE .)
    LCURL           reduce using rule 25 (statement -> if_block END NEWLINE .)
    SWITCH          reduce using rule 25 (statement -> if_block END NEWLINE .)
    $end            reduce using rule 25 (statement -> if_block END NEWLINE .)
    CATCH           reduce using rule 25 (statement -> if_block END NEWLINE .)
    END             reduce using rule 25 (statement -> if_block END NEWLINE .)
    CASE            reduce using rule 25 (statement -> if_block END NEWLINE .)
    ELSEIF          reduce using rule 25 (statement -> if_block END NEWLINE .)
    ELSE            reduce using rule 25 (statement -> if_block END NEWLINE .)
    OTHERWISE       reduce using rule 25 (statement -> if_block END NEWLINE .)


state 140

    (39) if_block -> if_block ELSEIF expr . code_block
    (52) expr -> expr . CTRANSPOSE
    (53) expr -> expr . TRANSPOSE
    (54) expr -> expr . MPOWER expr
    (55) expr -> expr . POWER expr
    (56) expr -> expr . LDIVIDE expr
    (57) expr -> expr . RDIVIDE expr
    (58) expr -> expr . TIMES expr
    (59) expr -> expr . MLDIVIDE expr
    (60) expr -> expr . MRDIVIDE expr
    (61) expr -> expr . MTIMES expr
    (62) expr -> expr . MINUS expr
    (63) expr -> expr . PLUS expr
    (64) expr -> expr . NE expr
    (65) expr -> expr . EQ expr
    (66) expr -> expr . GE expr
    (67) expr -> expr . GT expr
    (68) expr -> expr . LE expr
    (69) expr -> expr . LT expr
    (70) expr -> expr . AND expr
    (71) expr -> expr . OR expr
    (72) expr -> expr . ANDAND expr
    (73) expr -> expr . OROR expr
    (74) expr -> expr . COLON expr
    (79) expr -> expr . DOT NAME
    (80) expr -> expr . ELLIPSIS NEWLINE
    (82) expr -> expr . ASSIGN expr
    (91) expr -> expr . LCURL args RCURL
    (92) expr -> expr . LPAREN args RPAREN
    (5) statement -> expr . COMMA
    (6) statement -> expr . NEWLINE
    (7) statement -> expr . SEMICOLON
    (1) code_block -> . statement
    (2) code_block -> . statement code_block
    (3) code_block -> . code_block statement
    (4) statement -> . COMMAND
    (5) statement -> . expr COMMA
    (6) statement -> . expr NEWLINE
    (7) statement -> . expr SEMICOLON
    (8) statement -> . NEWLINE
    (9) statement -> . SEMICOLON
    (10) statement -> . switch_block OTHERWISE NEWLINE code_block END SEMICOLON
    (11) statement -> . switch_block OTHERWISE SEMICOLON code_block END SEMICOLON
    (12) statement -> . switch_block OTHERWISE NEWLINE code_block END NEWLINE
    (13) statement -> . switch_block OTHERWISE SEMICOLON code_block END NEWLINE
    (14) statement -> . switch_block END NEWLINE
    (15) statement -> . TRY code_block CATCH statement code_block END NEWLINE
    (16) statement -> . WHILE expr code_block END NEWLINE
    (17) statement -> . WHILE statement code_block END NEWLINE
    (18) statement -> . IF expr statement END SEMICOLON
    (19) statement -> . IF expr statement END NEWLINE
    (20) statement -> . IF expr statement END
    (21) statement -> . IF statement statement END SEMICOLON
    (22) statement -> . IF statement statement END NEWLINE
    (23) statement -> . IF statement statement END
    (24) statement -> . if_block END SEMICOLON
    (25) statement -> . if_block END NEWLINE
    (26) statement -> . if_block END
    (27) statement -> . BREAK SEMICOLON
    (28) statement -> . CONTINUE SEMICOLON
    (29) statement -> . BREAK NEWLINE
    (30) statement -> . CONTINUE NEWLINE
    (31) statement -> . FOR statement code_block END SEMICOLON
    (32) statement -> . FOR statement code_block END NEWLINE
    (33) statement -> . RETURN expr SEMICOLON
    (34) statement -> . RETURN expr NEWLINE
    (35) statement -> . FUNCTION statement code_block
    (36) statement -> . FUNCTION statement code_block END NEWLINE
    (49) expr -> . STRING
    (50) expr -> . NUMBER
    (51) expr -> . NAME
    (52) expr -> . expr CTRANSPOSE
    (53) expr -> . expr TRANSPOSE
    (54) expr -> . expr MPOWER expr
    (55) expr -> . expr POWER expr
    (56) expr -> . expr LDIVIDE expr
    (57) expr -> . expr RDIVIDE expr
    (58) expr -> . expr TIMES expr
    (59) expr -> . expr MLDIVIDE expr
    (60) expr -> . expr MRDIVIDE expr
    (61) expr -> . expr MTIMES expr
    (62) expr -> . expr MINUS expr
    (63) expr -> . expr PLUS expr
    (64) expr -> . expr NE expr
    (65) expr -> . expr EQ expr
    (66) expr -> . expr GE expr
    (67) expr -> . expr GT expr
    (68) expr -> . expr LE expr
    (69) expr -> . expr LT expr
    (70) expr -> . expr AND expr
    (71) expr -> . expr OR expr
    (72) expr -> . expr ANDAND expr
    (73) expr -> . expr OROR expr
    (74) expr -> . expr COLON expr
    (75) expr -> . NOT expr
    (76) expr -> . MINUS expr
    (77) expr -> . PLUS expr
    (78) expr -> . AT LPAREN args RPAREN expr
    (79) expr -> . expr DOT NAME
    (80) expr -> . expr ELLIPSIS NEWLINE
    (81) expr -> . LPAREN expr RPAREN
    (82) expr -> . expr ASSIGN expr
    (83) expr -> . LSQR matrx_rows matrx_elements RSQR
    (84) expr -> . LSQR matrx_elements RSQR
    (85) expr -> . LSQR RSQR
    (86) expr -> . LSQR matrx_rows RSQR
    (87) expr -> . LCURL matrx_rows matrx_elements RCURL
    (88) expr -> . LCURL matrx_elements RCURL
    (89) expr -> . LCURL RCURL
    (90) expr -> . LCURL matrx_rows RCURL
    (91) expr -> . expr LCURL args RCURL
    (92) expr -> . expr LPAREN args RPAREN
    (43) switch_block -> . SWITCH expr CASE expr code_block
    (44) switch_block -> . SWITCH expr CASE statement code_block
    (45) switch_block -> . SWITCH statement CASE expr code_block
    (46) switch_block -> . SWITCH statement CASE statement code_block
    (47) switch_block -> . switch_block CASE expr code_block
    (48) switch_block -> . switch_block CASE statement code_block
    (37) if_block -> . IF expr code_block
    (38) if_block -> . IF statement code_block
    (39) if_block -> . if_block ELSEIF expr code_block
    (40) if_block -> . if_block ELSEIF statement code_block
    (41) if_block -> . if_block ELSE SEMICOLON code_block
    (42) if_block -> . if_block ELSE NEWLINE code_block
    CTRANSPOSE      shift and go to state 33
    TRANSPOSE       shift and go to state 34
    MPOWER          shift and go to state 35
    POWER           shift and go to state 36
    LDIVIDE         shift and go to state 37
    RDIVIDE         shift and go to state 38
    TIMES           shift and go to state 39
    MLDIVIDE        shift and go to state 40
    MRDIVIDE        shift and go to state 41
    MTIMES          shift and go to state 42
    MINUS           shift and go to state 128
    PLUS            shift and go to state 129
    NE              shift and go to state 45
    EQ              shift and go to state 46
    GE              shift and go to state 47
    GT              shift and go to state 48
    LE              shift and go to state 49
    LT              shift and go to state 50
    AND             shift and go to state 51
    OR              shift and go to state 52
    ANDAND          shift and go to state 53
    OROR            shift and go to state 54
    COLON           shift and go to state 55
    DOT             shift and go to state 56
    ELLIPSIS        shift and go to state 57
    ASSIGN          shift and go to state 58
    LCURL           shift and go to state 130
    LPAREN          shift and go to state 131
    COMMA           shift and go to state 30
    NEWLINE         shift and go to state 127
    SEMICOLON       shift and go to state 132
    COMMAND         shift and go to state 3
    TRY             shift and go to state 8
    WHILE           shift and go to state 9
    IF              shift and go to state 10
    BREAK           shift and go to state 12
    CONTINUE        shift and go to state 13
    FOR             shift and go to state 14
    RETURN          shift and go to state 15
    FUNCTION        shift and go to state 16
    STRING          shift and go to state 17
    NUMBER          shift and go to state 18
    NAME            shift and go to state 19
    NOT             shift and go to state 22
    AT              shift and go to state 23
    LSQR            shift and go to state 25
    SWITCH          shift and go to state 27

    if_block                       shift and go to state 11
    expr                           shift and go to state 4
    code_block                     shift and go to state 178
    statement                      shift and go to state 2
    switch_block                   shift and go to state 7

state 141

    (40) if_block -> if_block ELSEIF statement . code_block
    (1) code_block -> . statement
    (2) code_block -> . statement code_block
    (3) code_block -> . code_block statement
    (4) statement -> . COMMAND
    (5) statement -> . expr COMMA
    (6) statement -> . expr NEWLINE
    (7) statement -> . expr SEMICOLON
    (8) statement -> . NEWLINE
    (9) statement -> . SEMICOLON
    (10) statement -> . switch_block OTHERWISE NEWLINE code_block END SEMICOLON
    (11) statement -> . switch_block OTHERWISE SEMICOLON code_block END SEMICOLON
    (12) statement -> . switch_block OTHERWISE NEWLINE code_block END NEWLINE
    (13) statement -> . switch_block OTHERWISE SEMICOLON code_block END NEWLINE
    (14) statement -> . switch_block END NEWLINE
    (15) statement -> . TRY code_block CATCH statement code_block END NEWLINE
    (16) statement -> . WHILE expr code_block END NEWLINE
    (17) statement -> . WHILE statement code_block END NEWLINE
    (18) statement -> . IF expr statement END SEMICOLON
    (19) statement -> . IF expr statement END NEWLINE
    (20) statement -> . IF expr statement END
    (21) statement -> . IF statement statement END SEMICOLON
    (22) statement -> . IF statement statement END NEWLINE
    (23) statement -> . IF statement statement END
    (24) statement -> . if_block END SEMICOLON
    (25) statement -> . if_block END NEWLINE
    (26) statement -> . if_block END
    (27) statement -> . BREAK SEMICOLON
    (28) statement -> . CONTINUE SEMICOLON
    (29) statement -> . BREAK NEWLINE
    (30) statement -> . CONTINUE NEWLINE
    (31) statement -> . FOR statement code_block END SEMICOLON
    (32) statement -> . FOR statement code_block END NEWLINE
    (33) statement -> . RETURN expr SEMICOLON
    (34) statement -> . RETURN expr NEWLINE
    (35) statement -> . FUNCTION statement code_block
    (36) statement -> . FUNCTION statement code_block END NEWLINE
    (49) expr -> . STRING
    (50) expr -> . NUMBER
    (51) expr -> . NAME
    (52) expr -> . expr CTRANSPOSE
    (53) expr -> . expr TRANSPOSE
    (54) expr -> . expr MPOWER expr
    (55) expr -> . expr POWER expr
    (56) expr -> . expr LDIVIDE expr
    (57) expr -> . expr RDIVIDE expr
    (58) expr -> . expr TIMES expr
    (59) expr -> . expr MLDIVIDE expr
    (60) expr -> . expr MRDIVIDE expr
    (61) expr -> . expr MTIMES expr
    (62) expr -> . expr MINUS expr
    (63) expr -> . expr PLUS expr
    (64) expr -> . expr NE expr
    (65) expr -> . expr EQ expr
    (66) expr -> . expr GE expr
    (67) expr -> . expr GT expr
    (68) expr -> . expr LE expr
    (69) expr -> . expr LT expr
    (70) expr -> . expr AND expr
    (71) expr -> . expr OR expr
    (72) expr -> . expr ANDAND expr
    (73) expr -> . expr OROR expr
    (74) expr -> . expr COLON expr
    (75) expr -> . NOT expr
    (76) expr -> . MINUS expr
    (77) expr -> . PLUS expr
    (78) expr -> . AT LPAREN args RPAREN expr
    (79) expr -> . expr DOT NAME
    (80) expr -> . expr ELLIPSIS NEWLINE
    (81) expr -> . LPAREN expr RPAREN
    (82) expr -> . expr ASSIGN expr
    (83) expr -> . LSQR matrx_rows matrx_elements RSQR
    (84) expr -> . LSQR matrx_elements RSQR
    (85) expr -> . LSQR RSQR
    (86) expr -> . LSQR matrx_rows RSQR
    (87) expr -> . LCURL matrx_rows matrx_elements RCURL
    (88) expr -> . LCURL matrx_elements RCURL
    (89) expr -> . LCURL RCURL
    (90) expr -> . LCURL matrx_rows RCURL
    (91) expr -> . expr LCURL args RCURL
    (92) expr -> . expr LPAREN args RPAREN
    (43) switch_block -> . SWITCH expr CASE expr code_block
    (44) switch_block -> . SWITCH expr CASE statement code_block
    (45) switch_block -> . SWITCH statement CASE expr code_block
    (46) switch_block -> . SWITCH statement CASE statement code_block
    (47) switch_block -> . switch_block CASE expr code_block
    (48) switch_block -> . switch_block CASE statement code_block
    (37) if_block -> . IF expr code_block
    (38) if_block -> . IF statement code_block
    (39) if_block -> . if_block ELSEIF expr code_block
    (40) if_block -> . if_block ELSEIF statement code_block
    (41) if_block -> . if_block ELSE SEMICOLON code_block
    (42) if_block -> . if_block ELSE NEWLINE code_block
    COMMAND         shift and go to state 3
    NEWLINE         shift and go to state 5
    SEMICOLON       shift and go to state 6
    TRY             shift and go to state 8
    WHILE           shift and go to state 9
    IF              shift and go to state 10
    BREAK           shift and go to state 12
    CONTINUE        shift and go to state 13
    FOR             shift and go to state 14
    RETURN          shift and go to state 15
    FUNCTION        shift and go to state 16
    STRING          shift and go to state 17
    NUMBER          shift and go to state 18
    NAME            shift and go to state 19
    NOT             shift and go to state 22
    MINUS           shift and go to state 20
    PLUS            shift and go to state 21
    AT              shift and go to state 23
    LPAREN          shift and go to state 24
    LSQR            shift and go to state 25
    LCURL           shift and go to state 26
    SWITCH          shift and go to state 27

    if_block                       shift and go to state 11
    statement                      shift and go to state 2
    code_block                     shift and go to state 179
    expr                           shift and go to state 4
    switch_block                   shift and go to state 7

state 142

    (41) if_block -> if_block ELSE SEMICOLON . code_block
    (1) code_block -> . statement
    (2) code_block -> . statement code_block
    (3) code_block -> . code_block statement
    (4) statement -> . COMMAND
    (5) statement -> . expr COMMA
    (6) statement -> . expr NEWLINE
    (7) statement -> . expr SEMICOLON
    (8) statement -> . NEWLINE
    (9) statement -> . SEMICOLON
    (10) statement -> . switch_block OTHERWISE NEWLINE code_block END SEMICOLON
    (11) statement -> . switch_block OTHERWISE SEMICOLON code_block END SEMICOLON
    (12) statement -> . switch_block OTHERWISE NEWLINE code_block END NEWLINE
    (13) statement -> . switch_block OTHERWISE SEMICOLON code_block END NEWLINE
    (14) statement -> . switch_block END NEWLINE
    (15) statement -> . TRY code_block CATCH statement code_block END NEWLINE
    (16) statement -> . WHILE expr code_block END NEWLINE
    (17) statement -> . WHILE statement code_block END NEWLINE
    (18) statement -> . IF expr statement END SEMICOLON
    (19) statement -> . IF expr statement END NEWLINE
    (20) statement -> . IF expr statement END
    (21) statement -> . IF statement statement END SEMICOLON
    (22) statement -> . IF statement statement END NEWLINE
    (23) statement -> . IF statement statement END
    (24) statement -> . if_block END SEMICOLON
    (25) statement -> . if_block END NEWLINE
    (26) statement -> . if_block END
    (27) statement -> . BREAK SEMICOLON
    (28) statement -> . CONTINUE SEMICOLON
    (29) statement -> . BREAK NEWLINE
    (30) statement -> . CONTINUE NEWLINE
    (31) statement -> . FOR statement code_block END SEMICOLON
    (32) statement -> . FOR statement code_block END NEWLINE
    (33) statement -> . RETURN expr SEMICOLON
    (34) statement -> . RETURN expr NEWLINE
    (35) statement -> . FUNCTION statement code_block
    (36) statement -> . FUNCTION statement code_block END NEWLINE
    (49) expr -> . STRING
    (50) expr -> . NUMBER
    (51) expr -> . NAME
    (52) expr -> . expr CTRANSPOSE
    (53) expr -> . expr TRANSPOSE
    (54) expr -> . expr MPOWER expr
    (55) expr -> . expr POWER expr
    (56) expr -> . expr LDIVIDE expr
    (57) expr -> . expr RDIVIDE expr
    (58) expr -> . expr TIMES expr
    (59) expr -> . expr MLDIVIDE expr
    (60) expr -> . expr MRDIVIDE expr
    (61) expr -> . expr MTIMES expr
    (62) expr -> . expr MINUS expr
    (63) expr -> . expr PLUS expr
    (64) expr -> . expr NE expr
    (65) expr -> . expr EQ expr
    (66) expr -> . expr GE expr
    (67) expr -> . expr GT expr
    (68) expr -> . expr LE expr
    (69) expr -> . expr LT expr
    (70) expr -> . expr AND expr
    (71) expr -> . expr OR expr
    (72) expr -> . expr ANDAND expr
    (73) expr -> . expr OROR expr
    (74) expr -> . expr COLON expr
    (75) expr -> . NOT expr
    (76) expr -> . MINUS expr
    (77) expr -> . PLUS expr
    (78) expr -> . AT LPAREN args RPAREN expr
    (79) expr -> . expr DOT NAME
    (80) expr -> . expr ELLIPSIS NEWLINE
    (81) expr -> . LPAREN expr RPAREN
    (82) expr -> . expr ASSIGN expr
    (83) expr -> . LSQR matrx_rows matrx_elements RSQR
    (84) expr -> . LSQR matrx_elements RSQR
    (85) expr -> . LSQR RSQR
    (86) expr -> . LSQR matrx_rows RSQR
    (87) expr -> . LCURL matrx_rows matrx_elements RCURL
    (88) expr -> . LCURL matrx_elements RCURL
    (89) expr -> . LCURL RCURL
    (90) expr -> . LCURL matrx_rows RCURL
    (91) expr -> . expr LCURL args RCURL
    (92) expr -> . expr LPAREN args RPAREN
    (43) switch_block -> . SWITCH expr CASE expr code_block
    (44) switch_block -> . SWITCH expr CASE statement code_block
    (45) switch_block -> . SWITCH statement CASE expr code_block
    (46) switch_block -> . SWITCH statement CASE statement code_block
    (47) switch_block -> . switch_block CASE expr code_block
    (48) switch_block -> . switch_block CASE statement code_block
    (37) if_block -> . IF expr code_block
    (38) if_block -> . IF statement code_block
    (39) if_block -> . if_block ELSEIF expr code_block
    (40) if_block -> . if_block ELSEIF statement code_block
    (41) if_block -> . if_block ELSE SEMICOLON code_block
    (42) if_block -> . if_block ELSE NEWLINE code_block
    COMMAND         shift and go to state 3
    NEWLINE         shift and go to state 5
    SEMICOLON       shift and go to state 6
    TRY             shift and go to state 8
    WHILE           shift and go to state 9
    IF              shift and go to state 10
    BREAK           shift and go to state 12
    CONTINUE        shift and go to state 13
    FOR             shift and go to state 14
    RETURN          shift and go to state 15
    FUNCTION        shift and go to state 16
    STRING          shift and go to state 17
    NUMBER          shift and go to state 18
    NAME            shift and go to state 19
    NOT             shift and go to state 22
    MINUS           shift and go to state 20
    PLUS            shift and go to state 21
    AT              shift and go to state 23
    LPAREN          shift and go to state 24
    LSQR            shift and go to state 25
    LCURL           shift and go to state 26
    SWITCH          shift and go to state 27

    if_block                       shift and go to state 11
    code_block                     shift and go to state 180
    statement                      shift and go to state 2
    expr                           shift and go to state 4
    switch_block                   shift and go to state 7

state 143

    (42) if_block -> if_block ELSE NEWLINE . code_block
    (1) code_block -> . statement
    (2) code_block -> . statement code_block
    (3) code_block -> . code_block statement
    (4) statement -> . COMMAND
    (5) statement -> . expr COMMA
    (6) statement -> . expr NEWLINE
    (7) statement -> . expr SEMICOLON
    (8) statement -> . NEWLINE
    (9) statement -> . SEMICOLON
    (10) statement -> . switch_block OTHERWISE NEWLINE code_block END SEMICOLON
    (11) statement -> . switch_block OTHERWISE SEMICOLON code_block END SEMICOLON
    (12) statement -> . switch_block OTHERWISE NEWLINE code_block END NEWLINE
    (13) statement -> . switch_block OTHERWISE SEMICOLON code_block END NEWLINE
    (14) statement -> . switch_block END NEWLINE
    (15) statement -> . TRY code_block CATCH statement code_block END NEWLINE
    (16) statement -> . WHILE expr code_block END NEWLINE
    (17) statement -> . WHILE statement code_block END NEWLINE
    (18) statement -> . IF expr statement END SEMICOLON
    (19) statement -> . IF expr statement END NEWLINE
    (20) statement -> . IF expr statement END
    (21) statement -> . IF statement statement END SEMICOLON
    (22) statement -> . IF statement statement END NEWLINE
    (23) statement -> . IF statement statement END
    (24) statement -> . if_block END SEMICOLON
    (25) statement -> . if_block END NEWLINE
    (26) statement -> . if_block END
    (27) statement -> . BREAK SEMICOLON
    (28) statement -> . CONTINUE SEMICOLON
    (29) statement -> . BREAK NEWLINE
    (30) statement -> . CONTINUE NEWLINE
    (31) statement -> . FOR statement code_block END SEMICOLON
    (32) statement -> . FOR statement code_block END NEWLINE
    (33) statement -> . RETURN expr SEMICOLON
    (34) statement -> . RETURN expr NEWLINE
    (35) statement -> . FUNCTION statement code_block
    (36) statement -> . FUNCTION statement code_block END NEWLINE
    (49) expr -> . STRING
    (50) expr -> . NUMBER
    (51) expr -> . NAME
    (52) expr -> . expr CTRANSPOSE
    (53) expr -> . expr TRANSPOSE
    (54) expr -> . expr MPOWER expr
    (55) expr -> . expr POWER expr
    (56) expr -> . expr LDIVIDE expr
    (57) expr -> . expr RDIVIDE expr
    (58) expr -> . expr TIMES expr
    (59) expr -> . expr MLDIVIDE expr
    (60) expr -> . expr MRDIVIDE expr
    (61) expr -> . expr MTIMES expr
    (62) expr -> . expr MINUS expr
    (63) expr -> . expr PLUS expr
    (64) expr -> . expr NE expr
    (65) expr -> . expr EQ expr
    (66) expr -> . expr GE expr
    (67) expr -> . expr GT expr
    (68) expr -> . expr LE expr
    (69) expr -> . expr LT expr
    (70) expr -> . expr AND expr
    (71) expr -> . expr OR expr
    (72) expr -> . expr ANDAND expr
    (73) expr -> . expr OROR expr
    (74) expr -> . expr COLON expr
    (75) expr -> . NOT expr
    (76) expr -> . MINUS expr
    (77) expr -> . PLUS expr
    (78) expr -> . AT LPAREN args RPAREN expr
    (79) expr -> . expr DOT NAME
    (80) expr -> . expr ELLIPSIS NEWLINE
    (81) expr -> . LPAREN expr RPAREN
    (82) expr -> . expr ASSIGN expr
    (83) expr -> . LSQR matrx_rows matrx_elements RSQR
    (84) expr -> . LSQR matrx_elements RSQR
    (85) expr -> . LSQR RSQR
    (86) expr -> . LSQR matrx_rows RSQR
    (87) expr -> . LCURL matrx_rows matrx_elements RCURL
    (88) expr -> . LCURL matrx_elements RCURL
    (89) expr -> . LCURL RCURL
    (90) expr -> . LCURL matrx_rows RCURL
    (91) expr -> . expr LCURL args RCURL
    (92) expr -> . expr LPAREN args RPAREN
    (43) switch_block -> . SWITCH expr CASE expr code_block
    (44) switch_block -> . SWITCH expr CASE statement code_block
    (45) switch_block -> . SWITCH statement CASE expr code_block
    (46) switch_block -> . SWITCH statement CASE statement code_block
    (47) switch_block -> . switch_block CASE expr code_block
    (48) switch_block -> . switch_block CASE statement code_block
    (37) if_block -> . IF expr code_block
    (38) if_block -> . IF statement code_block
    (39) if_block -> . if_block ELSEIF expr code_block
    (40) if_block -> . if_block ELSEIF statement code_block
    (41) if_block -> . if_block ELSE SEMICOLON code_block
    (42) if_block -> . if_block ELSE NEWLINE code_block
    COMMAND         shift and go to state 3
    NEWLINE         shift and go to state 5
    SEMICOLON       shift and go to state 6
    TRY             shift and go to state 8
    WHILE           shift and go to state 9
    IF              shift and go to state 10
    BREAK           shift and go to state 12
    CONTINUE        shift and go to state 13
    FOR             shift and go to state 14
    RETURN          shift and go to state 15
    FUNCTION        shift and go to state 16
    STRING          shift and go to state 17
    NUMBER          shift and go to state 18
    NAME            shift and go to state 19
    NOT             shift and go to state 22
    MINUS           shift and go to state 20
    PLUS            shift and go to state 21
    AT              shift and go to state 23
    LPAREN          shift and go to state 24
    LSQR            shift and go to state 25
    LCURL           shift and go to state 26
    SWITCH          shift and go to state 27

    if_block                       shift and go to state 11
    code_block                     shift and go to state 181
    statement                      shift and go to state 2
    expr                           shift and go to state 4
    switch_block                   shift and go to state 7

state 144

    (31) statement -> FOR statement code_block . END SEMICOLON
    (32) statement -> FOR statement code_block . END NEWLINE
    (3) code_block -> code_block . statement
    (4) statement -> . COMMAND
    (5) statement -> . expr COMMA
    (6) statement -> . expr NEWLINE
    (7) statement -> . expr SEMICOLON
    (8) statement -> . NEWLINE
    (9) statement -> . SEMICOLON
    (10) statement -> . switch_block OTHERWISE NEWLINE code_block END SEMICOLON
    (11) statement -> . switch_block OTHERWISE SEMICOLON code_block END SEMICOLON
    (12) statement -> . switch_block OTHERWISE NEWLINE code_block END NEWLINE
    (13) statement -> . switch_block OTHERWISE SEMICOLON code_block END NEWLINE
    (14) statement -> . switch_block END NEWLINE
    (15) statement -> . TRY code_block CATCH statement code_block END NEWLINE
    (16) statement -> . WHILE expr code_block END NEWLINE
    (17) statement -> . WHILE statement code_block END NEWLINE
    (18) statement -> . IF expr statement END SEMICOLON
    (19) statement -> . IF expr statement END NEWLINE
    (20) statement -> . IF expr statement END
    (21) statement -> . IF statement statement END SEMICOLON
    (22) statement -> . IF statement statement END NEWLINE
    (23) statement -> . IF statement statement END
    (24) statement -> . if_block END SEMICOLON
    (25) statement -> . if_block END NEWLINE
    (26) statement -> . if_block END
    (27) statement -> . BREAK SEMICOLON
    (28) statement -> . CONTINUE SEMICOLON
    (29) statement -> . BREAK NEWLINE
    (30) statement -> . CONTINUE NEWLINE
    (31) statement -> . FOR statement code_block END SEMICOLON
    (32) statement -> . FOR statement code_block END NEWLINE
    (33) statement -> . RETURN expr SEMICOLON
    (34) statement -> . RETURN expr NEWLINE
    (35) statement -> . FUNCTION statement code_block
    (36) statement -> . FUNCTION statement code_block END NEWLINE
    (49) expr -> . STRING
    (50) expr -> . NUMBER
    (51) expr -> . NAME
    (52) expr -> . expr CTRANSPOSE
    (53) expr -> . expr TRANSPOSE
    (54) expr -> . expr MPOWER expr
    (55) expr -> . expr POWER expr
    (56) expr -> . expr LDIVIDE expr
    (57) expr -> . expr RDIVIDE expr
    (58) expr -> . expr TIMES expr
    (59) expr -> . expr MLDIVIDE expr
    (60) expr -> . expr MRDIVIDE expr
    (61) expr -> . expr MTIMES expr
    (62) expr -> . expr MINUS expr
    (63) expr -> . expr PLUS expr
    (64) expr -> . expr NE expr
    (65) expr -> . expr EQ expr
    (66) expr -> . expr GE expr
    (67) expr -> . expr GT expr
    (68) expr -> . expr LE expr
    (69) expr -> . expr LT expr
    (70) expr -> . expr AND expr
    (71) expr -> . expr OR expr
    (72) expr -> . expr ANDAND expr
    (73) expr -> . expr OROR expr
    (74) expr -> . expr COLON expr
    (75) expr -> . NOT expr
    (76) expr -> . MINUS expr
    (77) expr -> . PLUS expr
    (78) expr -> . AT LPAREN args RPAREN expr
    (79) expr -> . expr DOT NAME
    (80) expr -> . expr ELLIPSIS NEWLINE
    (81) expr -> . LPAREN expr RPAREN
    (82) expr -> . expr ASSIGN expr
    (83) expr -> . LSQR matrx_rows matrx_elements RSQR
    (84) expr -> . LSQR matrx_elements RSQR
    (85) expr -> . LSQR RSQR
    (86) expr -> . LSQR matrx_rows RSQR
    (87) expr -> . LCURL matrx_rows matrx_elements RCURL
    (88) expr -> . LCURL matrx_elements RCURL
    (89) expr -> . LCURL RCURL
    (90) expr -> . LCURL matrx_rows RCURL
    (91) expr -> . expr LCURL args RCURL
    (92) expr -> . expr LPAREN args RPAREN
    (43) switch_block -> . SWITCH expr CASE expr code_block
    (44) switch_block -> . SWITCH expr CASE statement code_block
    (45) switch_block -> . SWITCH statement CASE expr code_block
    (46) switch_block -> . SWITCH statement CASE statement code_block
    (47) switch_block -> . switch_block CASE expr code_block
    (48) switch_block -> . switch_block CASE statement code_block
    (37) if_block -> . IF expr code_block
    (38) if_block -> . IF statement code_block
    (39) if_block -> . if_block ELSEIF expr code_block
    (40) if_block -> . if_block ELSEIF statement code_block
    (41) if_block -> . if_block ELSE SEMICOLON code_block
    (42) if_block -> . if_block ELSE NEWLINE code_block
    END             shift and go to state 182
    COMMAND         shift and go to state 3
    NEWLINE         shift and go to state 5
    SEMICOLON       shift and go to state 6
    TRY             shift and go to state 8
    WHILE           shift and go to state 9
    IF              shift and go to state 10
    BREAK           shift and go to state 12
    CONTINUE        shift and go to state 13
    FOR             shift and go to state 14
    RETURN          shift and go to state 15
    FUNCTION        shift and go to state 16
    STRING          shift and go to state 17
    NUMBER          shift and go to state 18
    NAME            shift and go to state 19
    NOT             shift and go to state 22
    MINUS           shift and go to state 20
    PLUS            shift and go to state 21
    AT              shift and go to state 23
    LPAREN          shift and go to state 24
    LSQR            shift and go to state 25
    LCURL           shift and go to state 26
    SWITCH          shift and go to state 27

    statement                      shift and go to state 28
    expr                           shift and go to state 4
    switch_block                   shift and go to state 7
    if_block                       shift and go to state 11

state 145

    (33) statement -> RETURN expr SEMICOLON .
    COMMAND         reduce using rule 33 (statement -> RETURN expr SEMICOLON .)
    NEWLINE         reduce using rule 33 (statement -> RETURN expr SEMICOLON .)
    SEMICOLON       reduce using rule 33 (statement -> RETURN expr SEMICOLON .)
    TRY             reduce using rule 33 (statement -> RETURN expr SEMICOLON .)
    WHILE           reduce using rule 33 (statement -> RETURN expr SEMICOLON .)
    IF              reduce using rule 33 (statement -> RETURN expr SEMICOLON .)
    BREAK           reduce using rule 33 (statement -> RETURN expr SEMICOLON .)
    CONTINUE        reduce using rule 33 (statement -> RETURN expr SEMICOLON .)
    FOR             reduce using rule 33 (statement -> RETURN expr SEMICOLON .)
    RETURN          reduce using rule 33 (statement -> RETURN expr SEMICOLON .)
    FUNCTION        reduce using rule 33 (statement -> RETURN expr SEMICOLON .)
    STRING          reduce using rule 33 (statement -> RETURN expr SEMICOLON .)
    NUMBER          reduce using rule 33 (statement -> RETURN expr SEMICOLON .)
    NAME            reduce using rule 33 (statement -> RETURN expr SEMICOLON .)
    NOT             reduce using rule 33 (statement -> RETURN expr SEMICOLON .)
    MINUS           reduce using rule 33 (statement -> RETURN expr SEMICOLON .)
    PLUS            reduce using rule 33 (statement -> RETURN expr SEMICOLON .)
    AT              reduce using rule 33 (statement -> RETURN expr SEMICOLON .)
    LPAREN          reduce using rule 33 (statement -> RETURN expr SEMICOLON .)
    LSQR            reduce using rule 33 (statement -> RETURN expr SEMICOLON .)
    LCURL           reduce using rule 33 (statement -> RETURN expr SEMICOLON .)
    SWITCH          reduce using rule 33 (statement -> RETURN expr SEMICOLON .)
    $end            reduce using rule 33 (statement -> RETURN expr SEMICOLON .)
    CATCH           reduce using rule 33 (statement -> RETURN expr SEMICOLON .)
    END             reduce using rule 33 (statement -> RETURN expr SEMICOLON .)
    CASE            reduce using rule 33 (statement -> RETURN expr SEMICOLON .)
    ELSEIF          reduce using rule 33 (statement -> RETURN expr SEMICOLON .)
    ELSE            reduce using rule 33 (statement -> RETURN expr SEMICOLON .)
    OTHERWISE       reduce using rule 33 (statement -> RETURN expr SEMICOLON .)


state 146

    (34) statement -> RETURN expr NEWLINE .
    COMMAND         reduce using rule 34 (statement -> RETURN expr NEWLINE .)
    NEWLINE         reduce using rule 34 (statement -> RETURN expr NEWLINE .)
    SEMICOLON       reduce using rule 34 (statement -> RETURN expr NEWLINE .)
    TRY             reduce using rule 34 (statement -> RETURN expr NEWLINE .)
    WHILE           reduce using rule 34 (statement -> RETURN expr NEWLINE .)
    IF              reduce using rule 34 (statement -> RETURN expr NEWLINE .)
    BREAK           reduce using rule 34 (statement -> RETURN expr NEWLINE .)
    CONTINUE        reduce using rule 34 (statement -> RETURN expr NEWLINE .)
    FOR             reduce using rule 34 (statement -> RETURN expr NEWLINE .)
    RETURN          reduce using rule 34 (statement -> RETURN expr NEWLINE .)
    FUNCTION        reduce using rule 34 (statement -> RETURN expr NEWLINE .)
    STRING          reduce using rule 34 (statement -> RETURN expr NEWLINE .)
    NUMBER          reduce using rule 34 (statement -> RETURN expr NEWLINE .)
    NAME            reduce using rule 34 (statement -> RETURN expr NEWLINE .)
    NOT             reduce using rule 34 (statement -> RETURN expr NEWLINE .)
    MINUS           reduce using rule 34 (statement -> RETURN expr NEWLINE .)
    PLUS            reduce using rule 34 (statement -> RETURN expr NEWLINE .)
    AT              reduce using rule 34 (statement -> RETURN expr NEWLINE .)
    LPAREN          reduce using rule 34 (statement -> RETURN expr NEWLINE .)
    LSQR            reduce using rule 34 (statement -> RETURN expr NEWLINE .)
    LCURL           reduce using rule 34 (statement -> RETURN expr NEWLINE .)
    SWITCH          reduce using rule 34 (statement -> RETURN expr NEWLINE .)
    $end            reduce using rule 34 (statement -> RETURN expr NEWLINE .)
    CATCH           reduce using rule 34 (statement -> RETURN expr NEWLINE .)
    END             reduce using rule 34 (statement -> RETURN expr NEWLINE .)
    CASE            reduce using rule 34 (statement -> RETURN expr NEWLINE .)
    ELSEIF          reduce using rule 34 (statement -> RETURN expr NEWLINE .)
    ELSE            reduce using rule 34 (statement -> RETURN expr NEWLINE .)
    OTHERWISE       reduce using rule 34 (statement -> RETURN expr NEWLINE .)


state 147

    (35) statement -> FUNCTION statement code_block .
    (36) statement -> FUNCTION statement code_block . END NEWLINE
    (3) code_block -> code_block . statement
    (4) statement -> . COMMAND
    (5) statement -> . expr COMMA
    (6) statement -> . expr NEWLINE
    (7) statement -> . expr SEMICOLON
    (8) statement -> . NEWLINE
    (9) statement -> . SEMICOLON
    (10) statement -> . switch_block OTHERWISE NEWLINE code_block END SEMICOLON
    (11) statement -> . switch_block OTHERWISE SEMICOLON code_block END SEMICOLON
    (12) statement -> . switch_block OTHERWISE NEWLINE code_block END NEWLINE
    (13) statement -> . switch_block OTHERWISE SEMICOLON code_block END NEWLINE
    (14) statement -> . switch_block END NEWLINE
    (15) statement -> . TRY code_block CATCH statement code_block END NEWLINE
    (16) statement -> . WHILE expr code_block END NEWLINE
    (17) statement -> . WHILE statement code_block END NEWLINE
    (18) statement -> . IF expr statement END SEMICOLON
    (19) statement -> . IF expr statement END NEWLINE
    (20) statement -> . IF expr statement END
    (21) statement -> . IF statement statement END SEMICOLON
    (22) statement -> . IF statement statement END NEWLINE
    (23) statement -> . IF statement statement END
    (24) statement -> . if_block END SEMICOLON
    (25) statement -> . if_block END NEWLINE
    (26) statement -> . if_block END
    (27) statement -> . BREAK SEMICOLON
    (28) statement -> . CONTINUE SEMICOLON
    (29) statement -> . BREAK NEWLINE
    (30) statement -> . CONTINUE NEWLINE
    (31) statement -> . FOR statement code_block END SEMICOLON
    (32) statement -> . FOR statement code_block END NEWLINE
    (33) statement -> . RETURN expr SEMICOLON
    (34) statement -> . RETURN expr NEWLINE
    (35) statement -> . FUNCTION statement code_block
    (36) statement -> . FUNCTION statement code_block END NEWLINE
    (49) expr -> . STRING
    (50) expr -> . NUMBER
    (51) expr -> . NAME
    (52) expr -> . expr CTRANSPOSE
    (53) expr -> . expr TRANSPOSE
    (54) expr -> . expr MPOWER expr
    (55) expr -> . expr POWER expr
    (56) expr -> . expr LDIVIDE expr
    (57) expr -> . expr RDIVIDE expr
    (58) expr -> . expr TIMES expr
    (59) expr -> . expr MLDIVIDE expr
    (60) expr -> . expr MRDIVIDE expr
    (61) expr -> . expr MTIMES expr
    (62) expr -> . expr MINUS expr
    (63) expr -> . expr PLUS expr
    (64) expr -> . expr NE expr
    (65) expr -> . expr EQ expr
    (66) expr -> . expr GE expr
    (67) expr -> . expr GT expr
    (68) expr -> . expr LE expr
    (69) expr -> . expr LT expr
    (70) expr -> . expr AND expr
    (71) expr -> . expr OR expr
    (72) expr -> . expr ANDAND expr
    (73) expr -> . expr OROR expr
    (74) expr -> . expr COLON expr
    (75) expr -> . NOT expr
    (76) expr -> . MINUS expr
    (77) expr -> . PLUS expr
    (78) expr -> . AT LPAREN args RPAREN expr
    (79) expr -> . expr DOT NAME
    (80) expr -> . expr ELLIPSIS NEWLINE
    (81) expr -> . LPAREN expr RPAREN
    (82) expr -> . expr ASSIGN expr
    (83) expr -> . LSQR matrx_rows matrx_elements RSQR
    (84) expr -> . LSQR matrx_elements RSQR
    (85) expr -> . LSQR RSQR
    (86) expr -> . LSQR matrx_rows RSQR
    (87) expr -> . LCURL matrx_rows matrx_elements RCURL
    (88) expr -> . LCURL matrx_elements RCURL
    (89) expr -> . LCURL RCURL
    (90) expr -> . LCURL matrx_rows RCURL
    (91) expr -> . expr LCURL args RCURL
    (92) expr -> . expr LPAREN args RPAREN
    (43) switch_block -> . SWITCH expr CASE expr code_block
    (44) switch_block -> . SWITCH expr CASE statement code_block
    (45) switch_block -> . SWITCH statement CASE expr code_block
    (46) switch_block -> . SWITCH statement CASE statement code_block
    (47) switch_block -> . switch_block CASE expr code_block
    (48) switch_block -> . switch_block CASE statement code_block
    (37) if_block -> . IF expr code_block
    (38) if_block -> . IF statement code_block
    (39) if_block -> . if_block ELSEIF expr code_block
    (40) if_block -> . if_block ELSEIF statement code_block
    (41) if_block -> . if_block ELSE SEMICOLON code_block
    (42) if_block -> . if_block ELSE NEWLINE code_block
  ! shift/reduce conflict for END resolved as shift
  ! shift/reduce conflict for COMMAND resolved as shift
  ! shift/reduce conflict for NEWLINE resolved as shift
  ! shift/reduce conflict for SEMICOLON resolved as shift
  ! shift/reduce conflict for TRY resolved as shift
  ! shift/reduce conflict for WHILE resolved as shift
  ! shift/reduce conflict for IF resolved as shift
  ! shift/reduce conflict for BREAK resolved as shift
  ! shift/reduce conflict for CONTINUE resolved as shift
  ! shift/reduce conflict for FOR resolved as shift
  ! shift/reduce conflict for RETURN resolved as shift
  ! shift/reduce conflict for FUNCTION resolved as shift
  ! shift/reduce conflict for STRING resolved as shift
  ! shift/reduce conflict for NUMBER resolved as shift
  ! shift/reduce conflict for NAME resolved as shift
  ! shift/reduce conflict for NOT resolved as shift
  ! shift/reduce conflict for MINUS resolved as shift
  ! shift/reduce conflict for PLUS resolved as shift
  ! shift/reduce conflict for AT resolved as shift
  ! shift/reduce conflict for LPAREN resolved as shift
  ! shift/reduce conflict for LSQR resolved as shift
  ! shift/reduce conflict for LCURL resolved as shift
  ! shift/reduce conflict for SWITCH resolved as shift
    $end            reduce using rule 35 (statement -> FUNCTION statement code_block .)
    CATCH           reduce using rule 35 (statement -> FUNCTION statement code_block .)
    CASE            reduce using rule 35 (statement -> FUNCTION statement code_block .)
    ELSEIF          reduce using rule 35 (statement -> FUNCTION statement code_block .)
    ELSE            reduce using rule 35 (statement -> FUNCTION statement code_block .)
    OTHERWISE       reduce using rule 35 (statement -> FUNCTION statement code_block .)
    END             shift and go to state 183
    COMMAND         shift and go to state 3
    NEWLINE         shift and go to state 5
    SEMICOLON       shift and go to state 6
    TRY             shift and go to state 8
    WHILE           shift and go to state 9
    IF              shift and go to state 10
    BREAK           shift and go to state 12
    CONTINUE        shift and go to state 13
    FOR             shift and go to state 14
    RETURN          shift and go to state 15
    FUNCTION        shift and go to state 16
    STRING          shift and go to state 17
    NUMBER          shift and go to state 18
    NAME            shift and go to state 19
    NOT             shift and go to state 22
    MINUS           shift and go to state 20
    PLUS            shift and go to state 21
    AT              shift and go to state 23
    LPAREN          shift and go to state 24
    LSQR            shift and go to state 25
    LCURL           shift and go to state 26
    SWITCH          shift and go to state 27

    statement                      shift and go to state 28
    expr                           shift and go to state 4
    switch_block                   shift and go to state 7
    if_block                       shift and go to state 11

state 148

    (78) expr -> AT LPAREN args . RPAREN expr
    (95) args -> args . COMMA expr
    RPAREN          shift and go to state 184
    COMMA           shift and go to state 163


state 149

    (81) expr -> LPAREN expr RPAREN .
    COMMA           reduce using rule 81 (expr -> LPAREN expr RPAREN .)
    NEWLINE         reduce using rule 81 (expr -> LPAREN expr RPAREN .)
    SEMICOLON       reduce using rule 81 (expr -> LPAREN expr RPAREN .)
    CTRANSPOSE      reduce using rule 81 (expr -> LPAREN expr RPAREN .)
    TRANSPOSE       reduce using rule 81 (expr -> LPAREN expr RPAREN .)
    MPOWER          reduce using rule 81 (expr -> LPAREN expr RPAREN .)
    POWER           reduce using rule 81 (expr -> LPAREN expr RPAREN .)
    LDIVIDE         reduce using rule 81 (expr -> LPAREN expr RPAREN .)
    RDIVIDE         reduce using rule 81 (expr -> LPAREN expr RPAREN .)
    TIMES           reduce using rule 81 (expr -> LPAREN expr RPAREN .)
    MLDIVIDE        reduce using rule 81 (expr -> LPAREN expr RPAREN .)
    MRDIVIDE        reduce using rule 81 (expr -> LPAREN expr RPAREN .)
    MTIMES          reduce using rule 81 (expr -> LPAREN expr RPAREN .)
    MINUS           reduce using rule 81 (expr -> LPAREN expr RPAREN .)
    PLUS            reduce using rule 81 (expr -> LPAREN expr RPAREN .)
    NE              reduce using rule 81 (expr -> LPAREN expr RPAREN .)
    EQ              reduce using rule 81 (expr -> LPAREN expr RPAREN .)
    GE              reduce using rule 81 (expr -> LPAREN expr RPAREN .)
    GT              reduce using rule 81 (expr -> LPAREN expr RPAREN .)
    LE              reduce using rule 81 (expr -> LPAREN expr RPAREN .)
    LT              reduce using rule 81 (expr -> LPAREN expr RPAREN .)
    AND             reduce using rule 81 (expr -> LPAREN expr RPAREN .)
    OR              reduce using rule 81 (expr -> LPAREN expr RPAREN .)
    ANDAND          reduce using rule 81 (expr -> LPAREN expr RPAREN .)
    OROR            reduce using rule 81 (expr -> LPAREN expr RPAREN .)
    COLON           reduce using rule 81 (expr -> LPAREN expr RPAREN .)
    DOT             reduce using rule 81 (expr -> LPAREN expr RPAREN .)
    ELLIPSIS        reduce using rule 81 (expr -> LPAREN expr RPAREN .)
    ASSIGN          reduce using rule 81 (expr -> LPAREN expr RPAREN .)
    LCURL           reduce using rule 81 (expr -> LPAREN expr RPAREN .)
    LPAREN          reduce using rule 81 (expr -> LPAREN expr RPAREN .)
    COMMAND         reduce using rule 81 (expr -> LPAREN expr RPAREN .)
    TRY             reduce using rule 81 (expr -> LPAREN expr RPAREN .)
    WHILE           reduce using rule 81 (expr -> LPAREN expr RPAREN .)
    IF              reduce using rule 81 (expr -> LPAREN expr RPAREN .)
    BREAK           reduce using rule 81 (expr -> LPAREN expr RPAREN .)
    CONTINUE        reduce using rule 81 (expr -> LPAREN expr RPAREN .)
    FOR             reduce using rule 81 (expr -> LPAREN expr RPAREN .)
    RETURN          reduce using rule 81 (expr -> LPAREN expr RPAREN .)
    FUNCTION        reduce using rule 81 (expr -> LPAREN expr RPAREN .)
    STRING          reduce using rule 81 (expr -> LPAREN expr RPAREN .)
    NUMBER          reduce using rule 81 (expr -> LPAREN expr RPAREN .)
    NAME            reduce using rule 81 (expr -> LPAREN expr RPAREN .)
    NOT             reduce using rule 81 (expr -> LPAREN expr RPAREN .)
    AT              reduce using rule 81 (expr -> LPAREN expr RPAREN .)
    LSQR            reduce using rule 81 (expr -> LPAREN expr RPAREN .)
    SWITCH          reduce using rule 81 (expr -> LPAREN expr RPAREN .)
    RPAREN          reduce using rule 81 (expr -> LPAREN expr RPAREN .)
    RSQR            reduce using rule 81 (expr -> LPAREN expr RPAREN .)
    RCURL           reduce using rule 81 (expr -> LPAREN expr RPAREN .)
    CASE            reduce using rule 81 (expr -> LPAREN expr RPAREN .)


state 150

    (83) expr -> LSQR matrx_rows matrx_elements . RSQR
    (97) matrx_rows -> matrx_rows matrx_elements . SEMICOLON
    (99) matrx_elements -> matrx_elements . COMMA expr
    (100) matrx_elements -> matrx_elements . expr
    (49) expr -> . STRING
    (50) expr -> . NUMBER
    (51) expr -> . NAME
    (52) expr -> . expr CTRANSPOSE
    (53) expr -> . expr TRANSPOSE
    (54) expr -> . expr MPOWER expr
    (55) expr -> . expr POWER expr
    (56) expr -> . expr LDIVIDE expr
    (57) expr -> . expr RDIVIDE expr
    (58) expr -> . expr TIMES expr
    (59) expr -> . expr MLDIVIDE expr
    (60) expr -> . expr MRDIVIDE expr
    (61) expr -> . expr MTIMES expr
    (62) expr -> . expr MINUS expr
    (63) expr -> . expr PLUS expr
    (64) expr -> . expr NE expr
    (65) expr -> . expr EQ expr
    (66) expr -> . expr GE expr
    (67) expr -> . expr GT expr
    (68) expr -> . expr LE expr
    (69) expr -> . expr LT expr
    (70) expr -> . expr AND expr
    (71) expr -> . expr OR expr
    (72) expr -> . expr ANDAND expr
    (73) expr -> . expr OROR expr
    (74) expr -> . expr COLON expr
    (75) expr -> . NOT expr
    (76) expr -> . MINUS expr
    (77) expr -> . PLUS expr
    (78) expr -> . AT LPAREN args RPAREN expr
    (79) expr -> . expr DOT NAME
    (80) expr -> . expr ELLIPSIS NEWLINE
    (81) expr -> . LPAREN expr RPAREN
    (82) expr -> . expr ASSIGN expr
    (83) expr -> . LSQR matrx_rows matrx_elements RSQR
    (84) expr -> . LSQR matrx_elements RSQR
    (85) expr -> . LSQR RSQR
    (86) expr -> . LSQR matrx_rows RSQR
    (87) expr -> . LCURL matrx_rows matrx_elements RCURL
    (88) expr -> . LCURL matrx_elements RCURL
    (89) expr -> . LCURL RCURL
    (90) expr -> . LCURL matrx_rows RCURL
    (91) expr -> . expr LCURL args RCURL
    (92) expr -> . expr LPAREN args RPAREN
    RSQR            shift and go to state 185
    SEMICOLON       shift and go to state 186
    COMMA           shift and go to state 154
    STRING          shift and go to state 17
    NUMBER          shift and go to state 18
    NAME            shift and go to state 19
    NOT             shift and go to state 22
    MINUS           shift and go to state 20
    PLUS            shift and go to state 21
    AT              shift and go to state 23
    LPAREN          shift and go to state 24
    LSQR            shift and go to state 25
    LCURL           shift and go to state 26

    expr                           shift and go to state 155

state 151

    (86) expr -> LSQR matrx_rows RSQR .
    COMMA           reduce using rule 86 (expr -> LSQR matrx_rows RSQR .)
    NEWLINE         reduce using rule 86 (expr -> LSQR matrx_rows RSQR .)
    SEMICOLON       reduce using rule 86 (expr -> LSQR matrx_rows RSQR .)
    CTRANSPOSE      reduce using rule 86 (expr -> LSQR matrx_rows RSQR .)
    TRANSPOSE       reduce using rule 86 (expr -> LSQR matrx_rows RSQR .)
    MPOWER          reduce using rule 86 (expr -> LSQR matrx_rows RSQR .)
    POWER           reduce using rule 86 (expr -> LSQR matrx_rows RSQR .)
    LDIVIDE         reduce using rule 86 (expr -> LSQR matrx_rows RSQR .)
    RDIVIDE         reduce using rule 86 (expr -> LSQR matrx_rows RSQR .)
    TIMES           reduce using rule 86 (expr -> LSQR matrx_rows RSQR .)
    MLDIVIDE        reduce using rule 86 (expr -> LSQR matrx_rows RSQR .)
    MRDIVIDE        reduce using rule 86 (expr -> LSQR matrx_rows RSQR .)
    MTIMES          reduce using rule 86 (expr -> LSQR matrx_rows RSQR .)
    MINUS           reduce using rule 86 (expr -> LSQR matrx_rows RSQR .)
    PLUS            reduce using rule 86 (expr -> LSQR matrx_rows RSQR .)
    NE              reduce using rule 86 (expr -> LSQR matrx_rows RSQR .)
    EQ              reduce using rule 86 (expr -> LSQR matrx_rows RSQR .)
    GE              reduce using rule 86 (expr -> LSQR matrx_rows RSQR .)
    GT              reduce using rule 86 (expr -> LSQR matrx_rows RSQR .)
    LE              reduce using rule 86 (expr -> LSQR matrx_rows RSQR .)
    LT              reduce using rule 86 (expr -> LSQR matrx_rows RSQR .)
    AND             reduce using rule 86 (expr -> LSQR matrx_rows RSQR .)
    OR              reduce using rule 86 (expr -> LSQR matrx_rows RSQR .)
    ANDAND          reduce using rule 86 (expr -> LSQR matrx_rows RSQR .)
    OROR            reduce using rule 86 (expr -> LSQR matrx_rows RSQR .)
    COLON           reduce using rule 86 (expr -> LSQR matrx_rows RSQR .)
    DOT             reduce using rule 86 (expr -> LSQR matrx_rows RSQR .)
    ELLIPSIS        reduce using rule 86 (expr -> LSQR matrx_rows RSQR .)
    ASSIGN          reduce using rule 86 (expr -> LSQR matrx_rows RSQR .)
    LCURL           reduce using rule 86 (expr -> LSQR matrx_rows RSQR .)
    LPAREN          reduce using rule 86 (expr -> LSQR matrx_rows RSQR .)
    COMMAND         reduce using rule 86 (expr -> LSQR matrx_rows RSQR .)
    TRY             reduce using rule 86 (expr -> LSQR matrx_rows RSQR .)
    WHILE           reduce using rule 86 (expr -> LSQR matrx_rows RSQR .)
    IF              reduce using rule 86 (expr -> LSQR matrx_rows RSQR .)
    BREAK           reduce using rule 86 (expr -> LSQR matrx_rows RSQR .)
    CONTINUE        reduce using rule 86 (expr -> LSQR matrx_rows RSQR .)
    FOR             reduce using rule 86 (expr -> LSQR matrx_rows RSQR .)
    RETURN          reduce using rule 86 (expr -> LSQR matrx_rows RSQR .)
    FUNCTION        reduce using rule 86 (expr -> LSQR matrx_rows RSQR .)
    STRING          reduce using rule 86 (expr -> LSQR matrx_rows RSQR .)
    NUMBER          reduce using rule 86 (expr -> LSQR matrx_rows RSQR .)
    NAME            reduce using rule 86 (expr -> LSQR matrx_rows RSQR .)
    NOT             reduce using rule 86 (expr -> LSQR matrx_rows RSQR .)
    AT              reduce using rule 86 (expr -> LSQR matrx_rows RSQR .)
    LSQR            reduce using rule 86 (expr -> LSQR matrx_rows RSQR .)
    SWITCH          reduce using rule 86 (expr -> LSQR matrx_rows RSQR .)
    RPAREN          reduce using rule 86 (expr -> LSQR matrx_rows RSQR .)
    RSQR            reduce using rule 86 (expr -> LSQR matrx_rows RSQR .)
    RCURL           reduce using rule 86 (expr -> LSQR matrx_rows RSQR .)
    CASE            reduce using rule 86 (expr -> LSQR matrx_rows RSQR .)


state 152

    (84) expr -> LSQR matrx_elements RSQR .
    COMMA           reduce using rule 84 (expr -> LSQR matrx_elements RSQR .)
    NEWLINE         reduce using rule 84 (expr -> LSQR matrx_elements RSQR .)
    SEMICOLON       reduce using rule 84 (expr -> LSQR matrx_elements RSQR .)
    CTRANSPOSE      reduce using rule 84 (expr -> LSQR matrx_elements RSQR .)
    TRANSPOSE       reduce using rule 84 (expr -> LSQR matrx_elements RSQR .)
    MPOWER          reduce using rule 84 (expr -> LSQR matrx_elements RSQR .)
    POWER           reduce using rule 84 (expr -> LSQR matrx_elements RSQR .)
    LDIVIDE         reduce using rule 84 (expr -> LSQR matrx_elements RSQR .)
    RDIVIDE         reduce using rule 84 (expr -> LSQR matrx_elements RSQR .)
    TIMES           reduce using rule 84 (expr -> LSQR matrx_elements RSQR .)
    MLDIVIDE        reduce using rule 84 (expr -> LSQR matrx_elements RSQR .)
    MRDIVIDE        reduce using rule 84 (expr -> LSQR matrx_elements RSQR .)
    MTIMES          reduce using rule 84 (expr -> LSQR matrx_elements RSQR .)
    MINUS           reduce using rule 84 (expr -> LSQR matrx_elements RSQR .)
    PLUS            reduce using rule 84 (expr -> LSQR matrx_elements RSQR .)
    NE              reduce using rule 84 (expr -> LSQR matrx_elements RSQR .)
    EQ              reduce using rule 84 (expr -> LSQR matrx_elements RSQR .)
    GE              reduce using rule 84 (expr -> LSQR matrx_elements RSQR .)
    GT              reduce using rule 84 (expr -> LSQR matrx_elements RSQR .)
    LE              reduce using rule 84 (expr -> LSQR matrx_elements RSQR .)
    LT              reduce using rule 84 (expr -> LSQR matrx_elements RSQR .)
    AND             reduce using rule 84 (expr -> LSQR matrx_elements RSQR .)
    OR              reduce using rule 84 (expr -> LSQR matrx_elements RSQR .)
    ANDAND          reduce using rule 84 (expr -> LSQR matrx_elements RSQR .)
    OROR            reduce using rule 84 (expr -> LSQR matrx_elements RSQR .)
    COLON           reduce using rule 84 (expr -> LSQR matrx_elements RSQR .)
    DOT             reduce using rule 84 (expr -> LSQR matrx_elements RSQR .)
    ELLIPSIS        reduce using rule 84 (expr -> LSQR matrx_elements RSQR .)
    ASSIGN          reduce using rule 84 (expr -> LSQR matrx_elements RSQR .)
    LCURL           reduce using rule 84 (expr -> LSQR matrx_elements RSQR .)
    LPAREN          reduce using rule 84 (expr -> LSQR matrx_elements RSQR .)
    COMMAND         reduce using rule 84 (expr -> LSQR matrx_elements RSQR .)
    TRY             reduce using rule 84 (expr -> LSQR matrx_elements RSQR .)
    WHILE           reduce using rule 84 (expr -> LSQR matrx_elements RSQR .)
    IF              reduce using rule 84 (expr -> LSQR matrx_elements RSQR .)
    BREAK           reduce using rule 84 (expr -> LSQR matrx_elements RSQR .)
    CONTINUE        reduce using rule 84 (expr -> LSQR matrx_elements RSQR .)
    FOR             reduce using rule 84 (expr -> LSQR matrx_elements RSQR .)
    RETURN          reduce using rule 84 (expr -> LSQR matrx_elements RSQR .)
    FUNCTION        reduce using rule 84 (expr -> LSQR matrx_elements RSQR .)
    STRING          reduce using rule 84 (expr -> LSQR matrx_elements RSQR .)
    NUMBER          reduce using rule 84 (expr -> LSQR matrx_elements RSQR .)
    NAME            reduce using rule 84 (expr -> LSQR matrx_elements RSQR .)
    NOT             reduce using rule 84 (expr -> LSQR matrx_elements RSQR .)
    AT              reduce using rule 84 (expr -> LSQR matrx_elements RSQR .)
    LSQR            reduce using rule 84 (expr -> LSQR matrx_elements RSQR .)
    SWITCH          reduce using rule 84 (expr -> LSQR matrx_elements RSQR .)
    RPAREN          reduce using rule 84 (expr -> LSQR matrx_elements RSQR .)
    RSQR            reduce using rule 84 (expr -> LSQR matrx_elements RSQR .)
    RCURL           reduce using rule 84 (expr -> LSQR matrx_elements RSQR .)
    CASE            reduce using rule 84 (expr -> LSQR matrx_elements RSQR .)


state 153

    (96) matrx_rows -> matrx_elements SEMICOLON .
    RSQR            reduce using rule 96 (matrx_rows -> matrx_elements SEMICOLON .)
    STRING          reduce using rule 96 (matrx_rows -> matrx_elements SEMICOLON .)
    NUMBER          reduce using rule 96 (matrx_rows -> matrx_elements SEMICOLON .)
    NAME            reduce using rule 96 (matrx_rows -> matrx_elements SEMICOLON .)
    NOT             reduce using rule 96 (matrx_rows -> matrx_elements SEMICOLON .)
    MINUS           reduce using rule 96 (matrx_rows -> matrx_elements SEMICOLON .)
    PLUS            reduce using rule 96 (matrx_rows -> matrx_elements SEMICOLON .)
    AT              reduce using rule 96 (matrx_rows -> matrx_elements SEMICOLON .)
    LPAREN          reduce using rule 96 (matrx_rows -> matrx_elements SEMICOLON .)
    LSQR            reduce using rule 96 (matrx_rows -> matrx_elements SEMICOLON .)
    LCURL           reduce using rule 96 (matrx_rows -> matrx_elements SEMICOLON .)
    RCURL           reduce using rule 96 (matrx_rows -> matrx_elements SEMICOLON .)


state 154

    (99) matrx_elements -> matrx_elements COMMA . expr
    (49) expr -> . STRING
    (50) expr -> . NUMBER
    (51) expr -> . NAME
    (52) expr -> . expr CTRANSPOSE
    (53) expr -> . expr TRANSPOSE
    (54) expr -> . expr MPOWER expr
    (55) expr -> . expr POWER expr
    (56) expr -> . expr LDIVIDE expr
    (57) expr -> . expr RDIVIDE expr
    (58) expr -> . expr TIMES expr
    (59) expr -> . expr MLDIVIDE expr
    (60) expr -> . expr MRDIVIDE expr
    (61) expr -> . expr MTIMES expr
    (62) expr -> . expr MINUS expr
    (63) expr -> . expr PLUS expr
    (64) expr -> . expr NE expr
    (65) expr -> . expr EQ expr
    (66) expr -> . expr GE expr
    (67) expr -> . expr GT expr
    (68) expr -> . expr LE expr
    (69) expr -> . expr LT expr
    (70) expr -> . expr AND expr
    (71) expr -> . expr OR expr
    (72) expr -> . expr ANDAND expr
    (73) expr -> . expr OROR expr
    (74) expr -> . expr COLON expr
    (75) expr -> . NOT expr
    (76) expr -> . MINUS expr
    (77) expr -> . PLUS expr
    (78) expr -> . AT LPAREN args RPAREN expr
    (79) expr -> . expr DOT NAME
    (80) expr -> . expr ELLIPSIS NEWLINE
    (81) expr -> . LPAREN expr RPAREN
    (82) expr -> . expr ASSIGN expr
    (83) expr -> . LSQR matrx_rows matrx_elements RSQR
    (84) expr -> . LSQR matrx_elements RSQR
    (85) expr -> . LSQR RSQR
    (86) expr -> . LSQR matrx_rows RSQR
    (87) expr -> . LCURL matrx_rows matrx_elements RCURL
    (88) expr -> . LCURL matrx_elements RCURL
    (89) expr -> . LCURL RCURL
    (90) expr -> . LCURL matrx_rows RCURL
    (91) expr -> . expr LCURL args RCURL
    (92) expr -> . expr LPAREN args RPAREN
    STRING          shift and go to state 17
    NUMBER          shift and go to state 18
    NAME            shift and go to state 19
    NOT             shift and go to state 22
    MINUS           shift and go to state 20
    PLUS            shift and go to state 21
    AT              shift and go to state 23
    LPAREN          shift and go to state 24
    LSQR            shift and go to state 25
    LCURL           shift and go to state 26

    expr                           shift and go to state 187

state 155

    (100) matrx_elements -> matrx_elements expr .
    (52) expr -> expr . CTRANSPOSE
    (53) expr -> expr . TRANSPOSE
    (54) expr -> expr . MPOWER expr
    (55) expr -> expr . POWER expr
    (56) expr -> expr . LDIVIDE expr
    (57) expr -> expr . RDIVIDE expr
    (58) expr -> expr . TIMES expr
    (59) expr -> expr . MLDIVIDE expr
    (60) expr -> expr . MRDIVIDE expr
    (61) expr -> expr . MTIMES expr
    (62) expr -> expr . MINUS expr
    (63) expr -> expr . PLUS expr
    (64) expr -> expr . NE expr
    (65) expr -> expr . EQ expr
    (66) expr -> expr . GE expr
    (67) expr -> expr . GT expr
    (68) expr -> expr . LE expr
    (69) expr -> expr . LT expr
    (70) expr -> expr . AND expr
    (71) expr -> expr . OR expr
    (72) expr -> expr . ANDAND expr
    (73) expr -> expr . OROR expr
    (74) expr -> expr . COLON expr
    (79) expr -> expr . DOT NAME
    (80) expr -> expr . ELLIPSIS NEWLINE
    (82) expr -> expr . ASSIGN expr
    (91) expr -> expr . LCURL args RCURL
    (92) expr -> expr . LPAREN args RPAREN
  ! shift/reduce conflict for MINUS resolved as shift
  ! shift/reduce conflict for PLUS resolved as shift
  ! shift/reduce conflict for LCURL resolved as shift
  ! shift/reduce conflict for LPAREN resolved as shift
    RSQR            reduce using rule 100 (matrx_elements -> matrx_elements expr .)
    SEMICOLON       reduce using rule 100 (matrx_elements -> matrx_elements expr .)
    COMMA           reduce using rule 100 (matrx_elements -> matrx_elements expr .)
    STRING          reduce using rule 100 (matrx_elements -> matrx_elements expr .)
    NUMBER          reduce using rule 100 (matrx_elements -> matrx_elements expr .)
    NAME            reduce using rule 100 (matrx_elements -> matrx_elements expr .)
    NOT             reduce using rule 100 (matrx_elements -> matrx_elements expr .)
    AT              reduce using rule 100 (matrx_elements -> matrx_elements expr .)
    LSQR            reduce using rule 100 (matrx_elements -> matrx_elements expr .)
    RCURL           reduce using rule 100 (matrx_elements -> matrx_elements expr .)
    CTRANSPOSE      shift and go to state 33
    TRANSPOSE       shift and go to state 34
    MPOWER          shift and go to state 35
    POWER           shift and go to state 36
    LDIVIDE         shift and go to state 37
    RDIVIDE         shift and go to state 38
    TIMES           shift and go to state 39
    MLDIVIDE        shift and go to state 40
    MRDIVIDE        shift and go to state 41
    MTIMES          shift and go to state 42
    MINUS           shift and go to state 43
    PLUS            shift and go to state 44
    NE              shift and go to state 45
    EQ              shift and go to state 46
    GE              shift and go to state 47
    GT              shift and go to state 48
    LE              shift and go to state 49
    LT              shift and go to state 50
    AND             shift and go to state 51
    OR              shift and go to state 52
    ANDAND          shift and go to state 53
    OROR            shift and go to state 54
    COLON           shift and go to state 55
    DOT             shift and go to state 56
    ELLIPSIS        shift and go to state 57
    ASSIGN          shift and go to state 58
    LCURL           shift and go to state 59
    LPAREN          shift and go to state 60


state 156

    (87) expr -> LCURL matrx_rows matrx_elements . RCURL
    (97) matrx_rows -> matrx_rows matrx_elements . SEMICOLON
    (99) matrx_elements -> matrx_elements . COMMA expr
    (100) matrx_elements -> matrx_elements . expr
    (49) expr -> . STRING
    (50) expr -> . NUMBER
    (51) expr -> . NAME
    (52) expr -> . expr CTRANSPOSE
    (53) expr -> . expr TRANSPOSE
    (54) expr -> . expr MPOWER expr
    (55) expr -> . expr POWER expr
    (56) expr -> . expr LDIVIDE expr
    (57) expr -> . expr RDIVIDE expr
    (58) expr -> . expr TIMES expr
    (59) expr -> . expr MLDIVIDE expr
    (60) expr -> . expr MRDIVIDE expr
    (61) expr -> . expr MTIMES expr
    (62) expr -> . expr MINUS expr
    (63) expr -> . expr PLUS expr
    (64) expr -> . expr NE expr
    (65) expr -> . expr EQ expr
    (66) expr -> . expr GE expr
    (67) expr -> . expr GT expr
    (68) expr -> . expr LE expr
    (69) expr -> . expr LT expr
    (70) expr -> . expr AND expr
    (71) expr -> . expr OR expr
    (72) expr -> . expr ANDAND expr
    (73) expr -> . expr OROR expr
    (74) expr -> . expr COLON expr
    (75) expr -> . NOT expr
    (76) expr -> . MINUS expr
    (77) expr -> . PLUS expr
    (78) expr -> . AT LPAREN args RPAREN expr
    (79) expr -> . expr DOT NAME
    (80) expr -> . expr ELLIPSIS NEWLINE
    (81) expr -> . LPAREN expr RPAREN
    (82) expr -> . expr ASSIGN expr
    (83) expr -> . LSQR matrx_rows matrx_elements RSQR
    (84) expr -> . LSQR matrx_elements RSQR
    (85) expr -> . LSQR RSQR
    (86) expr -> . LSQR matrx_rows RSQR
    (87) expr -> . LCURL matrx_rows matrx_elements RCURL
    (88) expr -> . LCURL matrx_elements RCURL
    (89) expr -> . LCURL RCURL
    (90) expr -> . LCURL matrx_rows RCURL
    (91) expr -> . expr LCURL args RCURL
    (92) expr -> . expr LPAREN args RPAREN
    RCURL           shift and go to state 188
    SEMICOLON       shift and go to state 186
    COMMA           shift and go to state 154
    STRING          shift and go to state 17
    NUMBER          shift and go to state 18
    NAME            shift and go to state 19
    NOT             shift and go to state 22
    MINUS           shift and go to state 20
    PLUS            shift and go to state 21
    AT              shift and go to state 23
    LPAREN          shift and go to state 24
    LSQR            shift and go to state 25
    LCURL           shift and go to state 26

    expr                           shift and go to state 155

state 157

    (90) expr -> LCURL matrx_rows RCURL .
    COMMA           reduce using rule 90 (expr -> LCURL matrx_rows RCURL .)
    NEWLINE         reduce using rule 90 (expr -> LCURL matrx_rows RCURL .)
    SEMICOLON       reduce using rule 90 (expr -> LCURL matrx_rows RCURL .)
    CTRANSPOSE      reduce using rule 90 (expr -> LCURL matrx_rows RCURL .)
    TRANSPOSE       reduce using rule 90 (expr -> LCURL matrx_rows RCURL .)
    MPOWER          reduce using rule 90 (expr -> LCURL matrx_rows RCURL .)
    POWER           reduce using rule 90 (expr -> LCURL matrx_rows RCURL .)
    LDIVIDE         reduce using rule 90 (expr -> LCURL matrx_rows RCURL .)
    RDIVIDE         reduce using rule 90 (expr -> LCURL matrx_rows RCURL .)
    TIMES           reduce using rule 90 (expr -> LCURL matrx_rows RCURL .)
    MLDIVIDE        reduce using rule 90 (expr -> LCURL matrx_rows RCURL .)
    MRDIVIDE        reduce using rule 90 (expr -> LCURL matrx_rows RCURL .)
    MTIMES          reduce using rule 90 (expr -> LCURL matrx_rows RCURL .)
    MINUS           reduce using rule 90 (expr -> LCURL matrx_rows RCURL .)
    PLUS            reduce using rule 90 (expr -> LCURL matrx_rows RCURL .)
    NE              reduce using rule 90 (expr -> LCURL matrx_rows RCURL .)
    EQ              reduce using rule 90 (expr -> LCURL matrx_rows RCURL .)
    GE              reduce using rule 90 (expr -> LCURL matrx_rows RCURL .)
    GT              reduce using rule 90 (expr -> LCURL matrx_rows RCURL .)
    LE              reduce using rule 90 (expr -> LCURL matrx_rows RCURL .)
    LT              reduce using rule 90 (expr -> LCURL matrx_rows RCURL .)
    AND             reduce using rule 90 (expr -> LCURL matrx_rows RCURL .)
    OR              reduce using rule 90 (expr -> LCURL matrx_rows RCURL .)
    ANDAND          reduce using rule 90 (expr -> LCURL matrx_rows RCURL .)
    OROR            reduce using rule 90 (expr -> LCURL matrx_rows RCURL .)
    COLON           reduce using rule 90 (expr -> LCURL matrx_rows RCURL .)
    DOT             reduce using rule 90 (expr -> LCURL matrx_rows RCURL .)
    ELLIPSIS        reduce using rule 90 (expr -> LCURL matrx_rows RCURL .)
    ASSIGN          reduce using rule 90 (expr -> LCURL matrx_rows RCURL .)
    LCURL           reduce using rule 90 (expr -> LCURL matrx_rows RCURL .)
    LPAREN          reduce using rule 90 (expr -> LCURL matrx_rows RCURL .)
    COMMAND         reduce using rule 90 (expr -> LCURL matrx_rows RCURL .)
    TRY             reduce using rule 90 (expr -> LCURL matrx_rows RCURL .)
    WHILE           reduce using rule 90 (expr -> LCURL matrx_rows RCURL .)
    IF              reduce using rule 90 (expr -> LCURL matrx_rows RCURL .)
    BREAK           reduce using rule 90 (expr -> LCURL matrx_rows RCURL .)
    CONTINUE        reduce using rule 90 (expr -> LCURL matrx_rows RCURL .)
    FOR             reduce using rule 90 (expr -> LCURL matrx_rows RCURL .)
    RETURN          reduce using rule 90 (expr -> LCURL matrx_rows RCURL .)
    FUNCTION        reduce using rule 90 (expr -> LCURL matrx_rows RCURL .)
    STRING          reduce using rule 90 (expr -> LCURL matrx_rows RCURL .)
    NUMBER          reduce using rule 90 (expr -> LCURL matrx_rows RCURL .)
    NAME            reduce using rule 90 (expr -> LCURL matrx_rows RCURL .)
    NOT             reduce using rule 90 (expr -> LCURL matrx_rows RCURL .)
    AT              reduce using rule 90 (expr -> LCURL matrx_rows RCURL .)
    LSQR            reduce using rule 90 (expr -> LCURL matrx_rows RCURL .)
    SWITCH          reduce using rule 90 (expr -> LCURL matrx_rows RCURL .)
    RPAREN          reduce using rule 90 (expr -> LCURL matrx_rows RCURL .)
    RSQR            reduce using rule 90 (expr -> LCURL matrx_rows RCURL .)
    RCURL           reduce using rule 90 (expr -> LCURL matrx_rows RCURL .)
    CASE            reduce using rule 90 (expr -> LCURL matrx_rows RCURL .)


state 158

    (88) expr -> LCURL matrx_elements RCURL .
    COMMA           reduce using rule 88 (expr -> LCURL matrx_elements RCURL .)
    NEWLINE         reduce using rule 88 (expr -> LCURL matrx_elements RCURL .)
    SEMICOLON       reduce using rule 88 (expr -> LCURL matrx_elements RCURL .)
    CTRANSPOSE      reduce using rule 88 (expr -> LCURL matrx_elements RCURL .)
    TRANSPOSE       reduce using rule 88 (expr -> LCURL matrx_elements RCURL .)
    MPOWER          reduce using rule 88 (expr -> LCURL matrx_elements RCURL .)
    POWER           reduce using rule 88 (expr -> LCURL matrx_elements RCURL .)
    LDIVIDE         reduce using rule 88 (expr -> LCURL matrx_elements RCURL .)
    RDIVIDE         reduce using rule 88 (expr -> LCURL matrx_elements RCURL .)
    TIMES           reduce using rule 88 (expr -> LCURL matrx_elements RCURL .)
    MLDIVIDE        reduce using rule 88 (expr -> LCURL matrx_elements RCURL .)
    MRDIVIDE        reduce using rule 88 (expr -> LCURL matrx_elements RCURL .)
    MTIMES          reduce using rule 88 (expr -> LCURL matrx_elements RCURL .)
    MINUS           reduce using rule 88 (expr -> LCURL matrx_elements RCURL .)
    PLUS            reduce using rule 88 (expr -> LCURL matrx_elements RCURL .)
    NE              reduce using rule 88 (expr -> LCURL matrx_elements RCURL .)
    EQ              reduce using rule 88 (expr -> LCURL matrx_elements RCURL .)
    GE              reduce using rule 88 (expr -> LCURL matrx_elements RCURL .)
    GT              reduce using rule 88 (expr -> LCURL matrx_elements RCURL .)
    LE              reduce using rule 88 (expr -> LCURL matrx_elements RCURL .)
    LT              reduce using rule 88 (expr -> LCURL matrx_elements RCURL .)
    AND             reduce using rule 88 (expr -> LCURL matrx_elements RCURL .)
    OR              reduce using rule 88 (expr -> LCURL matrx_elements RCURL .)
    ANDAND          reduce using rule 88 (expr -> LCURL matrx_elements RCURL .)
    OROR            reduce using rule 88 (expr -> LCURL matrx_elements RCURL .)
    COLON           reduce using rule 88 (expr -> LCURL matrx_elements RCURL .)
    DOT             reduce using rule 88 (expr -> LCURL matrx_elements RCURL .)
    ELLIPSIS        reduce using rule 88 (expr -> LCURL matrx_elements RCURL .)
    ASSIGN          reduce using rule 88 (expr -> LCURL matrx_elements RCURL .)
    LCURL           reduce using rule 88 (expr -> LCURL matrx_elements RCURL .)
    LPAREN          reduce using rule 88 (expr -> LCURL matrx_elements RCURL .)
    COMMAND         reduce using rule 88 (expr -> LCURL matrx_elements RCURL .)
    TRY             reduce using rule 88 (expr -> LCURL matrx_elements RCURL .)
    WHILE           reduce using rule 88 (expr -> LCURL matrx_elements RCURL .)
    IF              reduce using rule 88 (expr -> LCURL matrx_elements RCURL .)
    BREAK           reduce using rule 88 (expr -> LCURL matrx_elements RCURL .)
    CONTINUE        reduce using rule 88 (expr -> LCURL matrx_elements RCURL .)
    FOR             reduce using rule 88 (expr -> LCURL matrx_elements RCURL .)
    RETURN          reduce using rule 88 (expr -> LCURL matrx_elements RCURL .)
    FUNCTION        reduce using rule 88 (expr -> LCURL matrx_elements RCURL .)
    STRING          reduce using rule 88 (expr -> LCURL matrx_elements RCURL .)
    NUMBER          reduce using rule 88 (expr -> LCURL matrx_elements RCURL .)
    NAME            reduce using rule 88 (expr -> LCURL matrx_elements RCURL .)
    NOT             reduce using rule 88 (expr -> LCURL matrx_elements RCURL .)
    AT              reduce using rule 88 (expr -> LCURL matrx_elements RCURL .)
    LSQR            reduce using rule 88 (expr -> LCURL matrx_elements RCURL .)
    SWITCH          reduce using rule 88 (expr -> LCURL matrx_elements RCURL .)
    RPAREN          reduce using rule 88 (expr -> LCURL matrx_elements RCURL .)
    RSQR            reduce using rule 88 (expr -> LCURL matrx_elements RCURL .)
    RCURL           reduce using rule 88 (expr -> LCURL matrx_elements RCURL .)
    CASE            reduce using rule 88 (expr -> LCURL matrx_elements RCURL .)


state 159

    (43) switch_block -> SWITCH expr CASE . expr code_block
    (44) switch_block -> SWITCH expr CASE . statement code_block
    (49) expr -> . STRING
    (50) expr -> . NUMBER
    (51) expr -> . NAME
    (52) expr -> . expr CTRANSPOSE
    (53) expr -> . expr TRANSPOSE
    (54) expr -> . expr MPOWER expr
    (55) expr -> . expr POWER expr
    (56) expr -> . expr LDIVIDE expr
    (57) expr -> . expr RDIVIDE expr
    (58) expr -> . expr TIMES expr
    (59) expr -> . expr MLDIVIDE expr
    (60) expr -> . expr MRDIVIDE expr
    (61) expr -> . expr MTIMES expr
    (62) expr -> . expr MINUS expr
    (63) expr -> . expr PLUS expr
    (64) expr -> . expr NE expr
    (65) expr -> . expr EQ expr
    (66) expr -> . expr GE expr
    (67) expr -> . expr GT expr
    (68) expr -> . expr LE expr
    (69) expr -> . expr LT expr
    (70) expr -> . expr AND expr
    (71) expr -> . expr OR expr
    (72) expr -> . expr ANDAND expr
    (73) expr -> . expr OROR expr
    (74) expr -> . expr COLON expr
    (75) expr -> . NOT expr
    (76) expr -> . MINUS expr
    (77) expr -> . PLUS expr
    (78) expr -> . AT LPAREN args RPAREN expr
    (79) expr -> . expr DOT NAME
    (80) expr -> . expr ELLIPSIS NEWLINE
    (81) expr -> . LPAREN expr RPAREN
    (82) expr -> . expr ASSIGN expr
    (83) expr -> . LSQR matrx_rows matrx_elements RSQR
    (84) expr -> . LSQR matrx_elements RSQR
    (85) expr -> . LSQR RSQR
    (86) expr -> . LSQR matrx_rows RSQR
    (87) expr -> . LCURL matrx_rows matrx_elements RCURL
    (88) expr -> . LCURL matrx_elements RCURL
    (89) expr -> . LCURL RCURL
    (90) expr -> . LCURL matrx_rows RCURL
    (91) expr -> . expr LCURL args RCURL
    (92) expr -> . expr LPAREN args RPAREN
    (4) statement -> . COMMAND
    (5) statement -> . expr COMMA
    (6) statement -> . expr NEWLINE
    (7) statement -> . expr SEMICOLON
    (8) statement -> . NEWLINE
    (9) statement -> . SEMICOLON
    (10) statement -> . switch_block OTHERWISE NEWLINE code_block END SEMICOLON
    (11) statement -> . switch_block OTHERWISE SEMICOLON code_block END SEMICOLON
    (12) statement -> . switch_block OTHERWISE NEWLINE code_block END NEWLINE
    (13) statement -> . switch_block OTHERWISE SEMICOLON code_block END NEWLINE
    (14) statement -> . switch_block END NEWLINE
    (15) statement -> . TRY code_block CATCH statement code_block END NEWLINE
    (16) statement -> . WHILE expr code_block END NEWLINE
    (17) statement -> . WHILE statement code_block END NEWLINE
    (18) statement -> . IF expr statement END SEMICOLON
    (19) statement -> . IF expr statement END NEWLINE
    (20) statement -> . IF expr statement END
    (21) statement -> . IF statement statement END SEMICOLON
    (22) statement -> . IF statement statement END NEWLINE
    (23) statement -> . IF statement statement END
    (24) statement -> . if_block END SEMICOLON
    (25) statement -> . if_block END NEWLINE
    (26) statement -> . if_block END
    (27) statement -> . BREAK SEMICOLON
    (28) statement -> . CONTINUE SEMICOLON
    (29) statement -> . BREAK NEWLINE
    (30) statement -> . CONTINUE NEWLINE
    (31) statement -> . FOR statement code_block END SEMICOLON
    (32) statement -> . FOR statement code_block END NEWLINE
    (33) statement -> . RETURN expr SEMICOLON
    (34) statement -> . RETURN expr NEWLINE
    (35) statement -> . FUNCTION statement code_block
    (36) statement -> . FUNCTION statement code_block END NEWLINE
    (43) switch_block -> . SWITCH expr CASE expr code_block
    (44) switch_block -> . SWITCH expr CASE statement code_block
    (45) switch_block -> . SWITCH statement CASE expr code_block
    (46) switch_block -> . SWITCH statement CASE statement code_block
    (47) switch_block -> . switch_block CASE expr code_block
    (48) switch_block -> . switch_block CASE statement code_block
    (37) if_block -> . IF expr code_block
    (38) if_block -> . IF statement code_block
    (39) if_block -> . if_block ELSEIF expr code_block
    (40) if_block -> . if_block ELSEIF statement code_block
    (41) if_block -> . if_block ELSE SEMICOLON code_block
    (42) if_block -> . if_block ELSE NEWLINE code_block
    STRING          shift and go to state 17
    NUMBER          shift and go to state 18
    NAME            shift and go to state 19
    NOT             shift and go to state 22
    MINUS           shift and go to state 20
    PLUS            shift and go to state 21
    AT              shift and go to state 23
    LPAREN          shift and go to state 24
    LSQR            shift and go to state 25
    LCURL           shift and go to state 26
    COMMAND         shift and go to state 3
    NEWLINE         shift and go to state 5
    SEMICOLON       shift and go to state 6
    TRY             shift and go to state 8
    WHILE           shift and go to state 9
    IF              shift and go to state 10
    BREAK           shift and go to state 12
    CONTINUE        shift and go to state 13
    FOR             shift and go to state 14
    RETURN          shift and go to state 15
    FUNCTION        shift and go to state 16
    SWITCH          shift and go to state 27

    expr                           shift and go to state 189
    statement                      shift and go to state 190
    switch_block                   shift and go to state 7
    if_block                       shift and go to state 11

state 160

    (45) switch_block -> SWITCH statement CASE . expr code_block
    (46) switch_block -> SWITCH statement CASE . statement code_block
    (49) expr -> . STRING
    (50) expr -> . NUMBER
    (51) expr -> . NAME
    (52) expr -> . expr CTRANSPOSE
    (53) expr -> . expr TRANSPOSE
    (54) expr -> . expr MPOWER expr
    (55) expr -> . expr POWER expr
    (56) expr -> . expr LDIVIDE expr
    (57) expr -> . expr RDIVIDE expr
    (58) expr -> . expr TIMES expr
    (59) expr -> . expr MLDIVIDE expr
    (60) expr -> . expr MRDIVIDE expr
    (61) expr -> . expr MTIMES expr
    (62) expr -> . expr MINUS expr
    (63) expr -> . expr PLUS expr
    (64) expr -> . expr NE expr
    (65) expr -> . expr EQ expr
    (66) expr -> . expr GE expr
    (67) expr -> . expr GT expr
    (68) expr -> . expr LE expr
    (69) expr -> . expr LT expr
    (70) expr -> . expr AND expr
    (71) expr -> . expr OR expr
    (72) expr -> . expr ANDAND expr
    (73) expr -> . expr OROR expr
    (74) expr -> . expr COLON expr
    (75) expr -> . NOT expr
    (76) expr -> . MINUS expr
    (77) expr -> . PLUS expr
    (78) expr -> . AT LPAREN args RPAREN expr
    (79) expr -> . expr DOT NAME
    (80) expr -> . expr ELLIPSIS NEWLINE
    (81) expr -> . LPAREN expr RPAREN
    (82) expr -> . expr ASSIGN expr
    (83) expr -> . LSQR matrx_rows matrx_elements RSQR
    (84) expr -> . LSQR matrx_elements RSQR
    (85) expr -> . LSQR RSQR
    (86) expr -> . LSQR matrx_rows RSQR
    (87) expr -> . LCURL matrx_rows matrx_elements RCURL
    (88) expr -> . LCURL matrx_elements RCURL
    (89) expr -> . LCURL RCURL
    (90) expr -> . LCURL matrx_rows RCURL
    (91) expr -> . expr LCURL args RCURL
    (92) expr -> . expr LPAREN args RPAREN
    (4) statement -> . COMMAND
    (5) statement -> . expr COMMA
    (6) statement -> . expr NEWLINE
    (7) statement -> . expr SEMICOLON
    (8) statement -> . NEWLINE
    (9) statement -> . SEMICOLON
    (10) statement -> . switch_block OTHERWISE NEWLINE code_block END SEMICOLON
    (11) statement -> . switch_block OTHERWISE SEMICOLON code_block END SEMICOLON
    (12) statement -> . switch_block OTHERWISE NEWLINE code_block END NEWLINE
    (13) statement -> . switch_block OTHERWISE SEMICOLON code_block END NEWLINE
    (14) statement -> . switch_block END NEWLINE
    (15) statement -> . TRY code_block CATCH statement code_block END NEWLINE
    (16) statement -> . WHILE expr code_block END NEWLINE
    (17) statement -> . WHILE statement code_block END NEWLINE
    (18) statement -> . IF expr statement END SEMICOLON
    (19) statement -> . IF expr statement END NEWLINE
    (20) statement -> . IF expr statement END
    (21) statement -> . IF statement statement END SEMICOLON
    (22) statement -> . IF statement statement END NEWLINE
    (23) statement -> . IF statement statement END
    (24) statement -> . if_block END SEMICOLON
    (25) statement -> . if_block END NEWLINE
    (26) statement -> . if_block END
    (27) statement -> . BREAK SEMICOLON
    (28) statement -> . CONTINUE SEMICOLON
    (29) statement -> . BREAK NEWLINE
    (30) statement -> . CONTINUE NEWLINE
    (31) statement -> . FOR statement code_block END SEMICOLON
    (32) statement -> . FOR statement code_block END NEWLINE
    (33) statement -> . RETURN expr SEMICOLON
    (34) statement -> . RETURN expr NEWLINE
    (35) statement -> . FUNCTION statement code_block
    (36) statement -> . FUNCTION statement code_block END NEWLINE
    (43) switch_block -> . SWITCH expr CASE expr code_block
    (44) switch_block -> . SWITCH expr CASE statement code_block
    (45) switch_block -> . SWITCH statement CASE expr code_block
    (46) switch_block -> . SWITCH statement CASE statement code_block
    (47) switch_block -> . switch_block CASE expr code_block
    (48) switch_block -> . switch_block CASE statement code_block
    (37) if_block -> . IF expr code_block
    (38) if_block -> . IF statement code_block
    (39) if_block -> . if_block ELSEIF expr code_block
    (40) if_block -> . if_block ELSEIF statement code_block
    (41) if_block -> . if_block ELSE SEMICOLON code_block
    (42) if_block -> . if_block ELSE NEWLINE code_block
    STRING          shift and go to state 17
    NUMBER          shift and go to state 18
    NAME            shift and go to state 19
    NOT             shift and go to state 22
    MINUS           shift and go to state 20
    PLUS            shift and go to state 21
    AT              shift and go to state 23
    LPAREN          shift and go to state 24
    LSQR            shift and go to state 25
    LCURL           shift and go to state 26
    COMMAND         shift and go to state 3
    NEWLINE         shift and go to state 5
    SEMICOLON       shift and go to state 6
    TRY             shift and go to state 8
    WHILE           shift and go to state 9
    IF              shift and go to state 10
    BREAK           shift and go to state 12
    CONTINUE        shift and go to state 13
    FOR             shift and go to state 14
    RETURN          shift and go to state 15
    FUNCTION        shift and go to state 16
    SWITCH          shift and go to state 27

    statement                      shift and go to state 191
    expr                           shift and go to state 192
    switch_block                   shift and go to state 7
    if_block                       shift and go to state 11

state 161

    (94) args -> expr COMMA . expr
    (49) expr -> . STRING
    (50) expr -> . NUMBER
    (51) expr -> . NAME
    (52) expr -> . expr CTRANSPOSE
    (53) expr -> . expr TRANSPOSE
    (54) expr -> . expr MPOWER expr
    (55) expr -> . expr POWER expr
    (56) expr -> . expr LDIVIDE expr
    (57) expr -> . expr RDIVIDE expr
    (58) expr -> . expr TIMES expr
    (59) expr -> . expr MLDIVIDE expr
    (60) expr -> . expr MRDIVIDE expr
    (61) expr -> . expr MTIMES expr
    (62) expr -> . expr MINUS expr
    (63) expr -> . expr PLUS expr
    (64) expr -> . expr NE expr
    (65) expr -> . expr EQ expr
    (66) expr -> . expr GE expr
    (67) expr -> . expr GT expr
    (68) expr -> . expr LE expr
    (69) expr -> . expr LT expr
    (70) expr -> . expr AND expr
    (71) expr -> . expr OR expr
    (72) expr -> . expr ANDAND expr
    (73) expr -> . expr OROR expr
    (74) expr -> . expr COLON expr
    (75) expr -> . NOT expr
    (76) expr -> . MINUS expr
    (77) expr -> . PLUS expr
    (78) expr -> . AT LPAREN args RPAREN expr
    (79) expr -> . expr DOT NAME
    (80) expr -> . expr ELLIPSIS NEWLINE
    (81) expr -> . LPAREN expr RPAREN
    (82) expr -> . expr ASSIGN expr
    (83) expr -> . LSQR matrx_rows matrx_elements RSQR
    (84) expr -> . LSQR matrx_elements RSQR
    (85) expr -> . LSQR RSQR
    (86) expr -> . LSQR matrx_rows RSQR
    (87) expr -> . LCURL matrx_rows matrx_elements RCURL
    (88) expr -> . LCURL matrx_elements RCURL
    (89) expr -> . LCURL RCURL
    (90) expr -> . LCURL matrx_rows RCURL
    (91) expr -> . expr LCURL args RCURL
    (92) expr -> . expr LPAREN args RPAREN
    STRING          shift and go to state 17
    NUMBER          shift and go to state 18
    NAME            shift and go to state 19
    NOT             shift and go to state 22
    MINUS           shift and go to state 20
    PLUS            shift and go to state 21
    AT              shift and go to state 23
    LPAREN          shift and go to state 24
    LSQR            shift and go to state 25
    LCURL           shift and go to state 26

    expr                           shift and go to state 193

state 162

    (91) expr -> expr LCURL args RCURL .
    COMMA           reduce using rule 91 (expr -> expr LCURL args RCURL .)
    NEWLINE         reduce using rule 91 (expr -> expr LCURL args RCURL .)
    SEMICOLON       reduce using rule 91 (expr -> expr LCURL args RCURL .)
    CTRANSPOSE      reduce using rule 91 (expr -> expr LCURL args RCURL .)
    TRANSPOSE       reduce using rule 91 (expr -> expr LCURL args RCURL .)
    MPOWER          reduce using rule 91 (expr -> expr LCURL args RCURL .)
    POWER           reduce using rule 91 (expr -> expr LCURL args RCURL .)
    LDIVIDE         reduce using rule 91 (expr -> expr LCURL args RCURL .)
    RDIVIDE         reduce using rule 91 (expr -> expr LCURL args RCURL .)
    TIMES           reduce using rule 91 (expr -> expr LCURL args RCURL .)
    MLDIVIDE        reduce using rule 91 (expr -> expr LCURL args RCURL .)
    MRDIVIDE        reduce using rule 91 (expr -> expr LCURL args RCURL .)
    MTIMES          reduce using rule 91 (expr -> expr LCURL args RCURL .)
    MINUS           reduce using rule 91 (expr -> expr LCURL args RCURL .)
    PLUS            reduce using rule 91 (expr -> expr LCURL args RCURL .)
    NE              reduce using rule 91 (expr -> expr LCURL args RCURL .)
    EQ              reduce using rule 91 (expr -> expr LCURL args RCURL .)
    GE              reduce using rule 91 (expr -> expr LCURL args RCURL .)
    GT              reduce using rule 91 (expr -> expr LCURL args RCURL .)
    LE              reduce using rule 91 (expr -> expr LCURL args RCURL .)
    LT              reduce using rule 91 (expr -> expr LCURL args RCURL .)
    AND             reduce using rule 91 (expr -> expr LCURL args RCURL .)
    OR              reduce using rule 91 (expr -> expr LCURL args RCURL .)
    ANDAND          reduce using rule 91 (expr -> expr LCURL args RCURL .)
    OROR            reduce using rule 91 (expr -> expr LCURL args RCURL .)
    COLON           reduce using rule 91 (expr -> expr LCURL args RCURL .)
    DOT             reduce using rule 91 (expr -> expr LCURL args RCURL .)
    ELLIPSIS        reduce using rule 91 (expr -> expr LCURL args RCURL .)
    ASSIGN          reduce using rule 91 (expr -> expr LCURL args RCURL .)
    LCURL           reduce using rule 91 (expr -> expr LCURL args RCURL .)
    LPAREN          reduce using rule 91 (expr -> expr LCURL args RCURL .)
    COMMAND         reduce using rule 91 (expr -> expr LCURL args RCURL .)
    TRY             reduce using rule 91 (expr -> expr LCURL args RCURL .)
    WHILE           reduce using rule 91 (expr -> expr LCURL args RCURL .)
    IF              reduce using rule 91 (expr -> expr LCURL args RCURL .)
    BREAK           reduce using rule 91 (expr -> expr LCURL args RCURL .)
    CONTINUE        reduce using rule 91 (expr -> expr LCURL args RCURL .)
    FOR             reduce using rule 91 (expr -> expr LCURL args RCURL .)
    RETURN          reduce using rule 91 (expr -> expr LCURL args RCURL .)
    FUNCTION        reduce using rule 91 (expr -> expr LCURL args RCURL .)
    STRING          reduce using rule 91 (expr -> expr LCURL args RCURL .)
    NUMBER          reduce using rule 91 (expr -> expr LCURL args RCURL .)
    NAME            reduce using rule 91 (expr -> expr LCURL args RCURL .)
    NOT             reduce using rule 91 (expr -> expr LCURL args RCURL .)
    AT              reduce using rule 91 (expr -> expr LCURL args RCURL .)
    LSQR            reduce using rule 91 (expr -> expr LCURL args RCURL .)
    SWITCH          reduce using rule 91 (expr -> expr LCURL args RCURL .)
    RPAREN          reduce using rule 91 (expr -> expr LCURL args RCURL .)
    RSQR            reduce using rule 91 (expr -> expr LCURL args RCURL .)
    RCURL           reduce using rule 91 (expr -> expr LCURL args RCURL .)
    CASE            reduce using rule 91 (expr -> expr LCURL args RCURL .)


state 163

    (95) args -> args COMMA . expr
    (49) expr -> . STRING
    (50) expr -> . NUMBER
    (51) expr -> . NAME
    (52) expr -> . expr CTRANSPOSE
    (53) expr -> . expr TRANSPOSE
    (54) expr -> . expr MPOWER expr
    (55) expr -> . expr POWER expr
    (56) expr -> . expr LDIVIDE expr
    (57) expr -> . expr RDIVIDE expr
    (58) expr -> . expr TIMES expr
    (59) expr -> . expr MLDIVIDE expr
    (60) expr -> . expr MRDIVIDE expr
    (61) expr -> . expr MTIMES expr
    (62) expr -> . expr MINUS expr
    (63) expr -> . expr PLUS expr
    (64) expr -> . expr NE expr
    (65) expr -> . expr EQ expr
    (66) expr -> . expr GE expr
    (67) expr -> . expr GT expr
    (68) expr -> . expr LE expr
    (69) expr -> . expr LT expr
    (70) expr -> . expr AND expr
    (71) expr -> . expr OR expr
    (72) expr -> . expr ANDAND expr
    (73) expr -> . expr OROR expr
    (74) expr -> . expr COLON expr
    (75) expr -> . NOT expr
    (76) expr -> . MINUS expr
    (77) expr -> . PLUS expr
    (78) expr -> . AT LPAREN args RPAREN expr
    (79) expr -> . expr DOT NAME
    (80) expr -> . expr ELLIPSIS NEWLINE
    (81) expr -> . LPAREN expr RPAREN
    (82) expr -> . expr ASSIGN expr
    (83) expr -> . LSQR matrx_rows matrx_elements RSQR
    (84) expr -> . LSQR matrx_elements RSQR
    (85) expr -> . LSQR RSQR
    (86) expr -> . LSQR matrx_rows RSQR
    (87) expr -> . LCURL matrx_rows matrx_elements RCURL
    (88) expr -> . LCURL matrx_elements RCURL
    (89) expr -> . LCURL RCURL
    (90) expr -> . LCURL matrx_rows RCURL
    (91) expr -> . expr LCURL args RCURL
    (92) expr -> . expr LPAREN args RPAREN
    STRING          shift and go to state 17
    NUMBER          shift and go to state 18
    NAME            shift and go to state 19
    NOT             shift and go to state 22
    MINUS           shift and go to state 20
    PLUS            shift and go to state 21
    AT              shift and go to state 23
    LPAREN          shift and go to state 24
    LSQR            shift and go to state 25
    LCURL           shift and go to state 26

    expr                           shift and go to state 194

state 164

    (92) expr -> expr LPAREN args RPAREN .
    COMMA           reduce using rule 92 (expr -> expr LPAREN args RPAREN .)
    NEWLINE         reduce using rule 92 (expr -> expr LPAREN args RPAREN .)
    SEMICOLON       reduce using rule 92 (expr -> expr LPAREN args RPAREN .)
    CTRANSPOSE      reduce using rule 92 (expr -> expr LPAREN args RPAREN .)
    TRANSPOSE       reduce using rule 92 (expr -> expr LPAREN args RPAREN .)
    MPOWER          reduce using rule 92 (expr -> expr LPAREN args RPAREN .)
    POWER           reduce using rule 92 (expr -> expr LPAREN args RPAREN .)
    LDIVIDE         reduce using rule 92 (expr -> expr LPAREN args RPAREN .)
    RDIVIDE         reduce using rule 92 (expr -> expr LPAREN args RPAREN .)
    TIMES           reduce using rule 92 (expr -> expr LPAREN args RPAREN .)
    MLDIVIDE        reduce using rule 92 (expr -> expr LPAREN args RPAREN .)
    MRDIVIDE        reduce using rule 92 (expr -> expr LPAREN args RPAREN .)
    MTIMES          reduce using rule 92 (expr -> expr LPAREN args RPAREN .)
    MINUS           reduce using rule 92 (expr -> expr LPAREN args RPAREN .)
    PLUS            reduce using rule 92 (expr -> expr LPAREN args RPAREN .)
    NE              reduce using rule 92 (expr -> expr LPAREN args RPAREN .)
    EQ              reduce using rule 92 (expr -> expr LPAREN args RPAREN .)
    GE              reduce using rule 92 (expr -> expr LPAREN args RPAREN .)
    GT              reduce using rule 92 (expr -> expr LPAREN args RPAREN .)
    LE              reduce using rule 92 (expr -> expr LPAREN args RPAREN .)
    LT              reduce using rule 92 (expr -> expr LPAREN args RPAREN .)
    AND             reduce using rule 92 (expr -> expr LPAREN args RPAREN .)
    OR              reduce using rule 92 (expr -> expr LPAREN args RPAREN .)
    ANDAND          reduce using rule 92 (expr -> expr LPAREN args RPAREN .)
    OROR            reduce using rule 92 (expr -> expr LPAREN args RPAREN .)
    COLON           reduce using rule 92 (expr -> expr LPAREN args RPAREN .)
    DOT             reduce using rule 92 (expr -> expr LPAREN args RPAREN .)
    ELLIPSIS        reduce using rule 92 (expr -> expr LPAREN args RPAREN .)
    ASSIGN          reduce using rule 92 (expr -> expr LPAREN args RPAREN .)
    LCURL           reduce using rule 92 (expr -> expr LPAREN args RPAREN .)
    LPAREN          reduce using rule 92 (expr -> expr LPAREN args RPAREN .)
    COMMAND         reduce using rule 92 (expr -> expr LPAREN args RPAREN .)
    TRY             reduce using rule 92 (expr -> expr LPAREN args RPAREN .)
    WHILE           reduce using rule 92 (expr -> expr LPAREN args RPAREN .)
    IF              reduce using rule 92 (expr -> expr LPAREN args RPAREN .)
    BREAK           reduce using rule 92 (expr -> expr LPAREN args RPAREN .)
    CONTINUE        reduce using rule 92 (expr -> expr LPAREN args RPAREN .)
    FOR             reduce using rule 92 (expr -> expr LPAREN args RPAREN .)
    RETURN          reduce using rule 92 (expr -> expr LPAREN args RPAREN .)
    FUNCTION        reduce using rule 92 (expr -> expr LPAREN args RPAREN .)
    STRING          reduce using rule 92 (expr -> expr LPAREN args RPAREN .)
    NUMBER          reduce using rule 92 (expr -> expr LPAREN args RPAREN .)
    NAME            reduce using rule 92 (expr -> expr LPAREN args RPAREN .)
    NOT             reduce using rule 92 (expr -> expr LPAREN args RPAREN .)
    AT              reduce using rule 92 (expr -> expr LPAREN args RPAREN .)
    LSQR            reduce using rule 92 (expr -> expr LPAREN args RPAREN .)
    SWITCH          reduce using rule 92 (expr -> expr LPAREN args RPAREN .)
    RPAREN          reduce using rule 92 (expr -> expr LPAREN args RPAREN .)
    RSQR            reduce using rule 92 (expr -> expr LPAREN args RPAREN .)
    RCURL           reduce using rule 92 (expr -> expr LPAREN args RPAREN .)
    CASE            reduce using rule 92 (expr -> expr LPAREN args RPAREN .)


state 165

    (10) statement -> switch_block OTHERWISE NEWLINE code_block . END SEMICOLON
    (12) statement -> switch_block OTHERWISE NEWLINE code_block . END NEWLINE
    (3) code_block -> code_block . statement
    (4) statement -> . COMMAND
    (5) statement -> . expr COMMA
    (6) statement -> . expr NEWLINE
    (7) statement -> . expr SEMICOLON
    (8) statement -> . NEWLINE
    (9) statement -> . SEMICOLON
    (10) statement -> . switch_block OTHERWISE NEWLINE code_block END SEMICOLON
    (11) statement -> . switch_block OTHERWISE SEMICOLON code_block END SEMICOLON
    (12) statement -> . switch_block OTHERWISE NEWLINE code_block END NEWLINE
    (13) statement -> . switch_block OTHERWISE SEMICOLON code_block END NEWLINE
    (14) statement -> . switch_block END NEWLINE
    (15) statement -> . TRY code_block CATCH statement code_block END NEWLINE
    (16) statement -> . WHILE expr code_block END NEWLINE
    (17) statement -> . WHILE statement code_block END NEWLINE
    (18) statement -> . IF expr statement END SEMICOLON
    (19) statement -> . IF expr statement END NEWLINE
    (20) statement -> . IF expr statement END
    (21) statement -> . IF statement statement END SEMICOLON
    (22) statement -> . IF statement statement END NEWLINE
    (23) statement -> . IF statement statement END
    (24) statement -> . if_block END SEMICOLON
    (25) statement -> . if_block END NEWLINE
    (26) statement -> . if_block END
    (27) statement -> . BREAK SEMICOLON
    (28) statement -> . CONTINUE SEMICOLON
    (29) statement -> . BREAK NEWLINE
    (30) statement -> . CONTINUE NEWLINE
    (31) statement -> . FOR statement code_block END SEMICOLON
    (32) statement -> . FOR statement code_block END NEWLINE
    (33) statement -> . RETURN expr SEMICOLON
    (34) statement -> . RETURN expr NEWLINE
    (35) statement -> . FUNCTION statement code_block
    (36) statement -> . FUNCTION statement code_block END NEWLINE
    (49) expr -> . STRING
    (50) expr -> . NUMBER
    (51) expr -> . NAME
    (52) expr -> . expr CTRANSPOSE
    (53) expr -> . expr TRANSPOSE
    (54) expr -> . expr MPOWER expr
    (55) expr -> . expr POWER expr
    (56) expr -> . expr LDIVIDE expr
    (57) expr -> . expr RDIVIDE expr
    (58) expr -> . expr TIMES expr
    (59) expr -> . expr MLDIVIDE expr
    (60) expr -> . expr MRDIVIDE expr
    (61) expr -> . expr MTIMES expr
    (62) expr -> . expr MINUS expr
    (63) expr -> . expr PLUS expr
    (64) expr -> . expr NE expr
    (65) expr -> . expr EQ expr
    (66) expr -> . expr GE expr
    (67) expr -> . expr GT expr
    (68) expr -> . expr LE expr
    (69) expr -> . expr LT expr
    (70) expr -> . expr AND expr
    (71) expr -> . expr OR expr
    (72) expr -> . expr ANDAND expr
    (73) expr -> . expr OROR expr
    (74) expr -> . expr COLON expr
    (75) expr -> . NOT expr
    (76) expr -> . MINUS expr
    (77) expr -> . PLUS expr
    (78) expr -> . AT LPAREN args RPAREN expr
    (79) expr -> . expr DOT NAME
    (80) expr -> . expr ELLIPSIS NEWLINE
    (81) expr -> . LPAREN expr RPAREN
    (82) expr -> . expr ASSIGN expr
    (83) expr -> . LSQR matrx_rows matrx_elements RSQR
    (84) expr -> . LSQR matrx_elements RSQR
    (85) expr -> . LSQR RSQR
    (86) expr -> . LSQR matrx_rows RSQR
    (87) expr -> . LCURL matrx_rows matrx_elements RCURL
    (88) expr -> . LCURL matrx_elements RCURL
    (89) expr -> . LCURL RCURL
    (90) expr -> . LCURL matrx_rows RCURL
    (91) expr -> . expr LCURL args RCURL
    (92) expr -> . expr LPAREN args RPAREN
    (43) switch_block -> . SWITCH expr CASE expr code_block
    (44) switch_block -> . SWITCH expr CASE statement code_block
    (45) switch_block -> . SWITCH statement CASE expr code_block
    (46) switch_block -> . SWITCH statement CASE statement code_block
    (47) switch_block -> . switch_block CASE expr code_block
    (48) switch_block -> . switch_block CASE statement code_block
    (37) if_block -> . IF expr code_block
    (38) if_block -> . IF statement code_block
    (39) if_block -> . if_block ELSEIF expr code_block
    (40) if_block -> . if_block ELSEIF statement code_block
    (41) if_block -> . if_block ELSE SEMICOLON code_block
    (42) if_block -> . if_block ELSE NEWLINE code_block
    END             shift and go to state 195
    COMMAND         shift and go to state 3
    NEWLINE         shift and go to state 5
    SEMICOLON       shift and go to state 6
    TRY             shift and go to state 8
    WHILE           shift and go to state 9
    IF              shift and go to state 10
    BREAK           shift and go to state 12
    CONTINUE        shift and go to state 13
    FOR             shift and go to state 14
    RETURN          shift and go to state 15
    FUNCTION        shift and go to state 16
    STRING          shift and go to state 17
    NUMBER          shift and go to state 18
    NAME            shift and go to state 19
    NOT             shift and go to state 22
    MINUS           shift and go to state 20
    PLUS            shift and go to state 21
    AT              shift and go to state 23
    LPAREN          shift and go to state 24
    LSQR            shift and go to state 25
    LCURL           shift and go to state 26
    SWITCH          shift and go to state 27

    switch_block                   shift and go to state 7
    statement                      shift and go to state 28
    expr                           shift and go to state 4
    if_block                       shift and go to state 11

state 166

    (11) statement -> switch_block OTHERWISE SEMICOLON code_block . END SEMICOLON
    (13) statement -> switch_block OTHERWISE SEMICOLON code_block . END NEWLINE
    (3) code_block -> code_block . statement
    (4) statement -> . COMMAND
    (5) statement -> . expr COMMA
    (6) statement -> . expr NEWLINE
    (7) statement -> . expr SEMICOLON
    (8) statement -> . NEWLINE
    (9) statement -> . SEMICOLON
    (10) statement -> . switch_block OTHERWISE NEWLINE code_block END SEMICOLON
    (11) statement -> . switch_block OTHERWISE SEMICOLON code_block END SEMICOLON
    (12) statement -> . switch_block OTHERWISE NEWLINE code_block END NEWLINE
    (13) statement -> . switch_block OTHERWISE SEMICOLON code_block END NEWLINE
    (14) statement -> . switch_block END NEWLINE
    (15) statement -> . TRY code_block CATCH statement code_block END NEWLINE
    (16) statement -> . WHILE expr code_block END NEWLINE
    (17) statement -> . WHILE statement code_block END NEWLINE
    (18) statement -> . IF expr statement END SEMICOLON
    (19) statement -> . IF expr statement END NEWLINE
    (20) statement -> . IF expr statement END
    (21) statement -> . IF statement statement END SEMICOLON
    (22) statement -> . IF statement statement END NEWLINE
    (23) statement -> . IF statement statement END
    (24) statement -> . if_block END SEMICOLON
    (25) statement -> . if_block END NEWLINE
    (26) statement -> . if_block END
    (27) statement -> . BREAK SEMICOLON
    (28) statement -> . CONTINUE SEMICOLON
    (29) statement -> . BREAK NEWLINE
    (30) statement -> . CONTINUE NEWLINE
    (31) statement -> . FOR statement code_block END SEMICOLON
    (32) statement -> . FOR statement code_block END NEWLINE
    (33) statement -> . RETURN expr SEMICOLON
    (34) statement -> . RETURN expr NEWLINE
    (35) statement -> . FUNCTION statement code_block
    (36) statement -> . FUNCTION statement code_block END NEWLINE
    (49) expr -> . STRING
    (50) expr -> . NUMBER
    (51) expr -> . NAME
    (52) expr -> . expr CTRANSPOSE
    (53) expr -> . expr TRANSPOSE
    (54) expr -> . expr MPOWER expr
    (55) expr -> . expr POWER expr
    (56) expr -> . expr LDIVIDE expr
    (57) expr -> . expr RDIVIDE expr
    (58) expr -> . expr TIMES expr
    (59) expr -> . expr MLDIVIDE expr
    (60) expr -> . expr MRDIVIDE expr
    (61) expr -> . expr MTIMES expr
    (62) expr -> . expr MINUS expr
    (63) expr -> . expr PLUS expr
    (64) expr -> . expr NE expr
    (65) expr -> . expr EQ expr
    (66) expr -> . expr GE expr
    (67) expr -> . expr GT expr
    (68) expr -> . expr LE expr
    (69) expr -> . expr LT expr
    (70) expr -> . expr AND expr
    (71) expr -> . expr OR expr
    (72) expr -> . expr ANDAND expr
    (73) expr -> . expr OROR expr
    (74) expr -> . expr COLON expr
    (75) expr -> . NOT expr
    (76) expr -> . MINUS expr
    (77) expr -> . PLUS expr
    (78) expr -> . AT LPAREN args RPAREN expr
    (79) expr -> . expr DOT NAME
    (80) expr -> . expr ELLIPSIS NEWLINE
    (81) expr -> . LPAREN expr RPAREN
    (82) expr -> . expr ASSIGN expr
    (83) expr -> . LSQR matrx_rows matrx_elements RSQR
    (84) expr -> . LSQR matrx_elements RSQR
    (85) expr -> . LSQR RSQR
    (86) expr -> . LSQR matrx_rows RSQR
    (87) expr -> . LCURL matrx_rows matrx_elements RCURL
    (88) expr -> . LCURL matrx_elements RCURL
    (89) expr -> . LCURL RCURL
    (90) expr -> . LCURL matrx_rows RCURL
    (91) expr -> . expr LCURL args RCURL
    (92) expr -> . expr LPAREN args RPAREN
    (43) switch_block -> . SWITCH expr CASE expr code_block
    (44) switch_block -> . SWITCH expr CASE statement code_block
    (45) switch_block -> . SWITCH statement CASE expr code_block
    (46) switch_block -> . SWITCH statement CASE statement code_block
    (47) switch_block -> . switch_block CASE expr code_block
    (48) switch_block -> . switch_block CASE statement code_block
    (37) if_block -> . IF expr code_block
    (38) if_block -> . IF statement code_block
    (39) if_block -> . if_block ELSEIF expr code_block
    (40) if_block -> . if_block ELSEIF statement code_block
    (41) if_block -> . if_block ELSE SEMICOLON code_block
    (42) if_block -> . if_block ELSE NEWLINE code_block
    END             shift and go to state 196
    COMMAND         shift and go to state 3
    NEWLINE         shift and go to state 5
    SEMICOLON       shift and go to state 6
    TRY             shift and go to state 8
    WHILE           shift and go to state 9
    IF              shift and go to state 10
    BREAK           shift and go to state 12
    CONTINUE        shift and go to state 13
    FOR             shift and go to state 14
    RETURN          shift and go to state 15
    FUNCTION        shift and go to state 16
    STRING          shift and go to state 17
    NUMBER          shift and go to state 18
    NAME            shift and go to state 19
    NOT             shift and go to state 22
    MINUS           shift and go to state 20
    PLUS            shift and go to state 21
    AT              shift and go to state 23
    LPAREN          shift and go to state 24
    LSQR            shift and go to state 25
    LCURL           shift and go to state 26
    SWITCH          shift and go to state 27

    switch_block                   shift and go to state 7
    statement                      shift and go to state 28
    expr                           shift and go to state 4
    if_block                       shift and go to state 11

state 167

    (47) switch_block -> switch_block CASE expr code_block .
    (3) code_block -> code_block . statement
    (4) statement -> . COMMAND
    (5) statement -> . expr COMMA
    (6) statement -> . expr NEWLINE
    (7) statement -> . expr SEMICOLON
    (8) statement -> . NEWLINE
    (9) statement -> . SEMICOLON
    (10) statement -> . switch_block OTHERWISE NEWLINE code_block END SEMICOLON
    (11) statement -> . switch_block OTHERWISE SEMICOLON code_block END SEMICOLON
    (12) statement -> . switch_block OTHERWISE NEWLINE code_block END NEWLINE
    (13) statement -> . switch_block OTHERWISE SEMICOLON code_block END NEWLINE
    (14) statement -> . switch_block END NEWLINE
    (15) statement -> . TRY code_block CATCH statement code_block END NEWLINE
    (16) statement -> . WHILE expr code_block END NEWLINE
    (17) statement -> . WHILE statement code_block END NEWLINE
    (18) statement -> . IF expr statement END SEMICOLON
    (19) statement -> . IF expr statement END NEWLINE
    (20) statement -> . IF expr statement END
    (21) statement -> . IF statement statement END SEMICOLON
    (22) statement -> . IF statement statement END NEWLINE
    (23) statement -> . IF statement statement END
    (24) statement -> . if_block END SEMICOLON
    (25) statement -> . if_block END NEWLINE
    (26) statement -> . if_block END
    (27) statement -> . BREAK SEMICOLON
    (28) statement -> . CONTINUE SEMICOLON
    (29) statement -> . BREAK NEWLINE
    (30) statement -> . CONTINUE NEWLINE
    (31) statement -> . FOR statement code_block END SEMICOLON
    (32) statement -> . FOR statement code_block END NEWLINE
    (33) statement -> . RETURN expr SEMICOLON
    (34) statement -> . RETURN expr NEWLINE
    (35) statement -> . FUNCTION statement code_block
    (36) statement -> . FUNCTION statement code_block END NEWLINE
    (49) expr -> . STRING
    (50) expr -> . NUMBER
    (51) expr -> . NAME
    (52) expr -> . expr CTRANSPOSE
    (53) expr -> . expr TRANSPOSE
    (54) expr -> . expr MPOWER expr
    (55) expr -> . expr POWER expr
    (56) expr -> . expr LDIVIDE expr
    (57) expr -> . expr RDIVIDE expr
    (58) expr -> . expr TIMES expr
    (59) expr -> . expr MLDIVIDE expr
    (60) expr -> . expr MRDIVIDE expr
    (61) expr -> . expr MTIMES expr
    (62) expr -> . expr MINUS expr
    (63) expr -> . expr PLUS expr
    (64) expr -> . expr NE expr
    (65) expr -> . expr EQ expr
    (66) expr -> . expr GE expr
    (67) expr -> . expr GT expr
    (68) expr -> . expr LE expr
    (69) expr -> . expr LT expr
    (70) expr -> . expr AND expr
    (71) expr -> . expr OR expr
    (72) expr -> . expr ANDAND expr
    (73) expr -> . expr OROR expr
    (74) expr -> . expr COLON expr
    (75) expr -> . NOT expr
    (76) expr -> . MINUS expr
    (77) expr -> . PLUS expr
    (78) expr -> . AT LPAREN args RPAREN expr
    (79) expr -> . expr DOT NAME
    (80) expr -> . expr ELLIPSIS NEWLINE
    (81) expr -> . LPAREN expr RPAREN
    (82) expr -> . expr ASSIGN expr
    (83) expr -> . LSQR matrx_rows matrx_elements RSQR
    (84) expr -> . LSQR matrx_elements RSQR
    (85) expr -> . LSQR RSQR
    (86) expr -> . LSQR matrx_rows RSQR
    (87) expr -> . LCURL matrx_rows matrx_elements RCURL
    (88) expr -> . LCURL matrx_elements RCURL
    (89) expr -> . LCURL RCURL
    (90) expr -> . LCURL matrx_rows RCURL
    (91) expr -> . expr LCURL args RCURL
    (92) expr -> . expr LPAREN args RPAREN
    (43) switch_block -> . SWITCH expr CASE expr code_block
    (44) switch_block -> . SWITCH expr CASE statement code_block
    (45) switch_block -> . SWITCH statement CASE expr code_block
    (46) switch_block -> . SWITCH statement CASE statement code_block
    (47) switch_block -> . switch_block CASE expr code_block
    (48) switch_block -> . switch_block CASE statement code_block
    (37) if_block -> . IF expr code_block
    (38) if_block -> . IF statement code_block
    (39) if_block -> . if_block ELSEIF expr code_block
    (40) if_block -> . if_block ELSEIF statement code_block
    (41) if_block -> . if_block ELSE SEMICOLON code_block
    (42) if_block -> . if_block ELSE NEWLINE code_block
    OTHERWISE       reduce using rule 47 (switch_block -> switch_block CASE expr code_block .)
    END             reduce using rule 47 (switch_block -> switch_block CASE expr code_block .)
    CASE            reduce using rule 47 (switch_block -> switch_block CASE expr code_block .)
    COMMAND         shift and go to state 3
    NEWLINE         shift and go to state 5
    SEMICOLON       shift and go to state 6
    TRY             shift and go to state 8
    WHILE           shift and go to state 9
    IF              shift and go to state 10
    BREAK           shift and go to state 12
    CONTINUE        shift and go to state 13
    FOR             shift and go to state 14
    RETURN          shift and go to state 15
    FUNCTION        shift and go to state 16
    STRING          shift and go to state 17
    NUMBER          shift and go to state 18
    NAME            shift and go to state 19
    NOT             shift and go to state 22
    MINUS           shift and go to state 20
    PLUS            shift and go to state 21
    AT              shift and go to state 23
    LPAREN          shift and go to state 24
    LSQR            shift and go to state 25
    LCURL           shift and go to state 26
    SWITCH          shift and go to state 27

    switch_block                   shift and go to state 7
    expr                           shift and go to state 4
    statement                      shift and go to state 28
    if_block                       shift and go to state 11

state 168

    (48) switch_block -> switch_block CASE statement code_block .
    (3) code_block -> code_block . statement
    (4) statement -> . COMMAND
    (5) statement -> . expr COMMA
    (6) statement -> . expr NEWLINE
    (7) statement -> . expr SEMICOLON
    (8) statement -> . NEWLINE
    (9) statement -> . SEMICOLON
    (10) statement -> . switch_block OTHERWISE NEWLINE code_block END SEMICOLON
    (11) statement -> . switch_block OTHERWISE SEMICOLON code_block END SEMICOLON
    (12) statement -> . switch_block OTHERWISE NEWLINE code_block END NEWLINE
    (13) statement -> . switch_block OTHERWISE SEMICOLON code_block END NEWLINE
    (14) statement -> . switch_block END NEWLINE
    (15) statement -> . TRY code_block CATCH statement code_block END NEWLINE
    (16) statement -> . WHILE expr code_block END NEWLINE
    (17) statement -> . WHILE statement code_block END NEWLINE
    (18) statement -> . IF expr statement END SEMICOLON
    (19) statement -> . IF expr statement END NEWLINE
    (20) statement -> . IF expr statement END
    (21) statement -> . IF statement statement END SEMICOLON
    (22) statement -> . IF statement statement END NEWLINE
    (23) statement -> . IF statement statement END
    (24) statement -> . if_block END SEMICOLON
    (25) statement -> . if_block END NEWLINE
    (26) statement -> . if_block END
    (27) statement -> . BREAK SEMICOLON
    (28) statement -> . CONTINUE SEMICOLON
    (29) statement -> . BREAK NEWLINE
    (30) statement -> . CONTINUE NEWLINE
    (31) statement -> . FOR statement code_block END SEMICOLON
    (32) statement -> . FOR statement code_block END NEWLINE
    (33) statement -> . RETURN expr SEMICOLON
    (34) statement -> . RETURN expr NEWLINE
    (35) statement -> . FUNCTION statement code_block
    (36) statement -> . FUNCTION statement code_block END NEWLINE
    (49) expr -> . STRING
    (50) expr -> . NUMBER
    (51) expr -> . NAME
    (52) expr -> . expr CTRANSPOSE
    (53) expr -> . expr TRANSPOSE
    (54) expr -> . expr MPOWER expr
    (55) expr -> . expr POWER expr
    (56) expr -> . expr LDIVIDE expr
    (57) expr -> . expr RDIVIDE expr
    (58) expr -> . expr TIMES expr
    (59) expr -> . expr MLDIVIDE expr
    (60) expr -> . expr MRDIVIDE expr
    (61) expr -> . expr MTIMES expr
    (62) expr -> . expr MINUS expr
    (63) expr -> . expr PLUS expr
    (64) expr -> . expr NE expr
    (65) expr -> . expr EQ expr
    (66) expr -> . expr GE expr
    (67) expr -> . expr GT expr
    (68) expr -> . expr LE expr
    (69) expr -> . expr LT expr
    (70) expr -> . expr AND expr
    (71) expr -> . expr OR expr
    (72) expr -> . expr ANDAND expr
    (73) expr -> . expr OROR expr
    (74) expr -> . expr COLON expr
    (75) expr -> . NOT expr
    (76) expr -> . MINUS expr
    (77) expr -> . PLUS expr
    (78) expr -> . AT LPAREN args RPAREN expr
    (79) expr -> . expr DOT NAME
    (80) expr -> . expr ELLIPSIS NEWLINE
    (81) expr -> . LPAREN expr RPAREN
    (82) expr -> . expr ASSIGN expr
    (83) expr -> . LSQR matrx_rows matrx_elements RSQR
    (84) expr -> . LSQR matrx_elements RSQR
    (85) expr -> . LSQR RSQR
    (86) expr -> . LSQR matrx_rows RSQR
    (87) expr -> . LCURL matrx_rows matrx_elements RCURL
    (88) expr -> . LCURL matrx_elements RCURL
    (89) expr -> . LCURL RCURL
    (90) expr -> . LCURL matrx_rows RCURL
    (91) expr -> . expr LCURL args RCURL
    (92) expr -> . expr LPAREN args RPAREN
    (43) switch_block -> . SWITCH expr CASE expr code_block
    (44) switch_block -> . SWITCH expr CASE statement code_block
    (45) switch_block -> . SWITCH statement CASE expr code_block
    (46) switch_block -> . SWITCH statement CASE statement code_block
    (47) switch_block -> . switch_block CASE expr code_block
    (48) switch_block -> . switch_block CASE statement code_block
    (37) if_block -> . IF expr code_block
    (38) if_block -> . IF statement code_block
    (39) if_block -> . if_block ELSEIF expr code_block
    (40) if_block -> . if_block ELSEIF statement code_block
    (41) if_block -> . if_block ELSE SEMICOLON code_block
    (42) if_block -> . if_block ELSE NEWLINE code_block
    OTHERWISE       reduce using rule 48 (switch_block -> switch_block CASE statement code_block .)
    END             reduce using rule 48 (switch_block -> switch_block CASE statement code_block .)
    CASE            reduce using rule 48 (switch_block -> switch_block CASE statement code_block .)
    COMMAND         shift and go to state 3
    NEWLINE         shift and go to state 5
    SEMICOLON       shift and go to state 6
    TRY             shift and go to state 8
    WHILE           shift and go to state 9
    IF              shift and go to state 10
    BREAK           shift and go to state 12
    CONTINUE        shift and go to state 13
    FOR             shift and go to state 14
    RETURN          shift and go to state 15
    FUNCTION        shift and go to state 16
    STRING          shift and go to state 17
    NUMBER          shift and go to state 18
    NAME            shift and go to state 19
    NOT             shift and go to state 22
    MINUS           shift and go to state 20
    PLUS            shift and go to state 21
    AT              shift and go to state 23
    LPAREN          shift and go to state 24
    LSQR            shift and go to state 25
    LCURL           shift and go to state 26
    SWITCH          shift and go to state 27

    switch_block                   shift and go to state 7
    statement                      shift and go to state 28
    expr                           shift and go to state 4
    if_block                       shift and go to state 11

state 169

    (15) statement -> TRY code_block CATCH statement . code_block END NEWLINE
    (1) code_block -> . statement
    (2) code_block -> . statement code_block
    (3) code_block -> . code_block statement
    (4) statement -> . COMMAND
    (5) statement -> . expr COMMA
    (6) statement -> . expr NEWLINE
    (7) statement -> . expr SEMICOLON
    (8) statement -> . NEWLINE
    (9) statement -> . SEMICOLON
    (10) statement -> . switch_block OTHERWISE NEWLINE code_block END SEMICOLON
    (11) statement -> . switch_block OTHERWISE SEMICOLON code_block END SEMICOLON
    (12) statement -> . switch_block OTHERWISE NEWLINE code_block END NEWLINE
    (13) statement -> . switch_block OTHERWISE SEMICOLON code_block END NEWLINE
    (14) statement -> . switch_block END NEWLINE
    (15) statement -> . TRY code_block CATCH statement code_block END NEWLINE
    (16) statement -> . WHILE expr code_block END NEWLINE
    (17) statement -> . WHILE statement code_block END NEWLINE
    (18) statement -> . IF expr statement END SEMICOLON
    (19) statement -> . IF expr statement END NEWLINE
    (20) statement -> . IF expr statement END
    (21) statement -> . IF statement statement END SEMICOLON
    (22) statement -> . IF statement statement END NEWLINE
    (23) statement -> . IF statement statement END
    (24) statement -> . if_block END SEMICOLON
    (25) statement -> . if_block END NEWLINE
    (26) statement -> . if_block END
    (27) statement -> . BREAK SEMICOLON
    (28) statement -> . CONTINUE SEMICOLON
    (29) statement -> . BREAK NEWLINE
    (30) statement -> . CONTINUE NEWLINE
    (31) statement -> . FOR statement code_block END SEMICOLON
    (32) statement -> . FOR statement code_block END NEWLINE
    (33) statement -> . RETURN expr SEMICOLON
    (34) statement -> . RETURN expr NEWLINE
    (35) statement -> . FUNCTION statement code_block
    (36) statement -> . FUNCTION statement code_block END NEWLINE
    (49) expr -> . STRING
    (50) expr -> . NUMBER
    (51) expr -> . NAME
    (52) expr -> . expr CTRANSPOSE
    (53) expr -> . expr TRANSPOSE
    (54) expr -> . expr MPOWER expr
    (55) expr -> . expr POWER expr
    (56) expr -> . expr LDIVIDE expr
    (57) expr -> . expr RDIVIDE expr
    (58) expr -> . expr TIMES expr
    (59) expr -> . expr MLDIVIDE expr
    (60) expr -> . expr MRDIVIDE expr
    (61) expr -> . expr MTIMES expr
    (62) expr -> . expr MINUS expr
    (63) expr -> . expr PLUS expr
    (64) expr -> . expr NE expr
    (65) expr -> . expr EQ expr
    (66) expr -> . expr GE expr
    (67) expr -> . expr GT expr
    (68) expr -> . expr LE expr
    (69) expr -> . expr LT expr
    (70) expr -> . expr AND expr
    (71) expr -> . expr OR expr
    (72) expr -> . expr ANDAND expr
    (73) expr -> . expr OROR expr
    (74) expr -> . expr COLON expr
    (75) expr -> . NOT expr
    (76) expr -> . MINUS expr
    (77) expr -> . PLUS expr
    (78) expr -> . AT LPAREN args RPAREN expr
    (79) expr -> . expr DOT NAME
    (80) expr -> . expr ELLIPSIS NEWLINE
    (81) expr -> . LPAREN expr RPAREN
    (82) expr -> . expr ASSIGN expr
    (83) expr -> . LSQR matrx_rows matrx_elements RSQR
    (84) expr -> . LSQR matrx_elements RSQR
    (85) expr -> . LSQR RSQR
    (86) expr -> . LSQR matrx_rows RSQR
    (87) expr -> . LCURL matrx_rows matrx_elements RCURL
    (88) expr -> . LCURL matrx_elements RCURL
    (89) expr -> . LCURL RCURL
    (90) expr -> . LCURL matrx_rows RCURL
    (91) expr -> . expr LCURL args RCURL
    (92) expr -> . expr LPAREN args RPAREN
    (43) switch_block -> . SWITCH expr CASE expr code_block
    (44) switch_block -> . SWITCH expr CASE statement code_block
    (45) switch_block -> . SWITCH statement CASE expr code_block
    (46) switch_block -> . SWITCH statement CASE statement code_block
    (47) switch_block -> . switch_block CASE expr code_block
    (48) switch_block -> . switch_block CASE statement code_block
    (37) if_block -> . IF expr code_block
    (38) if_block -> . IF statement code_block
    (39) if_block -> . if_block ELSEIF expr code_block
    (40) if_block -> . if_block ELSEIF statement code_block
    (41) if_block -> . if_block ELSE SEMICOLON code_block
    (42) if_block -> . if_block ELSE NEWLINE code_block
    COMMAND         shift and go to state 3
    NEWLINE         shift and go to state 5
    SEMICOLON       shift and go to state 6
    TRY             shift and go to state 8
    WHILE           shift and go to state 9
    IF              shift and go to state 10
    BREAK           shift and go to state 12
    CONTINUE        shift and go to state 13
    FOR             shift and go to state 14
    RETURN          shift and go to state 15
    FUNCTION        shift and go to state 16
    STRING          shift and go to state 17
    NUMBER          shift and go to state 18
    NAME            shift and go to state 19
    NOT             shift and go to state 22
    MINUS           shift and go to state 20
    PLUS            shift and go to state 21
    AT              shift and go to state 23
    LPAREN          shift and go to state 24
    LSQR            shift and go to state 25
    LCURL           shift and go to state 26
    SWITCH          shift and go to state 27

    code_block                     shift and go to state 197
    statement                      shift and go to state 2
    expr                           shift and go to state 4
    switch_block                   shift and go to state 7
    if_block                       shift and go to state 11

state 170

    (16) statement -> WHILE expr code_block END . NEWLINE
    NEWLINE         shift and go to state 198


state 171

    (62) expr -> expr MINUS expr .
    (76) expr -> MINUS expr .
    (52) expr -> expr . CTRANSPOSE
    (53) expr -> expr . TRANSPOSE
    (54) expr -> expr . MPOWER expr
    (55) expr -> expr . POWER expr
    (56) expr -> expr . LDIVIDE expr
    (57) expr -> expr . RDIVIDE expr
    (58) expr -> expr . TIMES expr
    (59) expr -> expr . MLDIVIDE expr
    (60) expr -> expr . MRDIVIDE expr
    (61) expr -> expr . MTIMES expr
    (62) expr -> expr . MINUS expr
    (63) expr -> expr . PLUS expr
    (64) expr -> expr . NE expr
    (65) expr -> expr . EQ expr
    (66) expr -> expr . GE expr
    (67) expr -> expr . GT expr
    (68) expr -> expr . LE expr
    (69) expr -> expr . LT expr
    (70) expr -> expr . AND expr
    (71) expr -> expr . OR expr
    (72) expr -> expr . ANDAND expr
    (73) expr -> expr . OROR expr
    (74) expr -> expr . COLON expr
    (79) expr -> expr . DOT NAME
    (80) expr -> expr . ELLIPSIS NEWLINE
    (82) expr -> expr . ASSIGN expr
    (91) expr -> expr . LCURL args RCURL
    (92) expr -> expr . LPAREN args RPAREN
  ! reduce/reduce conflict for COMMA resolved using rule 76 (expr -> MINUS expr .)
  ! reduce/reduce conflict for NEWLINE resolved using rule 76 (expr -> MINUS expr .)
  ! reduce/reduce conflict for SEMICOLON resolved using rule 76 (expr -> MINUS expr .)
  ! reduce/reduce conflict for CTRANSPOSE resolved using rule 76 (expr -> MINUS expr .)
  ! reduce/reduce conflict for TRANSPOSE resolved using rule 76 (expr -> MINUS expr .)
  ! reduce/reduce conflict for MPOWER resolved using rule 76 (expr -> MINUS expr .)
  ! reduce/reduce conflict for POWER resolved using rule 76 (expr -> MINUS expr .)
  ! reduce/reduce conflict for LDIVIDE resolved using rule 76 (expr -> MINUS expr .)
  ! reduce/reduce conflict for RDIVIDE resolved using rule 76 (expr -> MINUS expr .)
  ! reduce/reduce conflict for TIMES resolved using rule 76 (expr -> MINUS expr .)
  ! reduce/reduce conflict for MLDIVIDE resolved using rule 76 (expr -> MINUS expr .)
  ! reduce/reduce conflict for MRDIVIDE resolved using rule 76 (expr -> MINUS expr .)
  ! reduce/reduce conflict for MTIMES resolved using rule 76 (expr -> MINUS expr .)
  ! reduce/reduce conflict for MINUS resolved using rule 76 (expr -> MINUS expr .)
  ! reduce/reduce conflict for PLUS resolved using rule 76 (expr -> MINUS expr .)
  ! reduce/reduce conflict for NE resolved using rule 76 (expr -> MINUS expr .)
  ! reduce/reduce conflict for EQ resolved using rule 76 (expr -> MINUS expr .)
  ! reduce/reduce conflict for GE resolved using rule 76 (expr -> MINUS expr .)
  ! reduce/reduce conflict for GT resolved using rule 76 (expr -> MINUS expr .)
  ! reduce/reduce conflict for LE resolved using rule 76 (expr -> MINUS expr .)
  ! reduce/reduce conflict for LT resolved using rule 76 (expr -> MINUS expr .)
  ! reduce/reduce conflict for AND resolved using rule 76 (expr -> MINUS expr .)
  ! reduce/reduce conflict for OR resolved using rule 76 (expr -> MINUS expr .)
  ! reduce/reduce conflict for ANDAND resolved using rule 76 (expr -> MINUS expr .)
  ! reduce/reduce conflict for OROR resolved using rule 76 (expr -> MINUS expr .)
  ! reduce/reduce conflict for COLON resolved using rule 76 (expr -> MINUS expr .)
  ! reduce/reduce conflict for DOT resolved using rule 76 (expr -> MINUS expr .)
  ! reduce/reduce conflict for ELLIPSIS resolved using rule 76 (expr -> MINUS expr .)
  ! reduce/reduce conflict for ASSIGN resolved using rule 76 (expr -> MINUS expr .)
  ! reduce/reduce conflict for LCURL resolved using rule 76 (expr -> MINUS expr .)
  ! reduce/reduce conflict for LPAREN resolved using rule 76 (expr -> MINUS expr .)
    COMMAND         reduce using rule 62 (expr -> expr MINUS expr .)
    TRY             reduce using rule 62 (expr -> expr MINUS expr .)
    WHILE           reduce using rule 62 (expr -> expr MINUS expr .)
    IF              reduce using rule 62 (expr -> expr MINUS expr .)
    BREAK           reduce using rule 62 (expr -> expr MINUS expr .)
    CONTINUE        reduce using rule 62 (expr -> expr MINUS expr .)
    FOR             reduce using rule 62 (expr -> expr MINUS expr .)
    RETURN          reduce using rule 62 (expr -> expr MINUS expr .)
    FUNCTION        reduce using rule 62 (expr -> expr MINUS expr .)
    STRING          reduce using rule 62 (expr -> expr MINUS expr .)
    NUMBER          reduce using rule 62 (expr -> expr MINUS expr .)
    NAME            reduce using rule 62 (expr -> expr MINUS expr .)
    NOT             reduce using rule 62 (expr -> expr MINUS expr .)
    AT              reduce using rule 62 (expr -> expr MINUS expr .)
    LSQR            reduce using rule 62 (expr -> expr MINUS expr .)
    SWITCH          reduce using rule 62 (expr -> expr MINUS expr .)
    COMMA           reduce using rule 76 (expr -> MINUS expr .)
    NEWLINE         reduce using rule 76 (expr -> MINUS expr .)
    SEMICOLON       reduce using rule 76 (expr -> MINUS expr .)
    MINUS           reduce using rule 76 (expr -> MINUS expr .)
    PLUS            reduce using rule 76 (expr -> MINUS expr .)
    NE              reduce using rule 76 (expr -> MINUS expr .)
    EQ              reduce using rule 76 (expr -> MINUS expr .)
    GE              reduce using rule 76 (expr -> MINUS expr .)
    GT              reduce using rule 76 (expr -> MINUS expr .)
    LE              reduce using rule 76 (expr -> MINUS expr .)
    LT              reduce using rule 76 (expr -> MINUS expr .)
    AND             reduce using rule 76 (expr -> MINUS expr .)
    OR              reduce using rule 76 (expr -> MINUS expr .)
    ANDAND          reduce using rule 76 (expr -> MINUS expr .)
    OROR            reduce using rule 76 (expr -> MINUS expr .)
    COLON           reduce using rule 76 (expr -> MINUS expr .)
    ELLIPSIS        reduce using rule 76 (expr -> MINUS expr .)
    ASSIGN          reduce using rule 76 (expr -> MINUS expr .)
    LCURL           reduce using rule 76 (expr -> MINUS expr .)
    LPAREN          reduce using rule 76 (expr -> MINUS expr .)
    CTRANSPOSE      shift and go to state 33
    TRANSPOSE       shift and go to state 34
    MPOWER          shift and go to state 35
    POWER           shift and go to state 36
    LDIVIDE         shift and go to state 37
    RDIVIDE         shift and go to state 38
    TIMES           shift and go to state 39
    MLDIVIDE        shift and go to state 40
    MRDIVIDE        shift and go to state 41
    MTIMES          shift and go to state 42
    DOT             shift and go to state 56


state 172

    (63) expr -> expr PLUS expr .
    (77) expr -> PLUS expr .
    (52) expr -> expr . CTRANSPOSE
    (53) expr -> expr . TRANSPOSE
    (54) expr -> expr . MPOWER expr
    (55) expr -> expr . POWER expr
    (56) expr -> expr . LDIVIDE expr
    (57) expr -> expr . RDIVIDE expr
    (58) expr -> expr . TIMES expr
    (59) expr -> expr . MLDIVIDE expr
    (60) expr -> expr . MRDIVIDE expr
    (61) expr -> expr . MTIMES expr
    (62) expr -> expr . MINUS expr
    (63) expr -> expr . PLUS expr
    (64) expr -> expr . NE expr
    (65) expr -> expr . EQ expr
    (66) expr -> expr . GE expr
    (67) expr -> expr . GT expr
    (68) expr -> expr . LE expr
    (69) expr -> expr . LT expr
    (70) expr -> expr . AND expr
    (71) expr -> expr . OR expr
    (72) expr -> expr . ANDAND expr
    (73) expr -> expr . OROR expr
    (74) expr -> expr . COLON expr
    (79) expr -> expr . DOT NAME
    (80) expr -> expr . ELLIPSIS NEWLINE
    (82) expr -> expr . ASSIGN expr
    (91) expr -> expr . LCURL args RCURL
    (92) expr -> expr . LPAREN args RPAREN
  ! reduce/reduce conflict for COMMA resolved using rule 77 (expr -> PLUS expr .)
  ! reduce/reduce conflict for NEWLINE resolved using rule 77 (expr -> PLUS expr .)
  ! reduce/reduce conflict for SEMICOLON resolved using rule 77 (expr -> PLUS expr .)
  ! reduce/reduce conflict for CTRANSPOSE resolved using rule 77 (expr -> PLUS expr .)
  ! reduce/reduce conflict for TRANSPOSE resolved using rule 77 (expr -> PLUS expr .)
  ! reduce/reduce conflict for MPOWER resolved using rule 77 (expr -> PLUS expr .)
  ! reduce/reduce conflict for POWER resolved using rule 77 (expr -> PLUS expr .)
  ! reduce/reduce conflict for LDIVIDE resolved using rule 77 (expr -> PLUS expr .)
  ! reduce/reduce conflict for RDIVIDE resolved using rule 77 (expr -> PLUS expr .)
  ! reduce/reduce conflict for TIMES resolved using rule 77 (expr -> PLUS expr .)
  ! reduce/reduce conflict for MLDIVIDE resolved using rule 77 (expr -> PLUS expr .)
  ! reduce/reduce conflict for MRDIVIDE resolved using rule 77 (expr -> PLUS expr .)
  ! reduce/reduce conflict for MTIMES resolved using rule 77 (expr -> PLUS expr .)
  ! reduce/reduce conflict for MINUS resolved using rule 77 (expr -> PLUS expr .)
  ! reduce/reduce conflict for PLUS resolved using rule 77 (expr -> PLUS expr .)
  ! reduce/reduce conflict for NE resolved using rule 77 (expr -> PLUS expr .)
  ! reduce/reduce conflict for EQ resolved using rule 77 (expr -> PLUS expr .)
  ! reduce/reduce conflict for GE resolved using rule 77 (expr -> PLUS expr .)
  ! reduce/reduce conflict for GT resolved using rule 77 (expr -> PLUS expr .)
  ! reduce/reduce conflict for LE resolved using rule 77 (expr -> PLUS expr .)
  ! reduce/reduce conflict for LT resolved using rule 77 (expr -> PLUS expr .)
  ! reduce/reduce conflict for AND resolved using rule 77 (expr -> PLUS expr .)
  ! reduce/reduce conflict for OR resolved using rule 77 (expr -> PLUS expr .)
  ! reduce/reduce conflict for ANDAND resolved using rule 77 (expr -> PLUS expr .)
  ! reduce/reduce conflict for OROR resolved using rule 77 (expr -> PLUS expr .)
  ! reduce/reduce conflict for COLON resolved using rule 77 (expr -> PLUS expr .)
  ! reduce/reduce conflict for DOT resolved using rule 77 (expr -> PLUS expr .)
  ! reduce/reduce conflict for ELLIPSIS resolved using rule 77 (expr -> PLUS expr .)
  ! reduce/reduce conflict for ASSIGN resolved using rule 77 (expr -> PLUS expr .)
  ! reduce/reduce conflict for LCURL resolved using rule 77 (expr -> PLUS expr .)
  ! reduce/reduce conflict for LPAREN resolved using rule 77 (expr -> PLUS expr .)
    COMMAND         reduce using rule 63 (expr -> expr PLUS expr .)
    TRY             reduce using rule 63 (expr -> expr PLUS expr .)
    WHILE           reduce using rule 63 (expr -> expr PLUS expr .)
    IF              reduce using rule 63 (expr -> expr PLUS expr .)
    BREAK           reduce using rule 63 (expr -> expr PLUS expr .)
    CONTINUE        reduce using rule 63 (expr -> expr PLUS expr .)
    FOR             reduce using rule 63 (expr -> expr PLUS expr .)
    RETURN          reduce using rule 63 (expr -> expr PLUS expr .)
    FUNCTION        reduce using rule 63 (expr -> expr PLUS expr .)
    STRING          reduce using rule 63 (expr -> expr PLUS expr .)
    NUMBER          reduce using rule 63 (expr -> expr PLUS expr .)
    NAME            reduce using rule 63 (expr -> expr PLUS expr .)
    NOT             reduce using rule 63 (expr -> expr PLUS expr .)
    AT              reduce using rule 63 (expr -> expr PLUS expr .)
    LSQR            reduce using rule 63 (expr -> expr PLUS expr .)
    SWITCH          reduce using rule 63 (expr -> expr PLUS expr .)
    COMMA           reduce using rule 77 (expr -> PLUS expr .)
    NEWLINE         reduce using rule 77 (expr -> PLUS expr .)
    SEMICOLON       reduce using rule 77 (expr -> PLUS expr .)
    MINUS           reduce using rule 77 (expr -> PLUS expr .)
    PLUS            reduce using rule 77 (expr -> PLUS expr .)
    NE              reduce using rule 77 (expr -> PLUS expr .)
    EQ              reduce using rule 77 (expr -> PLUS expr .)
    GE              reduce using rule 77 (expr -> PLUS expr .)
    GT              reduce using rule 77 (expr -> PLUS expr .)
    LE              reduce using rule 77 (expr -> PLUS expr .)
    LT              reduce using rule 77 (expr -> PLUS expr .)
    AND             reduce using rule 77 (expr -> PLUS expr .)
    OR              reduce using rule 77 (expr -> PLUS expr .)
    ANDAND          reduce using rule 77 (expr -> PLUS expr .)
    OROR            reduce using rule 77 (expr -> PLUS expr .)
    COLON           reduce using rule 77 (expr -> PLUS expr .)
    ELLIPSIS        reduce using rule 77 (expr -> PLUS expr .)
    ASSIGN          reduce using rule 77 (expr -> PLUS expr .)
    LCURL           reduce using rule 77 (expr -> PLUS expr .)
    LPAREN          reduce using rule 77 (expr -> PLUS expr .)
    CTRANSPOSE      shift and go to state 33
    TRANSPOSE       shift and go to state 34
    MPOWER          shift and go to state 35
    POWER           shift and go to state 36
    LDIVIDE         shift and go to state 37
    RDIVIDE         shift and go to state 38
    TIMES           shift and go to state 39
    MLDIVIDE        shift and go to state 40
    MRDIVIDE        shift and go to state 41
    MTIMES          shift and go to state 42
    DOT             shift and go to state 56


state 173

    (93) args -> expr .
    (94) args -> expr . COMMA expr
    (98) matrx_elements -> expr .
    (52) expr -> expr . CTRANSPOSE
    (53) expr -> expr . TRANSPOSE
    (54) expr -> expr . MPOWER expr
    (55) expr -> expr . POWER expr
    (56) expr -> expr . LDIVIDE expr
    (57) expr -> expr . RDIVIDE expr
    (58) expr -> expr . TIMES expr
    (59) expr -> expr . MLDIVIDE expr
    (60) expr -> expr . MRDIVIDE expr
    (61) expr -> expr . MTIMES expr
    (62) expr -> expr . MINUS expr
    (63) expr -> expr . PLUS expr
    (64) expr -> expr . NE expr
    (65) expr -> expr . EQ expr
    (66) expr -> expr . GE expr
    (67) expr -> expr . GT expr
    (68) expr -> expr . LE expr
    (69) expr -> expr . LT expr
    (70) expr -> expr . AND expr
    (71) expr -> expr . OR expr
    (72) expr -> expr . ANDAND expr
    (73) expr -> expr . OROR expr
    (74) expr -> expr . COLON expr
    (79) expr -> expr . DOT NAME
    (80) expr -> expr . ELLIPSIS NEWLINE
    (82) expr -> expr . ASSIGN expr
    (91) expr -> expr . LCURL args RCURL
    (92) expr -> expr . LPAREN args RPAREN
  ! shift/reduce conflict for COMMA resolved as shift
  ! reduce/reduce conflict for RCURL resolved using rule 93 (args -> expr .)
  ! shift/reduce conflict for COMMA resolved as shift
  ! shift/reduce conflict for MINUS resolved as shift
  ! shift/reduce conflict for PLUS resolved as shift
  ! shift/reduce conflict for LCURL resolved as shift
  ! shift/reduce conflict for LPAREN resolved as shift
    RCURL           reduce using rule 93 (args -> expr .)
    COMMA           shift and go to state 161
    SEMICOLON       reduce using rule 98 (matrx_elements -> expr .)
    STRING          reduce using rule 98 (matrx_elements -> expr .)
    NUMBER          reduce using rule 98 (matrx_elements -> expr .)
    NAME            reduce using rule 98 (matrx_elements -> expr .)
    NOT             reduce using rule 98 (matrx_elements -> expr .)
    AT              reduce using rule 98 (matrx_elements -> expr .)
    LSQR            reduce using rule 98 (matrx_elements -> expr .)
    CTRANSPOSE      shift and go to state 33
    TRANSPOSE       shift and go to state 34
    MPOWER          shift and go to state 35
    POWER           shift and go to state 36
    LDIVIDE         shift and go to state 37
    RDIVIDE         shift and go to state 38
    TIMES           shift and go to state 39
    MLDIVIDE        shift and go to state 40
    MRDIVIDE        shift and go to state 41
    MTIMES          shift and go to state 42
    MINUS           shift and go to state 43
    PLUS            shift and go to state 44
    NE              shift and go to state 45
    EQ              shift and go to state 46
    GE              shift and go to state 47
    GT              shift and go to state 48
    LE              shift and go to state 49
    LT              shift and go to state 50
    AND             shift and go to state 51
    OR              shift and go to state 52
    ANDAND          shift and go to state 53
    OROR            shift and go to state 54
    COLON           shift and go to state 55
    DOT             shift and go to state 56
    ELLIPSIS        shift and go to state 57
    ASSIGN          shift and go to state 58
    LCURL           shift and go to state 59
    LPAREN          shift and go to state 60


state 174

    (81) expr -> LPAREN expr . RPAREN
    (93) args -> expr .
    (94) args -> expr . COMMA expr
    (52) expr -> expr . CTRANSPOSE
    (53) expr -> expr . TRANSPOSE
    (54) expr -> expr . MPOWER expr
    (55) expr -> expr . POWER expr
    (56) expr -> expr . LDIVIDE expr
    (57) expr -> expr . RDIVIDE expr
    (58) expr -> expr . TIMES expr
    (59) expr -> expr . MLDIVIDE expr
    (60) expr -> expr . MRDIVIDE expr
    (61) expr -> expr . MTIMES expr
    (62) expr -> expr . MINUS expr
    (63) expr -> expr . PLUS expr
    (64) expr -> expr . NE expr
    (65) expr -> expr . EQ expr
    (66) expr -> expr . GE expr
    (67) expr -> expr . GT expr
    (68) expr -> expr . LE expr
    (69) expr -> expr . LT expr
    (70) expr -> expr . AND expr
    (71) expr -> expr . OR expr
    (72) expr -> expr . ANDAND expr
    (73) expr -> expr . OROR expr
    (74) expr -> expr . COLON expr
    (79) expr -> expr . DOT NAME
    (80) expr -> expr . ELLIPSIS NEWLINE
    (82) expr -> expr . ASSIGN expr
    (91) expr -> expr . LCURL args RCURL
    (92) expr -> expr . LPAREN args RPAREN
  ! shift/reduce conflict for RPAREN resolved as shift
  ! shift/reduce conflict for COMMA resolved as shift
    RPAREN          shift and go to state 149
    COMMA           shift and go to state 161
    CTRANSPOSE      shift and go to state 33
    TRANSPOSE       shift and go to state 34
    MPOWER          shift and go to state 35
    POWER           shift and go to state 36
    LDIVIDE         shift and go to state 37
    RDIVIDE         shift and go to state 38
    TIMES           shift and go to state 39
    MLDIVIDE        shift and go to state 40
    MRDIVIDE        shift and go to state 41
    MTIMES          shift and go to state 42
    MINUS           shift and go to state 43
    PLUS            shift and go to state 44
    NE              shift and go to state 45
    EQ              shift and go to state 46
    GE              shift and go to state 47
    GT              shift and go to state 48
    LE              shift and go to state 49
    LT              shift and go to state 50
    AND             shift and go to state 51
    OR              shift and go to state 52
    ANDAND          shift and go to state 53
    OROR            shift and go to state 54
    COLON           shift and go to state 55
    DOT             shift and go to state 56
    ELLIPSIS        shift and go to state 57
    ASSIGN          shift and go to state 58
    LCURL           shift and go to state 59
    LPAREN          shift and go to state 60


state 175

    (17) statement -> WHILE statement code_block END . NEWLINE
    NEWLINE         shift and go to state 199


state 176

    (18) statement -> IF expr statement END . SEMICOLON
    (19) statement -> IF expr statement END . NEWLINE
    (20) statement -> IF expr statement END .
  ! shift/reduce conflict for NEWLINE resolved as shift
  ! shift/reduce conflict for SEMICOLON resolved as shift
    SEMICOLON       shift and go to state 200
    NEWLINE         shift and go to state 201
    COMMAND         reduce using rule 20 (statement -> IF expr statement END .)
    TRY             reduce using rule 20 (statement -> IF expr statement END .)
    WHILE           reduce using rule 20 (statement -> IF expr statement END .)
    IF              reduce using rule 20 (statement -> IF expr statement END .)
    BREAK           reduce using rule 20 (statement -> IF expr statement END .)
    CONTINUE        reduce using rule 20 (statement -> IF expr statement END .)
    FOR             reduce using rule 20 (statement -> IF expr statement END .)
    RETURN          reduce using rule 20 (statement -> IF expr statement END .)
    FUNCTION        reduce using rule 20 (statement -> IF expr statement END .)
    STRING          reduce using rule 20 (statement -> IF expr statement END .)
    NUMBER          reduce using rule 20 (statement -> IF expr statement END .)
    NAME            reduce using rule 20 (statement -> IF expr statement END .)
    NOT             reduce using rule 20 (statement -> IF expr statement END .)
    MINUS           reduce using rule 20 (statement -> IF expr statement END .)
    PLUS            reduce using rule 20 (statement -> IF expr statement END .)
    AT              reduce using rule 20 (statement -> IF expr statement END .)
    LPAREN          reduce using rule 20 (statement -> IF expr statement END .)
    LSQR            reduce using rule 20 (statement -> IF expr statement END .)
    LCURL           reduce using rule 20 (statement -> IF expr statement END .)
    SWITCH          reduce using rule 20 (statement -> IF expr statement END .)
    $end            reduce using rule 20 (statement -> IF expr statement END .)
    CATCH           reduce using rule 20 (statement -> IF expr statement END .)
    END             reduce using rule 20 (statement -> IF expr statement END .)
    CASE            reduce using rule 20 (statement -> IF expr statement END .)
    ELSEIF          reduce using rule 20 (statement -> IF expr statement END .)
    ELSE            reduce using rule 20 (statement -> IF expr statement END .)
    OTHERWISE       reduce using rule 20 (statement -> IF expr statement END .)


state 177

    (21) statement -> IF statement statement END . SEMICOLON
    (22) statement -> IF statement statement END . NEWLINE
    (23) statement -> IF statement statement END .
  ! shift/reduce conflict for NEWLINE resolved as shift
  ! shift/reduce conflict for SEMICOLON resolved as shift
    SEMICOLON       shift and go to state 202
    NEWLINE         shift and go to state 203
    COMMAND         reduce using rule 23 (statement -> IF statement statement END .)
    TRY             reduce using rule 23 (statement -> IF statement statement END .)
    WHILE           reduce using rule 23 (statement -> IF statement statement END .)
    IF              reduce using rule 23 (statement -> IF statement statement END .)
    BREAK           reduce using rule 23 (statement -> IF statement statement END .)
    CONTINUE        reduce using rule 23 (statement -> IF statement statement END .)
    FOR             reduce using rule 23 (statement -> IF statement statement END .)
    RETURN          reduce using rule 23 (statement -> IF statement statement END .)
    FUNCTION        reduce using rule 23 (statement -> IF statement statement END .)
    STRING          reduce using rule 23 (statement -> IF statement statement END .)
    NUMBER          reduce using rule 23 (statement -> IF statement statement END .)
    NAME            reduce using rule 23 (statement -> IF statement statement END .)
    NOT             reduce using rule 23 (statement -> IF statement statement END .)
    MINUS           reduce using rule 23 (statement -> IF statement statement END .)
    PLUS            reduce using rule 23 (statement -> IF statement statement END .)
    AT              reduce using rule 23 (statement -> IF statement statement END .)
    LPAREN          reduce using rule 23 (statement -> IF statement statement END .)
    LSQR            reduce using rule 23 (statement -> IF statement statement END .)
    LCURL           reduce using rule 23 (statement -> IF statement statement END .)
    SWITCH          reduce using rule 23 (statement -> IF statement statement END .)
    $end            reduce using rule 23 (statement -> IF statement statement END .)
    CATCH           reduce using rule 23 (statement -> IF statement statement END .)
    END             reduce using rule 23 (statement -> IF statement statement END .)
    CASE            reduce using rule 23 (statement -> IF statement statement END .)
    ELSEIF          reduce using rule 23 (statement -> IF statement statement END .)
    ELSE            reduce using rule 23 (statement -> IF statement statement END .)
    OTHERWISE       reduce using rule 23 (statement -> IF statement statement END .)


state 178

    (39) if_block -> if_block ELSEIF expr code_block .
    (3) code_block -> code_block . statement
    (4) statement -> . COMMAND
    (5) statement -> . expr COMMA
    (6) statement -> . expr NEWLINE
    (7) statement -> . expr SEMICOLON
    (8) statement -> . NEWLINE
    (9) statement -> . SEMICOLON
    (10) statement -> . switch_block OTHERWISE NEWLINE code_block END SEMICOLON
    (11) statement -> . switch_block OTHERWISE SEMICOLON code_block END SEMICOLON
    (12) statement -> . switch_block OTHERWISE NEWLINE code_block END NEWLINE
    (13) statement -> . switch_block OTHERWISE SEMICOLON code_block END NEWLINE
    (14) statement -> . switch_block END NEWLINE
    (15) statement -> . TRY code_block CATCH statement code_block END NEWLINE
    (16) statement -> . WHILE expr code_block END NEWLINE
    (17) statement -> . WHILE statement code_block END NEWLINE
    (18) statement -> . IF expr statement END SEMICOLON
    (19) statement -> . IF expr statement END NEWLINE
    (20) statement -> . IF expr statement END
    (21) statement -> . IF statement statement END SEMICOLON
    (22) statement -> . IF statement statement END NEWLINE
    (23) statement -> . IF statement statement END
    (24) statement -> . if_block END SEMICOLON
    (25) statement -> . if_block END NEWLINE
    (26) statement -> . if_block END
    (27) statement -> . BREAK SEMICOLON
    (28) statement -> . CONTINUE SEMICOLON
    (29) statement -> . BREAK NEWLINE
    (30) statement -> . CONTINUE NEWLINE
    (31) statement -> . FOR statement code_block END SEMICOLON
    (32) statement -> . FOR statement code_block END NEWLINE
    (33) statement -> . RETURN expr SEMICOLON
    (34) statement -> . RETURN expr NEWLINE
    (35) statement -> . FUNCTION statement code_block
    (36) statement -> . FUNCTION statement code_block END NEWLINE
    (49) expr -> . STRING
    (50) expr -> . NUMBER
    (51) expr -> . NAME
    (52) expr -> . expr CTRANSPOSE
    (53) expr -> . expr TRANSPOSE
    (54) expr -> . expr MPOWER expr
    (55) expr -> . expr POWER expr
    (56) expr -> . expr LDIVIDE expr
    (57) expr -> . expr RDIVIDE expr
    (58) expr -> . expr TIMES expr
    (59) expr -> . expr MLDIVIDE expr
    (60) expr -> . expr MRDIVIDE expr
    (61) expr -> . expr MTIMES expr
    (62) expr -> . expr MINUS expr
    (63) expr -> . expr PLUS expr
    (64) expr -> . expr NE expr
    (65) expr -> . expr EQ expr
    (66) expr -> . expr GE expr
    (67) expr -> . expr GT expr
    (68) expr -> . expr LE expr
    (69) expr -> . expr LT expr
    (70) expr -> . expr AND expr
    (71) expr -> . expr OR expr
    (72) expr -> . expr ANDAND expr
    (73) expr -> . expr OROR expr
    (74) expr -> . expr COLON expr
    (75) expr -> . NOT expr
    (76) expr -> . MINUS expr
    (77) expr -> . PLUS expr
    (78) expr -> . AT LPAREN args RPAREN expr
    (79) expr -> . expr DOT NAME
    (80) expr -> . expr ELLIPSIS NEWLINE
    (81) expr -> . LPAREN expr RPAREN
    (82) expr -> . expr ASSIGN expr
    (83) expr -> . LSQR matrx_rows matrx_elements RSQR
    (84) expr -> . LSQR matrx_elements RSQR
    (85) expr -> . LSQR RSQR
    (86) expr -> . LSQR matrx_rows RSQR
    (87) expr -> . LCURL matrx_rows matrx_elements RCURL
    (88) expr -> . LCURL matrx_elements RCURL
    (89) expr -> . LCURL RCURL
    (90) expr -> . LCURL matrx_rows RCURL
    (91) expr -> . expr LCURL args RCURL
    (92) expr -> . expr LPAREN args RPAREN
    (43) switch_block -> . SWITCH expr CASE expr code_block
    (44) switch_block -> . SWITCH expr CASE statement code_block
    (45) switch_block -> . SWITCH statement CASE expr code_block
    (46) switch_block -> . SWITCH statement CASE statement code_block
    (47) switch_block -> . switch_block CASE expr code_block
    (48) switch_block -> . switch_block CASE statement code_block
    (37) if_block -> . IF expr code_block
    (38) if_block -> . IF statement code_block
    (39) if_block -> . if_block ELSEIF expr code_block
    (40) if_block -> . if_block ELSEIF statement code_block
    (41) if_block -> . if_block ELSE SEMICOLON code_block
    (42) if_block -> . if_block ELSE NEWLINE code_block
    END             reduce using rule 39 (if_block -> if_block ELSEIF expr code_block .)
    ELSEIF          reduce using rule 39 (if_block -> if_block ELSEIF expr code_block .)
    ELSE            reduce using rule 39 (if_block -> if_block ELSEIF expr code_block .)
    COMMAND         shift and go to state 3
    NEWLINE         shift and go to state 5
    SEMICOLON       shift and go to state 6
    TRY             shift and go to state 8
    WHILE           shift and go to state 9
    IF              shift and go to state 10
    BREAK           shift and go to state 12
    CONTINUE        shift and go to state 13
    FOR             shift and go to state 14
    RETURN          shift and go to state 15
    FUNCTION        shift and go to state 16
    STRING          shift and go to state 17
    NUMBER          shift and go to state 18
    NAME            shift and go to state 19
    NOT             shift and go to state 22
    MINUS           shift and go to state 20
    PLUS            shift and go to state 21
    AT              shift and go to state 23
    LPAREN          shift and go to state 24
    LSQR            shift and go to state 25
    LCURL           shift and go to state 26
    SWITCH          shift and go to state 27

    if_block                       shift and go to state 11
    expr                           shift and go to state 4
    statement                      shift and go to state 28
    switch_block                   shift and go to state 7

state 179

    (40) if_block -> if_block ELSEIF statement code_block .
    (3) code_block -> code_block . statement
    (4) statement -> . COMMAND
    (5) statement -> . expr COMMA
    (6) statement -> . expr NEWLINE
    (7) statement -> . expr SEMICOLON
    (8) statement -> . NEWLINE
    (9) statement -> . SEMICOLON
    (10) statement -> . switch_block OTHERWISE NEWLINE code_block END SEMICOLON
    (11) statement -> . switch_block OTHERWISE SEMICOLON code_block END SEMICOLON
    (12) statement -> . switch_block OTHERWISE NEWLINE code_block END NEWLINE
    (13) statement -> . switch_block OTHERWISE SEMICOLON code_block END NEWLINE
    (14) statement -> . switch_block END NEWLINE
    (15) statement -> . TRY code_block CATCH statement code_block END NEWLINE
    (16) statement -> . WHILE expr code_block END NEWLINE
    (17) statement -> . WHILE statement code_block END NEWLINE
    (18) statement -> . IF expr statement END SEMICOLON
    (19) statement -> . IF expr statement END NEWLINE
    (20) statement -> . IF expr statement END
    (21) statement -> . IF statement statement END SEMICOLON
    (22) statement -> . IF statement statement END NEWLINE
    (23) statement -> . IF statement statement END
    (24) statement -> . if_block END SEMICOLON
    (25) statement -> . if_block END NEWLINE
    (26) statement -> . if_block END
    (27) statement -> . BREAK SEMICOLON
    (28) statement -> . CONTINUE SEMICOLON
    (29) statement -> . BREAK NEWLINE
    (30) statement -> . CONTINUE NEWLINE
    (31) statement -> . FOR statement code_block END SEMICOLON
    (32) statement -> . FOR statement code_block END NEWLINE
    (33) statement -> . RETURN expr SEMICOLON
    (34) statement -> . RETURN expr NEWLINE
    (35) statement -> . FUNCTION statement code_block
    (36) statement -> . FUNCTION statement code_block END NEWLINE
    (49) expr -> . STRING
    (50) expr -> . NUMBER
    (51) expr -> . NAME
    (52) expr -> . expr CTRANSPOSE
    (53) expr -> . expr TRANSPOSE
    (54) expr -> . expr MPOWER expr
    (55) expr -> . expr POWER expr
    (56) expr -> . expr LDIVIDE expr
    (57) expr -> . expr RDIVIDE expr
    (58) expr -> . expr TIMES expr
    (59) expr -> . expr MLDIVIDE expr
    (60) expr -> . expr MRDIVIDE expr
    (61) expr -> . expr MTIMES expr
    (62) expr -> . expr MINUS expr
    (63) expr -> . expr PLUS expr
    (64) expr -> . expr NE expr
    (65) expr -> . expr EQ expr
    (66) expr -> . expr GE expr
    (67) expr -> . expr GT expr
    (68) expr -> . expr LE expr
    (69) expr -> . expr LT expr
    (70) expr -> . expr AND expr
    (71) expr -> . expr OR expr
    (72) expr -> . expr ANDAND expr
    (73) expr -> . expr OROR expr
    (74) expr -> . expr COLON expr
    (75) expr -> . NOT expr
    (76) expr -> . MINUS expr
    (77) expr -> . PLUS expr
    (78) expr -> . AT LPAREN args RPAREN expr
    (79) expr -> . expr DOT NAME
    (80) expr -> . expr ELLIPSIS NEWLINE
    (81) expr -> . LPAREN expr RPAREN
    (82) expr -> . expr ASSIGN expr
    (83) expr -> . LSQR matrx_rows matrx_elements RSQR
    (84) expr -> . LSQR matrx_elements RSQR
    (85) expr -> . LSQR RSQR
    (86) expr -> . LSQR matrx_rows RSQR
    (87) expr -> . LCURL matrx_rows matrx_elements RCURL
    (88) expr -> . LCURL matrx_elements RCURL
    (89) expr -> . LCURL RCURL
    (90) expr -> . LCURL matrx_rows RCURL
    (91) expr -> . expr LCURL args RCURL
    (92) expr -> . expr LPAREN args RPAREN
    (43) switch_block -> . SWITCH expr CASE expr code_block
    (44) switch_block -> . SWITCH expr CASE statement code_block
    (45) switch_block -> . SWITCH statement CASE expr code_block
    (46) switch_block -> . SWITCH statement CASE statement code_block
    (47) switch_block -> . switch_block CASE expr code_block
    (48) switch_block -> . switch_block CASE statement code_block
    (37) if_block -> . IF expr code_block
    (38) if_block -> . IF statement code_block
    (39) if_block -> . if_block ELSEIF expr code_block
    (40) if_block -> . if_block ELSEIF statement code_block
    (41) if_block -> . if_block ELSE SEMICOLON code_block
    (42) if_block -> . if_block ELSE NEWLINE code_block
    END             reduce using rule 40 (if_block -> if_block ELSEIF statement code_block .)
    ELSEIF          reduce using rule 40 (if_block -> if_block ELSEIF statement code_block .)
    ELSE            reduce using rule 40 (if_block -> if_block ELSEIF statement code_block .)
    COMMAND         shift and go to state 3
    NEWLINE         shift and go to state 5
    SEMICOLON       shift and go to state 6
    TRY             shift and go to state 8
    WHILE           shift and go to state 9
    IF              shift and go to state 10
    BREAK           shift and go to state 12
    CONTINUE        shift and go to state 13
    FOR             shift and go to state 14
    RETURN          shift and go to state 15
    FUNCTION        shift and go to state 16
    STRING          shift and go to state 17
    NUMBER          shift and go to state 18
    NAME            shift and go to state 19
    NOT             shift and go to state 22
    MINUS           shift and go to state 20
    PLUS            shift and go to state 21
    AT              shift and go to state 23
    LPAREN          shift and go to state 24
    LSQR            shift and go to state 25
    LCURL           shift and go to state 26
    SWITCH          shift and go to state 27

    if_block                       shift and go to state 11
    statement                      shift and go to state 28
    expr                           shift and go to state 4
    switch_block                   shift and go to state 7

state 180

    (41) if_block -> if_block ELSE SEMICOLON code_block .
    (3) code_block -> code_block . statement
    (4) statement -> . COMMAND
    (5) statement -> . expr COMMA
    (6) statement -> . expr NEWLINE
    (7) statement -> . expr SEMICOLON
    (8) statement -> . NEWLINE
    (9) statement -> . SEMICOLON
    (10) statement -> . switch_block OTHERWISE NEWLINE code_block END SEMICOLON
    (11) statement -> . switch_block OTHERWISE SEMICOLON code_block END SEMICOLON
    (12) statement -> . switch_block OTHERWISE NEWLINE code_block END NEWLINE
    (13) statement -> . switch_block OTHERWISE SEMICOLON code_block END NEWLINE
    (14) statement -> . switch_block END NEWLINE
    (15) statement -> . TRY code_block CATCH statement code_block END NEWLINE
    (16) statement -> . WHILE expr code_block END NEWLINE
    (17) statement -> . WHILE statement code_block END NEWLINE
    (18) statement -> . IF expr statement END SEMICOLON
    (19) statement -> . IF expr statement END NEWLINE
    (20) statement -> . IF expr statement END
    (21) statement -> . IF statement statement END SEMICOLON
    (22) statement -> . IF statement statement END NEWLINE
    (23) statement -> . IF statement statement END
    (24) statement -> . if_block END SEMICOLON
    (25) statement -> . if_block END NEWLINE
    (26) statement -> . if_block END
    (27) statement -> . BREAK SEMICOLON
    (28) statement -> . CONTINUE SEMICOLON
    (29) statement -> . BREAK NEWLINE
    (30) statement -> . CONTINUE NEWLINE
    (31) statement -> . FOR statement code_block END SEMICOLON
    (32) statement -> . FOR statement code_block END NEWLINE
    (33) statement -> . RETURN expr SEMICOLON
    (34) statement -> . RETURN expr NEWLINE
    (35) statement -> . FUNCTION statement code_block
    (36) statement -> . FUNCTION statement code_block END NEWLINE
    (49) expr -> . STRING
    (50) expr -> . NUMBER
    (51) expr -> . NAME
    (52) expr -> . expr CTRANSPOSE
    (53) expr -> . expr TRANSPOSE
    (54) expr -> . expr MPOWER expr
    (55) expr -> . expr POWER expr
    (56) expr -> . expr LDIVIDE expr
    (57) expr -> . expr RDIVIDE expr
    (58) expr -> . expr TIMES expr
    (59) expr -> . expr MLDIVIDE expr
    (60) expr -> . expr MRDIVIDE expr
    (61) expr -> . expr MTIMES expr
    (62) expr -> . expr MINUS expr
    (63) expr -> . expr PLUS expr
    (64) expr -> . expr NE expr
    (65) expr -> . expr EQ expr
    (66) expr -> . expr GE expr
    (67) expr -> . expr GT expr
    (68) expr -> . expr LE expr
    (69) expr -> . expr LT expr
    (70) expr -> . expr AND expr
    (71) expr -> . expr OR expr
    (72) expr -> . expr ANDAND expr
    (73) expr -> . expr OROR expr
    (74) expr -> . expr COLON expr
    (75) expr -> . NOT expr
    (76) expr -> . MINUS expr
    (77) expr -> . PLUS expr
    (78) expr -> . AT LPAREN args RPAREN expr
    (79) expr -> . expr DOT NAME
    (80) expr -> . expr ELLIPSIS NEWLINE
    (81) expr -> . LPAREN expr RPAREN
    (82) expr -> . expr ASSIGN expr
    (83) expr -> . LSQR matrx_rows matrx_elements RSQR
    (84) expr -> . LSQR matrx_elements RSQR
    (85) expr -> . LSQR RSQR
    (86) expr -> . LSQR matrx_rows RSQR
    (87) expr -> . LCURL matrx_rows matrx_elements RCURL
    (88) expr -> . LCURL matrx_elements RCURL
    (89) expr -> . LCURL RCURL
    (90) expr -> . LCURL matrx_rows RCURL
    (91) expr -> . expr LCURL args RCURL
    (92) expr -> . expr LPAREN args RPAREN
    (43) switch_block -> . SWITCH expr CASE expr code_block
    (44) switch_block -> . SWITCH expr CASE statement code_block
    (45) switch_block -> . SWITCH statement CASE expr code_block
    (46) switch_block -> . SWITCH statement CASE statement code_block
    (47) switch_block -> . switch_block CASE expr code_block
    (48) switch_block -> . switch_block CASE statement code_block
    (37) if_block -> . IF expr code_block
    (38) if_block -> . IF statement code_block
    (39) if_block -> . if_block ELSEIF expr code_block
    (40) if_block -> . if_block ELSEIF statement code_block
    (41) if_block -> . if_block ELSE SEMICOLON code_block
    (42) if_block -> . if_block ELSE NEWLINE code_block
    END             reduce using rule 41 (if_block -> if_block ELSE SEMICOLON code_block .)
    ELSEIF          reduce using rule 41 (if_block -> if_block ELSE SEMICOLON code_block .)
    ELSE            reduce using rule 41 (if_block -> if_block ELSE SEMICOLON code_block .)
    COMMAND         shift and go to state 3
    NEWLINE         shift and go to state 5
    SEMICOLON       shift and go to state 6
    TRY             shift and go to state 8
    WHILE           shift and go to state 9
    IF              shift and go to state 10
    BREAK           shift and go to state 12
    CONTINUE        shift and go to state 13
    FOR             shift and go to state 14
    RETURN          shift and go to state 15
    FUNCTION        shift and go to state 16
    STRING          shift and go to state 17
    NUMBER          shift and go to state 18
    NAME            shift and go to state 19
    NOT             shift and go to state 22
    MINUS           shift and go to state 20
    PLUS            shift and go to state 21
    AT              shift and go to state 23
    LPAREN          shift and go to state 24
    LSQR            shift and go to state 25
    LCURL           shift and go to state 26
    SWITCH          shift and go to state 27

    if_block                       shift and go to state 11
    statement                      shift and go to state 28
    expr                           shift and go to state 4
    switch_block                   shift and go to state 7

state 181

    (42) if_block -> if_block ELSE NEWLINE code_block .
    (3) code_block -> code_block . statement
    (4) statement -> . COMMAND
    (5) statement -> . expr COMMA
    (6) statement -> . expr NEWLINE
    (7) statement -> . expr SEMICOLON
    (8) statement -> . NEWLINE
    (9) statement -> . SEMICOLON
    (10) statement -> . switch_block OTHERWISE NEWLINE code_block END SEMICOLON
    (11) statement -> . switch_block OTHERWISE SEMICOLON code_block END SEMICOLON
    (12) statement -> . switch_block OTHERWISE NEWLINE code_block END NEWLINE
    (13) statement -> . switch_block OTHERWISE SEMICOLON code_block END NEWLINE
    (14) statement -> . switch_block END NEWLINE
    (15) statement -> . TRY code_block CATCH statement code_block END NEWLINE
    (16) statement -> . WHILE expr code_block END NEWLINE
    (17) statement -> . WHILE statement code_block END NEWLINE
    (18) statement -> . IF expr statement END SEMICOLON
    (19) statement -> . IF expr statement END NEWLINE
    (20) statement -> . IF expr statement END
    (21) statement -> . IF statement statement END SEMICOLON
    (22) statement -> . IF statement statement END NEWLINE
    (23) statement -> . IF statement statement END
    (24) statement -> . if_block END SEMICOLON
    (25) statement -> . if_block END NEWLINE
    (26) statement -> . if_block END
    (27) statement -> . BREAK SEMICOLON
    (28) statement -> . CONTINUE SEMICOLON
    (29) statement -> . BREAK NEWLINE
    (30) statement -> . CONTINUE NEWLINE
    (31) statement -> . FOR statement code_block END SEMICOLON
    (32) statement -> . FOR statement code_block END NEWLINE
    (33) statement -> . RETURN expr SEMICOLON
    (34) statement -> . RETURN expr NEWLINE
    (35) statement -> . FUNCTION statement code_block
    (36) statement -> . FUNCTION statement code_block END NEWLINE
    (49) expr -> . STRING
    (50) expr -> . NUMBER
    (51) expr -> . NAME
    (52) expr -> . expr CTRANSPOSE
    (53) expr -> . expr TRANSPOSE
    (54) expr -> . expr MPOWER expr
    (55) expr -> . expr POWER expr
    (56) expr -> . expr LDIVIDE expr
    (57) expr -> . expr RDIVIDE expr
    (58) expr -> . expr TIMES expr
    (59) expr -> . expr MLDIVIDE expr
    (60) expr -> . expr MRDIVIDE expr
    (61) expr -> . expr MTIMES expr
    (62) expr -> . expr MINUS expr
    (63) expr -> . expr PLUS expr
    (64) expr -> . expr NE expr
    (65) expr -> . expr EQ expr
    (66) expr -> . expr GE expr
    (67) expr -> . expr GT expr
    (68) expr -> . expr LE expr
    (69) expr -> . expr LT expr
    (70) expr -> . expr AND expr
    (71) expr -> . expr OR expr
    (72) expr -> . expr ANDAND expr
    (73) expr -> . expr OROR expr
    (74) expr -> . expr COLON expr
    (75) expr -> . NOT expr
    (76) expr -> . MINUS expr
    (77) expr -> . PLUS expr
    (78) expr -> . AT LPAREN args RPAREN expr
    (79) expr -> . expr DOT NAME
    (80) expr -> . expr ELLIPSIS NEWLINE
    (81) expr -> . LPAREN expr RPAREN
    (82) expr -> . expr ASSIGN expr
    (83) expr -> . LSQR matrx_rows matrx_elements RSQR
    (84) expr -> . LSQR matrx_elements RSQR
    (85) expr -> . LSQR RSQR
    (86) expr -> . LSQR matrx_rows RSQR
    (87) expr -> . LCURL matrx_rows matrx_elements RCURL
    (88) expr -> . LCURL matrx_elements RCURL
    (89) expr -> . LCURL RCURL
    (90) expr -> . LCURL matrx_rows RCURL
    (91) expr -> . expr LCURL args RCURL
    (92) expr -> . expr LPAREN args RPAREN
    (43) switch_block -> . SWITCH expr CASE expr code_block
    (44) switch_block -> . SWITCH expr CASE statement code_block
    (45) switch_block -> . SWITCH statement CASE expr code_block
    (46) switch_block -> . SWITCH statement CASE statement code_block
    (47) switch_block -> . switch_block CASE expr code_block
    (48) switch_block -> . switch_block CASE statement code_block
    (37) if_block -> . IF expr code_block
    (38) if_block -> . IF statement code_block
    (39) if_block -> . if_block ELSEIF expr code_block
    (40) if_block -> . if_block ELSEIF statement code_block
    (41) if_block -> . if_block ELSE SEMICOLON code_block
    (42) if_block -> . if_block ELSE NEWLINE code_block
    END             reduce using rule 42 (if_block -> if_block ELSE NEWLINE code_block .)
    ELSEIF          reduce using rule 42 (if_block -> if_block ELSE NEWLINE code_block .)
    ELSE            reduce using rule 42 (if_block -> if_block ELSE NEWLINE code_block .)
    COMMAND         shift and go to state 3
    NEWLINE         shift and go to state 5
    SEMICOLON       shift and go to state 6
    TRY             shift and go to state 8
    WHILE           shift and go to state 9
    IF              shift and go to state 10
    BREAK           shift and go to state 12
    CONTINUE        shift and go to state 13
    FOR             shift and go to state 14
    RETURN          shift and go to state 15
    FUNCTION        shift and go to state 16
    STRING          shift and go to state 17
    NUMBER          shift and go to state 18
    NAME            shift and go to state 19
    NOT             shift and go to state 22
    MINUS           shift and go to state 20
    PLUS            shift and go to state 21
    AT              shift and go to state 23
    LPAREN          shift and go to state 24
    LSQR            shift and go to state 25
    LCURL           shift and go to state 26
    SWITCH          shift and go to state 27

    if_block                       shift and go to state 11
    statement                      shift and go to state 28
    expr                           shift and go to state 4
    switch_block                   shift and go to state 7

state 182

    (31) statement -> FOR statement code_block END . SEMICOLON
    (32) statement -> FOR statement code_block END . NEWLINE
    SEMICOLON       shift and go to state 204
    NEWLINE         shift and go to state 205


state 183

    (36) statement -> FUNCTION statement code_block END . NEWLINE
    NEWLINE         shift and go to state 206


state 184

    (78) expr -> AT LPAREN args RPAREN . expr
    (49) expr -> . STRING
    (50) expr -> . NUMBER
    (51) expr -> . NAME
    (52) expr -> . expr CTRANSPOSE
    (53) expr -> . expr TRANSPOSE
    (54) expr -> . expr MPOWER expr
    (55) expr -> . expr POWER expr
    (56) expr -> . expr LDIVIDE expr
    (57) expr -> . expr RDIVIDE expr
    (58) expr -> . expr TIMES expr
    (59) expr -> . expr MLDIVIDE expr
    (60) expr -> . expr MRDIVIDE expr
    (61) expr -> . expr MTIMES expr
    (62) expr -> . expr MINUS expr
    (63) expr -> . expr PLUS expr
    (64) expr -> . expr NE expr
    (65) expr -> . expr EQ expr
    (66) expr -> . expr GE expr
    (67) expr -> . expr GT expr
    (68) expr -> . expr LE expr
    (69) expr -> . expr LT expr
    (70) expr -> . expr AND expr
    (71) expr -> . expr OR expr
    (72) expr -> . expr ANDAND expr
    (73) expr -> . expr OROR expr
    (74) expr -> . expr COLON expr
    (75) expr -> . NOT expr
    (76) expr -> . MINUS expr
    (77) expr -> . PLUS expr
    (78) expr -> . AT LPAREN args RPAREN expr
    (79) expr -> . expr DOT NAME
    (80) expr -> . expr ELLIPSIS NEWLINE
    (81) expr -> . LPAREN expr RPAREN
    (82) expr -> . expr ASSIGN expr
    (83) expr -> . LSQR matrx_rows matrx_elements RSQR
    (84) expr -> . LSQR matrx_elements RSQR
    (85) expr -> . LSQR RSQR
    (86) expr -> . LSQR matrx_rows RSQR
    (87) expr -> . LCURL matrx_rows matrx_elements RCURL
    (88) expr -> . LCURL matrx_elements RCURL
    (89) expr -> . LCURL RCURL
    (90) expr -> . LCURL matrx_rows RCURL
    (91) expr -> . expr LCURL args RCURL
    (92) expr -> . expr LPAREN args RPAREN
    STRING          shift and go to state 17
    NUMBER          shift and go to state 18
    NAME            shift and go to state 19
    NOT             shift and go to state 22
    MINUS           shift and go to state 20
    PLUS            shift and go to state 21
    AT              shift and go to state 23
    LPAREN          shift and go to state 24
    LSQR            shift and go to state 25
    LCURL           shift and go to state 26

    expr                           shift and go to state 207

state 185

    (83) expr -> LSQR matrx_rows matrx_elements RSQR .
    COMMA           reduce using rule 83 (expr -> LSQR matrx_rows matrx_elements RSQR .)
    NEWLINE         reduce using rule 83 (expr -> LSQR matrx_rows matrx_elements RSQR .)
    SEMICOLON       reduce using rule 83 (expr -> LSQR matrx_rows matrx_elements RSQR .)
    CTRANSPOSE      reduce using rule 83 (expr -> LSQR matrx_rows matrx_elements RSQR .)
    TRANSPOSE       reduce using rule 83 (expr -> LSQR matrx_rows matrx_elements RSQR .)
    MPOWER          reduce using rule 83 (expr -> LSQR matrx_rows matrx_elements RSQR .)
    POWER           reduce using rule 83 (expr -> LSQR matrx_rows matrx_elements RSQR .)
    LDIVIDE         reduce using rule 83 (expr -> LSQR matrx_rows matrx_elements RSQR .)
    RDIVIDE         reduce using rule 83 (expr -> LSQR matrx_rows matrx_elements RSQR .)
    TIMES           reduce using rule 83 (expr -> LSQR matrx_rows matrx_elements RSQR .)
    MLDIVIDE        reduce using rule 83 (expr -> LSQR matrx_rows matrx_elements RSQR .)
    MRDIVIDE        reduce using rule 83 (expr -> LSQR matrx_rows matrx_elements RSQR .)
    MTIMES          reduce using rule 83 (expr -> LSQR matrx_rows matrx_elements RSQR .)
    MINUS           reduce using rule 83 (expr -> LSQR matrx_rows matrx_elements RSQR .)
    PLUS            reduce using rule 83 (expr -> LSQR matrx_rows matrx_elements RSQR .)
    NE              reduce using rule 83 (expr -> LSQR matrx_rows matrx_elements RSQR .)
    EQ              reduce using rule 83 (expr -> LSQR matrx_rows matrx_elements RSQR .)
    GE              reduce using rule 83 (expr -> LSQR matrx_rows matrx_elements RSQR .)
    GT              reduce using rule 83 (expr -> LSQR matrx_rows matrx_elements RSQR .)
    LE              reduce using rule 83 (expr -> LSQR matrx_rows matrx_elements RSQR .)
    LT              reduce using rule 83 (expr -> LSQR matrx_rows matrx_elements RSQR .)
    AND             reduce using rule 83 (expr -> LSQR matrx_rows matrx_elements RSQR .)
    OR              reduce using rule 83 (expr -> LSQR matrx_rows matrx_elements RSQR .)
    ANDAND          reduce using rule 83 (expr -> LSQR matrx_rows matrx_elements RSQR .)
    OROR            reduce using rule 83 (expr -> LSQR matrx_rows matrx_elements RSQR .)
    COLON           reduce using rule 83 (expr -> LSQR matrx_rows matrx_elements RSQR .)
    DOT             reduce using rule 83 (expr -> LSQR matrx_rows matrx_elements RSQR .)
    ELLIPSIS        reduce using rule 83 (expr -> LSQR matrx_rows matrx_elements RSQR .)
    ASSIGN          reduce using rule 83 (expr -> LSQR matrx_rows matrx_elements RSQR .)
    LCURL           reduce using rule 83 (expr -> LSQR matrx_rows matrx_elements RSQR .)
    LPAREN          reduce using rule 83 (expr -> LSQR matrx_rows matrx_elements RSQR .)
    COMMAND         reduce using rule 83 (expr -> LSQR matrx_rows matrx_elements RSQR .)
    TRY             reduce using rule 83 (expr -> LSQR matrx_rows matrx_elements RSQR .)
    WHILE           reduce using rule 83 (expr -> LSQR matrx_rows matrx_elements RSQR .)
    IF              reduce using rule 83 (expr -> LSQR matrx_rows matrx_elements RSQR .)
    BREAK           reduce using rule 83 (expr -> LSQR matrx_rows matrx_elements RSQR .)
    CONTINUE        reduce using rule 83 (expr -> LSQR matrx_rows matrx_elements RSQR .)
    FOR             reduce using rule 83 (expr -> LSQR matrx_rows matrx_elements RSQR .)
    RETURN          reduce using rule 83 (expr -> LSQR matrx_rows matrx_elements RSQR .)
    FUNCTION        reduce using rule 83 (expr -> LSQR matrx_rows matrx_elements RSQR .)
    STRING          reduce using rule 83 (expr -> LSQR matrx_rows matrx_elements RSQR .)
    NUMBER          reduce using rule 83 (expr -> LSQR matrx_rows matrx_elements RSQR .)
    NAME            reduce using rule 83 (expr -> LSQR matrx_rows matrx_elements RSQR .)
    NOT             reduce using rule 83 (expr -> LSQR matrx_rows matrx_elements RSQR .)
    AT              reduce using rule 83 (expr -> LSQR matrx_rows matrx_elements RSQR .)
    LSQR            reduce using rule 83 (expr -> LSQR matrx_rows matrx_elements RSQR .)
    SWITCH          reduce using rule 83 (expr -> LSQR matrx_rows matrx_elements RSQR .)
    RPAREN          reduce using rule 83 (expr -> LSQR matrx_rows matrx_elements RSQR .)
    RSQR            reduce using rule 83 (expr -> LSQR matrx_rows matrx_elements RSQR .)
    RCURL           reduce using rule 83 (expr -> LSQR matrx_rows matrx_elements RSQR .)
    CASE            reduce using rule 83 (expr -> LSQR matrx_rows matrx_elements RSQR .)


state 186

    (97) matrx_rows -> matrx_rows matrx_elements SEMICOLON .
    RSQR            reduce using rule 97 (matrx_rows -> matrx_rows matrx_elements SEMICOLON .)
    STRING          reduce using rule 97 (matrx_rows -> matrx_rows matrx_elements SEMICOLON .)
    NUMBER          reduce using rule 97 (matrx_rows -> matrx_rows matrx_elements SEMICOLON .)
    NAME            reduce using rule 97 (matrx_rows -> matrx_rows matrx_elements SEMICOLON .)
    NOT             reduce using rule 97 (matrx_rows -> matrx_rows matrx_elements SEMICOLON .)
    MINUS           reduce using rule 97 (matrx_rows -> matrx_rows matrx_elements SEMICOLON .)
    PLUS            reduce using rule 97 (matrx_rows -> matrx_rows matrx_elements SEMICOLON .)
    AT              reduce using rule 97 (matrx_rows -> matrx_rows matrx_elements SEMICOLON .)
    LPAREN          reduce using rule 97 (matrx_rows -> matrx_rows matrx_elements SEMICOLON .)
    LSQR            reduce using rule 97 (matrx_rows -> matrx_rows matrx_elements SEMICOLON .)
    LCURL           reduce using rule 97 (matrx_rows -> matrx_rows matrx_elements SEMICOLON .)
    RCURL           reduce using rule 97 (matrx_rows -> matrx_rows matrx_elements SEMICOLON .)


state 187

    (99) matrx_elements -> matrx_elements COMMA expr .
    (52) expr -> expr . CTRANSPOSE
    (53) expr -> expr . TRANSPOSE
    (54) expr -> expr . MPOWER expr
    (55) expr -> expr . POWER expr
    (56) expr -> expr . LDIVIDE expr
    (57) expr -> expr . RDIVIDE expr
    (58) expr -> expr . TIMES expr
    (59) expr -> expr . MLDIVIDE expr
    (60) expr -> expr . MRDIVIDE expr
    (61) expr -> expr . MTIMES expr
    (62) expr -> expr . MINUS expr
    (63) expr -> expr . PLUS expr
    (64) expr -> expr . NE expr
    (65) expr -> expr . EQ expr
    (66) expr -> expr . GE expr
    (67) expr -> expr . GT expr
    (68) expr -> expr . LE expr
    (69) expr -> expr . LT expr
    (70) expr -> expr . AND expr
    (71) expr -> expr . OR expr
    (72) expr -> expr . ANDAND expr
    (73) expr -> expr . OROR expr
    (74) expr -> expr . COLON expr
    (79) expr -> expr . DOT NAME
    (80) expr -> expr . ELLIPSIS NEWLINE
    (82) expr -> expr . ASSIGN expr
    (91) expr -> expr . LCURL args RCURL
    (92) expr -> expr . LPAREN args RPAREN
    RSQR            reduce using rule 99 (matrx_elements -> matrx_elements COMMA expr .)
    SEMICOLON       reduce using rule 99 (matrx_elements -> matrx_elements COMMA expr .)
    COMMA           reduce using rule 99 (matrx_elements -> matrx_elements COMMA expr .)
    STRING          reduce using rule 99 (matrx_elements -> matrx_elements COMMA expr .)
    NUMBER          reduce using rule 99 (matrx_elements -> matrx_elements COMMA expr .)
    NAME            reduce using rule 99 (matrx_elements -> matrx_elements COMMA expr .)
    NOT             reduce using rule 99 (matrx_elements -> matrx_elements COMMA expr .)
    AT              reduce using rule 99 (matrx_elements -> matrx_elements COMMA expr .)
    LPAREN          reduce using rule 99 (matrx_elements -> matrx_elements COMMA expr .)
    LSQR            reduce using rule 99 (matrx_elements -> matrx_elements COMMA expr .)
    LCURL           reduce using rule 99 (matrx_elements -> matrx_elements COMMA expr .)
    RCURL           reduce using rule 99 (matrx_elements -> matrx_elements COMMA expr .)
    CTRANSPOSE      shift and go to state 33
    TRANSPOSE       shift and go to state 34
    MPOWER          shift and go to state 35
    POWER           shift and go to state 36
    LDIVIDE         shift and go to state 37
    RDIVIDE         shift and go to state 38
    TIMES           shift and go to state 39
    MLDIVIDE        shift and go to state 40
    MRDIVIDE        shift and go to state 41
    MTIMES          shift and go to state 42
    MINUS           shift and go to state 43
    PLUS            shift and go to state 44
    NE              shift and go to state 45
    EQ              shift and go to state 46
    GE              shift and go to state 47
    GT              shift and go to state 48
    LE              shift and go to state 49
    LT              shift and go to state 50
    AND             shift and go to state 51
    OR              shift and go to state 52
    ANDAND          shift and go to state 53
    OROR            shift and go to state 54
    COLON           shift and go to state 55
    DOT             shift and go to state 56
    ELLIPSIS        shift and go to state 57
    ASSIGN          shift and go to state 58


state 188

    (87) expr -> LCURL matrx_rows matrx_elements RCURL .
    COMMA           reduce using rule 87 (expr -> LCURL matrx_rows matrx_elements RCURL .)
    NEWLINE         reduce using rule 87 (expr -> LCURL matrx_rows matrx_elements RCURL .)
    SEMICOLON       reduce using rule 87 (expr -> LCURL matrx_rows matrx_elements RCURL .)
    CTRANSPOSE      reduce using rule 87 (expr -> LCURL matrx_rows matrx_elements RCURL .)
    TRANSPOSE       reduce using rule 87 (expr -> LCURL matrx_rows matrx_elements RCURL .)
    MPOWER          reduce using rule 87 (expr -> LCURL matrx_rows matrx_elements RCURL .)
    POWER           reduce using rule 87 (expr -> LCURL matrx_rows matrx_elements RCURL .)
    LDIVIDE         reduce using rule 87 (expr -> LCURL matrx_rows matrx_elements RCURL .)
    RDIVIDE         reduce using rule 87 (expr -> LCURL matrx_rows matrx_elements RCURL .)
    TIMES           reduce using rule 87 (expr -> LCURL matrx_rows matrx_elements RCURL .)
    MLDIVIDE        reduce using rule 87 (expr -> LCURL matrx_rows matrx_elements RCURL .)
    MRDIVIDE        reduce using rule 87 (expr -> LCURL matrx_rows matrx_elements RCURL .)
    MTIMES          reduce using rule 87 (expr -> LCURL matrx_rows matrx_elements RCURL .)
    MINUS           reduce using rule 87 (expr -> LCURL matrx_rows matrx_elements RCURL .)
    PLUS            reduce using rule 87 (expr -> LCURL matrx_rows matrx_elements RCURL .)
    NE              reduce using rule 87 (expr -> LCURL matrx_rows matrx_elements RCURL .)
    EQ              reduce using rule 87 (expr -> LCURL matrx_rows matrx_elements RCURL .)
    GE              reduce using rule 87 (expr -> LCURL matrx_rows matrx_elements RCURL .)
    GT              reduce using rule 87 (expr -> LCURL matrx_rows matrx_elements RCURL .)
    LE              reduce using rule 87 (expr -> LCURL matrx_rows matrx_elements RCURL .)
    LT              reduce using rule 87 (expr -> LCURL matrx_rows matrx_elements RCURL .)
    AND             reduce using rule 87 (expr -> LCURL matrx_rows matrx_elements RCURL .)
    OR              reduce using rule 87 (expr -> LCURL matrx_rows matrx_elements RCURL .)
    ANDAND          reduce using rule 87 (expr -> LCURL matrx_rows matrx_elements RCURL .)
    OROR            reduce using rule 87 (expr -> LCURL matrx_rows matrx_elements RCURL .)
    COLON           reduce using rule 87 (expr -> LCURL matrx_rows matrx_elements RCURL .)
    DOT             reduce using rule 87 (expr -> LCURL matrx_rows matrx_elements RCURL .)
    ELLIPSIS        reduce using rule 87 (expr -> LCURL matrx_rows matrx_elements RCURL .)
    ASSIGN          reduce using rule 87 (expr -> LCURL matrx_rows matrx_elements RCURL .)
    LCURL           reduce using rule 87 (expr -> LCURL matrx_rows matrx_elements RCURL .)
    LPAREN          reduce using rule 87 (expr -> LCURL matrx_rows matrx_elements RCURL .)
    COMMAND         reduce using rule 87 (expr -> LCURL matrx_rows matrx_elements RCURL .)
    TRY             reduce using rule 87 (expr -> LCURL matrx_rows matrx_elements RCURL .)
    WHILE           reduce using rule 87 (expr -> LCURL matrx_rows matrx_elements RCURL .)
    IF              reduce using rule 87 (expr -> LCURL matrx_rows matrx_elements RCURL .)
    BREAK           reduce using rule 87 (expr -> LCURL matrx_rows matrx_elements RCURL .)
    CONTINUE        reduce using rule 87 (expr -> LCURL matrx_rows matrx_elements RCURL .)
    FOR             reduce using rule 87 (expr -> LCURL matrx_rows matrx_elements RCURL .)
    RETURN          reduce using rule 87 (expr -> LCURL matrx_rows matrx_elements RCURL .)
    FUNCTION        reduce using rule 87 (expr -> LCURL matrx_rows matrx_elements RCURL .)
    STRING          reduce using rule 87 (expr -> LCURL matrx_rows matrx_elements RCURL .)
    NUMBER          reduce using rule 87 (expr -> LCURL matrx_rows matrx_elements RCURL .)
    NAME            reduce using rule 87 (expr -> LCURL matrx_rows matrx_elements RCURL .)
    NOT             reduce using rule 87 (expr -> LCURL matrx_rows matrx_elements RCURL .)
    AT              reduce using rule 87 (expr -> LCURL matrx_rows matrx_elements RCURL .)
    LSQR            reduce using rule 87 (expr -> LCURL matrx_rows matrx_elements RCURL .)
    SWITCH          reduce using rule 87 (expr -> LCURL matrx_rows matrx_elements RCURL .)
    RPAREN          reduce using rule 87 (expr -> LCURL matrx_rows matrx_elements RCURL .)
    RSQR            reduce using rule 87 (expr -> LCURL matrx_rows matrx_elements RCURL .)
    RCURL           reduce using rule 87 (expr -> LCURL matrx_rows matrx_elements RCURL .)
    CASE            reduce using rule 87 (expr -> LCURL matrx_rows matrx_elements RCURL .)


state 189

    (43) switch_block -> SWITCH expr CASE expr . code_block
    (52) expr -> expr . CTRANSPOSE
    (53) expr -> expr . TRANSPOSE
    (54) expr -> expr . MPOWER expr
    (55) expr -> expr . POWER expr
    (56) expr -> expr . LDIVIDE expr
    (57) expr -> expr . RDIVIDE expr
    (58) expr -> expr . TIMES expr
    (59) expr -> expr . MLDIVIDE expr
    (60) expr -> expr . MRDIVIDE expr
    (61) expr -> expr . MTIMES expr
    (62) expr -> expr . MINUS expr
    (63) expr -> expr . PLUS expr
    (64) expr -> expr . NE expr
    (65) expr -> expr . EQ expr
    (66) expr -> expr . GE expr
    (67) expr -> expr . GT expr
    (68) expr -> expr . LE expr
    (69) expr -> expr . LT expr
    (70) expr -> expr . AND expr
    (71) expr -> expr . OR expr
    (72) expr -> expr . ANDAND expr
    (73) expr -> expr . OROR expr
    (74) expr -> expr . COLON expr
    (79) expr -> expr . DOT NAME
    (80) expr -> expr . ELLIPSIS NEWLINE
    (82) expr -> expr . ASSIGN expr
    (91) expr -> expr . LCURL args RCURL
    (92) expr -> expr . LPAREN args RPAREN
    (5) statement -> expr . COMMA
    (6) statement -> expr . NEWLINE
    (7) statement -> expr . SEMICOLON
    (1) code_block -> . statement
    (2) code_block -> . statement code_block
    (3) code_block -> . code_block statement
    (4) statement -> . COMMAND
    (5) statement -> . expr COMMA
    (6) statement -> . expr NEWLINE
    (7) statement -> . expr SEMICOLON
    (8) statement -> . NEWLINE
    (9) statement -> . SEMICOLON
    (10) statement -> . switch_block OTHERWISE NEWLINE code_block END SEMICOLON
    (11) statement -> . switch_block OTHERWISE SEMICOLON code_block END SEMICOLON
    (12) statement -> . switch_block OTHERWISE NEWLINE code_block END NEWLINE
    (13) statement -> . switch_block OTHERWISE SEMICOLON code_block END NEWLINE
    (14) statement -> . switch_block END NEWLINE
    (15) statement -> . TRY code_block CATCH statement code_block END NEWLINE
    (16) statement -> . WHILE expr code_block END NEWLINE
    (17) statement -> . WHILE statement code_block END NEWLINE
    (18) statement -> . IF expr statement END SEMICOLON
    (19) statement -> . IF expr statement END NEWLINE
    (20) statement -> . IF expr statement END
    (21) statement -> . IF statement statement END SEMICOLON
    (22) statement -> . IF statement statement END NEWLINE
    (23) statement -> . IF statement statement END
    (24) statement -> . if_block END SEMICOLON
    (25) statement -> . if_block END NEWLINE
    (26) statement -> . if_block END
    (27) statement -> . BREAK SEMICOLON
    (28) statement -> . CONTINUE SEMICOLON
    (29) statement -> . BREAK NEWLINE
    (30) statement -> . CONTINUE NEWLINE
    (31) statement -> . FOR statement code_block END SEMICOLON
    (32) statement -> . FOR statement code_block END NEWLINE
    (33) statement -> . RETURN expr SEMICOLON
    (34) statement -> . RETURN expr NEWLINE
    (35) statement -> . FUNCTION statement code_block
    (36) statement -> . FUNCTION statement code_block END NEWLINE
    (49) expr -> . STRING
    (50) expr -> . NUMBER
    (51) expr -> . NAME
    (52) expr -> . expr CTRANSPOSE
    (53) expr -> . expr TRANSPOSE
    (54) expr -> . expr MPOWER expr
    (55) expr -> . expr POWER expr
    (56) expr -> . expr LDIVIDE expr
    (57) expr -> . expr RDIVIDE expr
    (58) expr -> . expr TIMES expr
    (59) expr -> . expr MLDIVIDE expr
    (60) expr -> . expr MRDIVIDE expr
    (61) expr -> . expr MTIMES expr
    (62) expr -> . expr MINUS expr
    (63) expr -> . expr PLUS expr
    (64) expr -> . expr NE expr
    (65) expr -> . expr EQ expr
    (66) expr -> . expr GE expr
    (67) expr -> . expr GT expr
    (68) expr -> . expr LE expr
    (69) expr -> . expr LT expr
    (70) expr -> . expr AND expr
    (71) expr -> . expr OR expr
    (72) expr -> . expr ANDAND expr
    (73) expr -> . expr OROR expr
    (74) expr -> . expr COLON expr
    (75) expr -> . NOT expr
    (76) expr -> . MINUS expr
    (77) expr -> . PLUS expr
    (78) expr -> . AT LPAREN args RPAREN expr
    (79) expr -> . expr DOT NAME
    (80) expr -> . expr ELLIPSIS NEWLINE
    (81) expr -> . LPAREN expr RPAREN
    (82) expr -> . expr ASSIGN expr
    (83) expr -> . LSQR matrx_rows matrx_elements RSQR
    (84) expr -> . LSQR matrx_elements RSQR
    (85) expr -> . LSQR RSQR
    (86) expr -> . LSQR matrx_rows RSQR
    (87) expr -> . LCURL matrx_rows matrx_elements RCURL
    (88) expr -> . LCURL matrx_elements RCURL
    (89) expr -> . LCURL RCURL
    (90) expr -> . LCURL matrx_rows RCURL
    (91) expr -> . expr LCURL args RCURL
    (92) expr -> . expr LPAREN args RPAREN
    (43) switch_block -> . SWITCH expr CASE expr code_block
    (44) switch_block -> . SWITCH expr CASE statement code_block
    (45) switch_block -> . SWITCH statement CASE expr code_block
    (46) switch_block -> . SWITCH statement CASE statement code_block
    (47) switch_block -> . switch_block CASE expr code_block
    (48) switch_block -> . switch_block CASE statement code_block
    (37) if_block -> . IF expr code_block
    (38) if_block -> . IF statement code_block
    (39) if_block -> . if_block ELSEIF expr code_block
    (40) if_block -> . if_block ELSEIF statement code_block
    (41) if_block -> . if_block ELSE SEMICOLON code_block
    (42) if_block -> . if_block ELSE NEWLINE code_block
    CTRANSPOSE      shift and go to state 33
    TRANSPOSE       shift and go to state 34
    MPOWER          shift and go to state 35
    POWER           shift and go to state 36
    LDIVIDE         shift and go to state 37
    RDIVIDE         shift and go to state 38
    TIMES           shift and go to state 39
    MLDIVIDE        shift and go to state 40
    MRDIVIDE        shift and go to state 41
    MTIMES          shift and go to state 42
    MINUS           shift and go to state 128
    PLUS            shift and go to state 129
    NE              shift and go to state 45
    EQ              shift and go to state 46
    GE              shift and go to state 47
    GT              shift and go to state 48
    LE              shift and go to state 49
    LT              shift and go to state 50
    AND             shift and go to state 51
    OR              shift and go to state 52
    ANDAND          shift and go to state 53
    OROR            shift and go to state 54
    COLON           shift and go to state 55
    DOT             shift and go to state 56
    ELLIPSIS        shift and go to state 57
    ASSIGN          shift and go to state 58
    LCURL           shift and go to state 130
    LPAREN          shift and go to state 131
    COMMA           shift and go to state 30
    NEWLINE         shift and go to state 127
    SEMICOLON       shift and go to state 132
    COMMAND         shift and go to state 3
    TRY             shift and go to state 8
    WHILE           shift and go to state 9
    IF              shift and go to state 10
    BREAK           shift and go to state 12
    CONTINUE        shift and go to state 13
    FOR             shift and go to state 14
    RETURN          shift and go to state 15
    FUNCTION        shift and go to state 16
    STRING          shift and go to state 17
    NUMBER          shift and go to state 18
    NAME            shift and go to state 19
    NOT             shift and go to state 22
    AT              shift and go to state 23
    LSQR            shift and go to state 25
    SWITCH          shift and go to state 27

    expr                           shift and go to state 4
    code_block                     shift and go to state 208
    statement                      shift and go to state 2
    switch_block                   shift and go to state 7
    if_block                       shift and go to state 11

state 190

    (44) switch_block -> SWITCH expr CASE statement . code_block
    (1) code_block -> . statement
    (2) code_block -> . statement code_block
    (3) code_block -> . code_block statement
    (4) statement -> . COMMAND
    (5) statement -> . expr COMMA
    (6) statement -> . expr NEWLINE
    (7) statement -> . expr SEMICOLON
    (8) statement -> . NEWLINE
    (9) statement -> . SEMICOLON
    (10) statement -> . switch_block OTHERWISE NEWLINE code_block END SEMICOLON
    (11) statement -> . switch_block OTHERWISE SEMICOLON code_block END SEMICOLON
    (12) statement -> . switch_block OTHERWISE NEWLINE code_block END NEWLINE
    (13) statement -> . switch_block OTHERWISE SEMICOLON code_block END NEWLINE
    (14) statement -> . switch_block END NEWLINE
    (15) statement -> . TRY code_block CATCH statement code_block END NEWLINE
    (16) statement -> . WHILE expr code_block END NEWLINE
    (17) statement -> . WHILE statement code_block END NEWLINE
    (18) statement -> . IF expr statement END SEMICOLON
    (19) statement -> . IF expr statement END NEWLINE
    (20) statement -> . IF expr statement END
    (21) statement -> . IF statement statement END SEMICOLON
    (22) statement -> . IF statement statement END NEWLINE
    (23) statement -> . IF statement statement END
    (24) statement -> . if_block END SEMICOLON
    (25) statement -> . if_block END NEWLINE
    (26) statement -> . if_block END
    (27) statement -> . BREAK SEMICOLON
    (28) statement -> . CONTINUE SEMICOLON
    (29) statement -> . BREAK NEWLINE
    (30) statement -> . CONTINUE NEWLINE
    (31) statement -> . FOR statement code_block END SEMICOLON
    (32) statement -> . FOR statement code_block END NEWLINE
    (33) statement -> . RETURN expr SEMICOLON
    (34) statement -> . RETURN expr NEWLINE
    (35) statement -> . FUNCTION statement code_block
    (36) statement -> . FUNCTION statement code_block END NEWLINE
    (49) expr -> . STRING
    (50) expr -> . NUMBER
    (51) expr -> . NAME
    (52) expr -> . expr CTRANSPOSE
    (53) expr -> . expr TRANSPOSE
    (54) expr -> . expr MPOWER expr
    (55) expr -> . expr POWER expr
    (56) expr -> . expr LDIVIDE expr
    (57) expr -> . expr RDIVIDE expr
    (58) expr -> . expr TIMES expr
    (59) expr -> . expr MLDIVIDE expr
    (60) expr -> . expr MRDIVIDE expr
    (61) expr -> . expr MTIMES expr
    (62) expr -> . expr MINUS expr
    (63) expr -> . expr PLUS expr
    (64) expr -> . expr NE expr
    (65) expr -> . expr EQ expr
    (66) expr -> . expr GE expr
    (67) expr -> . expr GT expr
    (68) expr -> . expr LE expr
    (69) expr -> . expr LT expr
    (70) expr -> . expr AND expr
    (71) expr -> . expr OR expr
    (72) expr -> . expr ANDAND expr
    (73) expr -> . expr OROR expr
    (74) expr -> . expr COLON expr
    (75) expr -> . NOT expr
    (76) expr -> . MINUS expr
    (77) expr -> . PLUS expr
    (78) expr -> . AT LPAREN args RPAREN expr
    (79) expr -> . expr DOT NAME
    (80) expr -> . expr ELLIPSIS NEWLINE
    (81) expr -> . LPAREN expr RPAREN
    (82) expr -> . expr ASSIGN expr
    (83) expr -> . LSQR matrx_rows matrx_elements RSQR
    (84) expr -> . LSQR matrx_elements RSQR
    (85) expr -> . LSQR RSQR
    (86) expr -> . LSQR matrx_rows RSQR
    (87) expr -> . LCURL matrx_rows matrx_elements RCURL
    (88) expr -> . LCURL matrx_elements RCURL
    (89) expr -> . LCURL RCURL
    (90) expr -> . LCURL matrx_rows RCURL
    (91) expr -> . expr LCURL args RCURL
    (92) expr -> . expr LPAREN args RPAREN
    (43) switch_block -> . SWITCH expr CASE expr code_block
    (44) switch_block -> . SWITCH expr CASE statement code_block
    (45) switch_block -> . SWITCH statement CASE expr code_block
    (46) switch_block -> . SWITCH statement CASE statement code_block
    (47) switch_block -> . switch_block CASE expr code_block
    (48) switch_block -> . switch_block CASE statement code_block
    (37) if_block -> . IF expr code_block
    (38) if_block -> . IF statement code_block
    (39) if_block -> . if_block ELSEIF expr code_block
    (40) if_block -> . if_block ELSEIF statement code_block
    (41) if_block -> . if_block ELSE SEMICOLON code_block
    (42) if_block -> . if_block ELSE NEWLINE code_block
    COMMAND         shift and go to state 3
    NEWLINE         shift and go to state 5
    SEMICOLON       shift and go to state 6
    TRY             shift and go to state 8
    WHILE           shift and go to state 9
    IF              shift and go to state 10
    BREAK           shift and go to state 12
    CONTINUE        shift and go to state 13
    FOR             shift and go to state 14
    RETURN          shift and go to state 15
    FUNCTION        shift and go to state 16
    STRING          shift and go to state 17
    NUMBER          shift and go to state 18
    NAME            shift and go to state 19
    NOT             shift and go to state 22
    MINUS           shift and go to state 20
    PLUS            shift and go to state 21
    AT              shift and go to state 23
    LPAREN          shift and go to state 24
    LSQR            shift and go to state 25
    LCURL           shift and go to state 26
    SWITCH          shift and go to state 27

    expr                           shift and go to state 4
    statement                      shift and go to state 2
    code_block                     shift and go to state 209
    switch_block                   shift and go to state 7
    if_block                       shift and go to state 11

state 191

    (46) switch_block -> SWITCH statement CASE statement . code_block
    (1) code_block -> . statement
    (2) code_block -> . statement code_block
    (3) code_block -> . code_block statement
    (4) statement -> . COMMAND
    (5) statement -> . expr COMMA
    (6) statement -> . expr NEWLINE
    (7) statement -> . expr SEMICOLON
    (8) statement -> . NEWLINE
    (9) statement -> . SEMICOLON
    (10) statement -> . switch_block OTHERWISE NEWLINE code_block END SEMICOLON
    (11) statement -> . switch_block OTHERWISE SEMICOLON code_block END SEMICOLON
    (12) statement -> . switch_block OTHERWISE NEWLINE code_block END NEWLINE
    (13) statement -> . switch_block OTHERWISE SEMICOLON code_block END NEWLINE
    (14) statement -> . switch_block END NEWLINE
    (15) statement -> . TRY code_block CATCH statement code_block END NEWLINE
    (16) statement -> . WHILE expr code_block END NEWLINE
    (17) statement -> . WHILE statement code_block END NEWLINE
    (18) statement -> . IF expr statement END SEMICOLON
    (19) statement -> . IF expr statement END NEWLINE
    (20) statement -> . IF expr statement END
    (21) statement -> . IF statement statement END SEMICOLON
    (22) statement -> . IF statement statement END NEWLINE
    (23) statement -> . IF statement statement END
    (24) statement -> . if_block END SEMICOLON
    (25) statement -> . if_block END NEWLINE
    (26) statement -> . if_block END
    (27) statement -> . BREAK SEMICOLON
    (28) statement -> . CONTINUE SEMICOLON
    (29) statement -> . BREAK NEWLINE
    (30) statement -> . CONTINUE NEWLINE
    (31) statement -> . FOR statement code_block END SEMICOLON
    (32) statement -> . FOR statement code_block END NEWLINE
    (33) statement -> . RETURN expr SEMICOLON
    (34) statement -> . RETURN expr NEWLINE
    (35) statement -> . FUNCTION statement code_block
    (36) statement -> . FUNCTION statement code_block END NEWLINE
    (49) expr -> . STRING
    (50) expr -> . NUMBER
    (51) expr -> . NAME
    (52) expr -> . expr CTRANSPOSE
    (53) expr -> . expr TRANSPOSE
    (54) expr -> . expr MPOWER expr
    (55) expr -> . expr POWER expr
    (56) expr -> . expr LDIVIDE expr
    (57) expr -> . expr RDIVIDE expr
    (58) expr -> . expr TIMES expr
    (59) expr -> . expr MLDIVIDE expr
    (60) expr -> . expr MRDIVIDE expr
    (61) expr -> . expr MTIMES expr
    (62) expr -> . expr MINUS expr
    (63) expr -> . expr PLUS expr
    (64) expr -> . expr NE expr
    (65) expr -> . expr EQ expr
    (66) expr -> . expr GE expr
    (67) expr -> . expr GT expr
    (68) expr -> . expr LE expr
    (69) expr -> . expr LT expr
    (70) expr -> . expr AND expr
    (71) expr -> . expr OR expr
    (72) expr -> . expr ANDAND expr
    (73) expr -> . expr OROR expr
    (74) expr -> . expr COLON expr
    (75) expr -> . NOT expr
    (76) expr -> . MINUS expr
    (77) expr -> . PLUS expr
    (78) expr -> . AT LPAREN args RPAREN expr
    (79) expr -> . expr DOT NAME
    (80) expr -> . expr ELLIPSIS NEWLINE
    (81) expr -> . LPAREN expr RPAREN
    (82) expr -> . expr ASSIGN expr
    (83) expr -> . LSQR matrx_rows matrx_elements RSQR
    (84) expr -> . LSQR matrx_elements RSQR
    (85) expr -> . LSQR RSQR
    (86) expr -> . LSQR matrx_rows RSQR
    (87) expr -> . LCURL matrx_rows matrx_elements RCURL
    (88) expr -> . LCURL matrx_elements RCURL
    (89) expr -> . LCURL RCURL
    (90) expr -> . LCURL matrx_rows RCURL
    (91) expr -> . expr LCURL args RCURL
    (92) expr -> . expr LPAREN args RPAREN
    (43) switch_block -> . SWITCH expr CASE expr code_block
    (44) switch_block -> . SWITCH expr CASE statement code_block
    (45) switch_block -> . SWITCH statement CASE expr code_block
    (46) switch_block -> . SWITCH statement CASE statement code_block
    (47) switch_block -> . switch_block CASE expr code_block
    (48) switch_block -> . switch_block CASE statement code_block
    (37) if_block -> . IF expr code_block
    (38) if_block -> . IF statement code_block
    (39) if_block -> . if_block ELSEIF expr code_block
    (40) if_block -> . if_block ELSEIF statement code_block
    (41) if_block -> . if_block ELSE SEMICOLON code_block
    (42) if_block -> . if_block ELSE NEWLINE code_block
    COMMAND         shift and go to state 3
    NEWLINE         shift and go to state 5
    SEMICOLON       shift and go to state 6
    TRY             shift and go to state 8
    WHILE           shift and go to state 9
    IF              shift and go to state 10
    BREAK           shift and go to state 12
    CONTINUE        shift and go to state 13
    FOR             shift and go to state 14
    RETURN          shift and go to state 15
    FUNCTION        shift and go to state 16
    STRING          shift and go to state 17
    NUMBER          shift and go to state 18
    NAME            shift and go to state 19
    NOT             shift and go to state 22
    MINUS           shift and go to state 20
    PLUS            shift and go to state 21
    AT              shift and go to state 23
    LPAREN          shift and go to state 24
    LSQR            shift and go to state 25
    LCURL           shift and go to state 26
    SWITCH          shift and go to state 27

    statement                      shift and go to state 2
    code_block                     shift and go to state 210
    expr                           shift and go to state 4
    switch_block                   shift and go to state 7
    if_block                       shift and go to state 11

state 192

    (45) switch_block -> SWITCH statement CASE expr . code_block
    (52) expr -> expr . CTRANSPOSE
    (53) expr -> expr . TRANSPOSE
    (54) expr -> expr . MPOWER expr
    (55) expr -> expr . POWER expr
    (56) expr -> expr . LDIVIDE expr
    (57) expr -> expr . RDIVIDE expr
    (58) expr -> expr . TIMES expr
    (59) expr -> expr . MLDIVIDE expr
    (60) expr -> expr . MRDIVIDE expr
    (61) expr -> expr . MTIMES expr
    (62) expr -> expr . MINUS expr
    (63) expr -> expr . PLUS expr
    (64) expr -> expr . NE expr
    (65) expr -> expr . EQ expr
    (66) expr -> expr . GE expr
    (67) expr -> expr . GT expr
    (68) expr -> expr . LE expr
    (69) expr -> expr . LT expr
    (70) expr -> expr . AND expr
    (71) expr -> expr . OR expr
    (72) expr -> expr . ANDAND expr
    (73) expr -> expr . OROR expr
    (74) expr -> expr . COLON expr
    (79) expr -> expr . DOT NAME
    (80) expr -> expr . ELLIPSIS NEWLINE
    (82) expr -> expr . ASSIGN expr
    (91) expr -> expr . LCURL args RCURL
    (92) expr -> expr . LPAREN args RPAREN
    (5) statement -> expr . COMMA
    (6) statement -> expr . NEWLINE
    (7) statement -> expr . SEMICOLON
    (1) code_block -> . statement
    (2) code_block -> . statement code_block
    (3) code_block -> . code_block statement
    (4) statement -> . COMMAND
    (5) statement -> . expr COMMA
    (6) statement -> . expr NEWLINE
    (7) statement -> . expr SEMICOLON
    (8) statement -> . NEWLINE
    (9) statement -> . SEMICOLON
    (10) statement -> . switch_block OTHERWISE NEWLINE code_block END SEMICOLON
    (11) statement -> . switch_block OTHERWISE SEMICOLON code_block END SEMICOLON
    (12) statement -> . switch_block OTHERWISE NEWLINE code_block END NEWLINE
    (13) statement -> . switch_block OTHERWISE SEMICOLON code_block END NEWLINE
    (14) statement -> . switch_block END NEWLINE
    (15) statement -> . TRY code_block CATCH statement code_block END NEWLINE
    (16) statement -> . WHILE expr code_block END NEWLINE
    (17) statement -> . WHILE statement code_block END NEWLINE
    (18) statement -> . IF expr statement END SEMICOLON
    (19) statement -> . IF expr statement END NEWLINE
    (20) statement -> . IF expr statement END
    (21) statement -> . IF statement statement END SEMICOLON
    (22) statement -> . IF statement statement END NEWLINE
    (23) statement -> . IF statement statement END
    (24) statement -> . if_block END SEMICOLON
    (25) statement -> . if_block END NEWLINE
    (26) statement -> . if_block END
    (27) statement -> . BREAK SEMICOLON
    (28) statement -> . CONTINUE SEMICOLON
    (29) statement -> . BREAK NEWLINE
    (30) statement -> . CONTINUE NEWLINE
    (31) statement -> . FOR statement code_block END SEMICOLON
    (32) statement -> . FOR statement code_block END NEWLINE
    (33) statement -> . RETURN expr SEMICOLON
    (34) statement -> . RETURN expr NEWLINE
    (35) statement -> . FUNCTION statement code_block
    (36) statement -> . FUNCTION statement code_block END NEWLINE
    (49) expr -> . STRING
    (50) expr -> . NUMBER
    (51) expr -> . NAME
    (52) expr -> . expr CTRANSPOSE
    (53) expr -> . expr TRANSPOSE
    (54) expr -> . expr MPOWER expr
    (55) expr -> . expr POWER expr
    (56) expr -> . expr LDIVIDE expr
    (57) expr -> . expr RDIVIDE expr
    (58) expr -> . expr TIMES expr
    (59) expr -> . expr MLDIVIDE expr
    (60) expr -> . expr MRDIVIDE expr
    (61) expr -> . expr MTIMES expr
    (62) expr -> . expr MINUS expr
    (63) expr -> . expr PLUS expr
    (64) expr -> . expr NE expr
    (65) expr -> . expr EQ expr
    (66) expr -> . expr GE expr
    (67) expr -> . expr GT expr
    (68) expr -> . expr LE expr
    (69) expr -> . expr LT expr
    (70) expr -> . expr AND expr
    (71) expr -> . expr OR expr
    (72) expr -> . expr ANDAND expr
    (73) expr -> . expr OROR expr
    (74) expr -> . expr COLON expr
    (75) expr -> . NOT expr
    (76) expr -> . MINUS expr
    (77) expr -> . PLUS expr
    (78) expr -> . AT LPAREN args RPAREN expr
    (79) expr -> . expr DOT NAME
    (80) expr -> . expr ELLIPSIS NEWLINE
    (81) expr -> . LPAREN expr RPAREN
    (82) expr -> . expr ASSIGN expr
    (83) expr -> . LSQR matrx_rows matrx_elements RSQR
    (84) expr -> . LSQR matrx_elements RSQR
    (85) expr -> . LSQR RSQR
    (86) expr -> . LSQR matrx_rows RSQR
    (87) expr -> . LCURL matrx_rows matrx_elements RCURL
    (88) expr -> . LCURL matrx_elements RCURL
    (89) expr -> . LCURL RCURL
    (90) expr -> . LCURL matrx_rows RCURL
    (91) expr -> . expr LCURL args RCURL
    (92) expr -> . expr LPAREN args RPAREN
    (43) switch_block -> . SWITCH expr CASE expr code_block
    (44) switch_block -> . SWITCH expr CASE statement code_block
    (45) switch_block -> . SWITCH statement CASE expr code_block
    (46) switch_block -> . SWITCH statement CASE statement code_block
    (47) switch_block -> . switch_block CASE expr code_block
    (48) switch_block -> . switch_block CASE statement code_block
    (37) if_block -> . IF expr code_block
    (38) if_block -> . IF statement code_block
    (39) if_block -> . if_block ELSEIF expr code_block
    (40) if_block -> . if_block ELSEIF statement code_block
    (41) if_block -> . if_block ELSE SEMICOLON code_block
    (42) if_block -> . if_block ELSE NEWLINE code_block
    CTRANSPOSE      shift and go to state 33
    TRANSPOSE       shift and go to state 34
    MPOWER          shift and go to state 35
    POWER           shift and go to state 36
    LDIVIDE         shift and go to state 37
    RDIVIDE         shift and go to state 38
    TIMES           shift and go to state 39
    MLDIVIDE        shift and go to state 40
    MRDIVIDE        shift and go to state 41
    MTIMES          shift and go to state 42
    MINUS           shift and go to state 128
    PLUS            shift and go to state 129
    NE              shift and go to state 45
    EQ              shift and go to state 46
    GE              shift and go to state 47
    GT              shift and go to state 48
    LE              shift and go to state 49
    LT              shift and go to state 50
    AND             shift and go to state 51
    OR              shift and go to state 52
    ANDAND          shift and go to state 53
    OROR            shift and go to state 54
    COLON           shift and go to state 55
    DOT             shift and go to state 56
    ELLIPSIS        shift and go to state 57
    ASSIGN          shift and go to state 58
    LCURL           shift and go to state 130
    LPAREN          shift and go to state 131
    COMMA           shift and go to state 30
    NEWLINE         shift and go to state 127
    SEMICOLON       shift and go to state 132
    COMMAND         shift and go to state 3
    TRY             shift and go to state 8
    WHILE           shift and go to state 9
    IF              shift and go to state 10
    BREAK           shift and go to state 12
    CONTINUE        shift and go to state 13
    FOR             shift and go to state 14
    RETURN          shift and go to state 15
    FUNCTION        shift and go to state 16
    STRING          shift and go to state 17
    NUMBER          shift and go to state 18
    NAME            shift and go to state 19
    NOT             shift and go to state 22
    AT              shift and go to state 23
    LSQR            shift and go to state 25
    SWITCH          shift and go to state 27

    statement                      shift and go to state 2
    expr                           shift and go to state 4
    code_block                     shift and go to state 211
    switch_block                   shift and go to state 7
    if_block                       shift and go to state 11

state 193

    (94) args -> expr COMMA expr .
    (52) expr -> expr . CTRANSPOSE
    (53) expr -> expr . TRANSPOSE
    (54) expr -> expr . MPOWER expr
    (55) expr -> expr . POWER expr
    (56) expr -> expr . LDIVIDE expr
    (57) expr -> expr . RDIVIDE expr
    (58) expr -> expr . TIMES expr
    (59) expr -> expr . MLDIVIDE expr
    (60) expr -> expr . MRDIVIDE expr
    (61) expr -> expr . MTIMES expr
    (62) expr -> expr . MINUS expr
    (63) expr -> expr . PLUS expr
    (64) expr -> expr . NE expr
    (65) expr -> expr . EQ expr
    (66) expr -> expr . GE expr
    (67) expr -> expr . GT expr
    (68) expr -> expr . LE expr
    (69) expr -> expr . LT expr
    (70) expr -> expr . AND expr
    (71) expr -> expr . OR expr
    (72) expr -> expr . ANDAND expr
    (73) expr -> expr . OROR expr
    (74) expr -> expr . COLON expr
    (79) expr -> expr . DOT NAME
    (80) expr -> expr . ELLIPSIS NEWLINE
    (82) expr -> expr . ASSIGN expr
    (91) expr -> expr . LCURL args RCURL
    (92) expr -> expr . LPAREN args RPAREN
    RCURL           reduce using rule 94 (args -> expr COMMA expr .)
    COMMA           reduce using rule 94 (args -> expr COMMA expr .)
    RPAREN          reduce using rule 94 (args -> expr COMMA expr .)
    CTRANSPOSE      shift and go to state 33
    TRANSPOSE       shift and go to state 34
    MPOWER          shift and go to state 35
    POWER           shift and go to state 36
    LDIVIDE         shift and go to state 37
    RDIVIDE         shift and go to state 38
    TIMES           shift and go to state 39
    MLDIVIDE        shift and go to state 40
    MRDIVIDE        shift and go to state 41
    MTIMES          shift and go to state 42
    MINUS           shift and go to state 43
    PLUS            shift and go to state 44
    NE              shift and go to state 45
    EQ              shift and go to state 46
    GE              shift and go to state 47
    GT              shift and go to state 48
    LE              shift and go to state 49
    LT              shift and go to state 50
    AND             shift and go to state 51
    OR              shift and go to state 52
    ANDAND          shift and go to state 53
    OROR            shift and go to state 54
    COLON           shift and go to state 55
    DOT             shift and go to state 56
    ELLIPSIS        shift and go to state 57
    ASSIGN          shift and go to state 58
    LCURL           shift and go to state 59
    LPAREN          shift and go to state 60


state 194

    (95) args -> args COMMA expr .
    (52) expr -> expr . CTRANSPOSE
    (53) expr -> expr . TRANSPOSE
    (54) expr -> expr . MPOWER expr
    (55) expr -> expr . POWER expr
    (56) expr -> expr . LDIVIDE expr
    (57) expr -> expr . RDIVIDE expr
    (58) expr -> expr . TIMES expr
    (59) expr -> expr . MLDIVIDE expr
    (60) expr -> expr . MRDIVIDE expr
    (61) expr -> expr . MTIMES expr
    (62) expr -> expr . MINUS expr
    (63) expr -> expr . PLUS expr
    (64) expr -> expr . NE expr
    (65) expr -> expr . EQ expr
    (66) expr -> expr . GE expr
    (67) expr -> expr . GT expr
    (68) expr -> expr . LE expr
    (69) expr -> expr . LT expr
    (70) expr -> expr . AND expr
    (71) expr -> expr . OR expr
    (72) expr -> expr . ANDAND expr
    (73) expr -> expr . OROR expr
    (74) expr -> expr . COLON expr
    (79) expr -> expr . DOT NAME
    (80) expr -> expr . ELLIPSIS NEWLINE
    (82) expr -> expr . ASSIGN expr
    (91) expr -> expr . LCURL args RCURL
    (92) expr -> expr . LPAREN args RPAREN
    RCURL           reduce using rule 95 (args -> args COMMA expr .)
    COMMA           reduce using rule 95 (args -> args COMMA expr .)
    RPAREN          reduce using rule 95 (args -> args COMMA expr .)
    CTRANSPOSE      shift and go to state 33
    TRANSPOSE       shift and go to state 34
    MPOWER          shift and go to state 35
    POWER           shift and go to state 36
    LDIVIDE         shift and go to state 37
    RDIVIDE         shift and go to state 38
    TIMES           shift and go to state 39
    MLDIVIDE        shift and go to state 40
    MRDIVIDE        shift and go to state 41
    MTIMES          shift and go to state 42
    MINUS           shift and go to state 43
    PLUS            shift and go to state 44
    NE              shift and go to state 45
    EQ              shift and go to state 46
    GE              shift and go to state 47
    GT              shift and go to state 48
    LE              shift and go to state 49
    LT              shift and go to state 50
    AND             shift and go to state 51
    OR              shift and go to state 52
    ANDAND          shift and go to state 53
    OROR            shift and go to state 54
    COLON           shift and go to state 55
    DOT             shift and go to state 56
    ELLIPSIS        shift and go to state 57
    ASSIGN          shift and go to state 58
    LCURL           shift and go to state 59
    LPAREN          shift and go to state 60


state 195

    (10) statement -> switch_block OTHERWISE NEWLINE code_block END . SEMICOLON
    (12) statement -> switch_block OTHERWISE NEWLINE code_block END . NEWLINE
    SEMICOLON       shift and go to state 213
    NEWLINE         shift and go to state 212


state 196

    (11) statement -> switch_block OTHERWISE SEMICOLON code_block END . SEMICOLON
    (13) statement -> switch_block OTHERWISE SEMICOLON code_block END . NEWLINE
    SEMICOLON       shift and go to state 214
    NEWLINE         shift and go to state 215


state 197

    (15) statement -> TRY code_block CATCH statement code_block . END NEWLINE
    (3) code_block -> code_block . statement
    (4) statement -> . COMMAND
    (5) statement -> . expr COMMA
    (6) statement -> . expr NEWLINE
    (7) statement -> . expr SEMICOLON
    (8) statement -> . NEWLINE
    (9) statement -> . SEMICOLON
    (10) statement -> . switch_block OTHERWISE NEWLINE code_block END SEMICOLON
    (11) statement -> . switch_block OTHERWISE SEMICOLON code_block END SEMICOLON
    (12) statement -> . switch_block OTHERWISE NEWLINE code_block END NEWLINE
    (13) statement -> . switch_block OTHERWISE SEMICOLON code_block END NEWLINE
    (14) statement -> . switch_block END NEWLINE
    (15) statement -> . TRY code_block CATCH statement code_block END NEWLINE
    (16) statement -> . WHILE expr code_block END NEWLINE
    (17) statement -> . WHILE statement code_block END NEWLINE
    (18) statement -> . IF expr statement END SEMICOLON
    (19) statement -> . IF expr statement END NEWLINE
    (20) statement -> . IF expr statement END
    (21) statement -> . IF statement statement END SEMICOLON
    (22) statement -> . IF statement statement END NEWLINE
    (23) statement -> . IF statement statement END
    (24) statement -> . if_block END SEMICOLON
    (25) statement -> . if_block END NEWLINE
    (26) statement -> . if_block END
    (27) statement -> . BREAK SEMICOLON
    (28) statement -> . CONTINUE SEMICOLON
    (29) statement -> . BREAK NEWLINE
    (30) statement -> . CONTINUE NEWLINE
    (31) statement -> . FOR statement code_block END SEMICOLON
    (32) statement -> . FOR statement code_block END NEWLINE
    (33) statement -> . RETURN expr SEMICOLON
    (34) statement -> . RETURN expr NEWLINE
    (35) statement -> . FUNCTION statement code_block
    (36) statement -> . FUNCTION statement code_block END NEWLINE
    (49) expr -> . STRING
    (50) expr -> . NUMBER
    (51) expr -> . NAME
    (52) expr -> . expr CTRANSPOSE
    (53) expr -> . expr TRANSPOSE
    (54) expr -> . expr MPOWER expr
    (55) expr -> . expr POWER expr
    (56) expr -> . expr LDIVIDE expr
    (57) expr -> . expr RDIVIDE expr
    (58) expr -> . expr TIMES expr
    (59) expr -> . expr MLDIVIDE expr
    (60) expr -> . expr MRDIVIDE expr
    (61) expr -> . expr MTIMES expr
    (62) expr -> . expr MINUS expr
    (63) expr -> . expr PLUS expr
    (64) expr -> . expr NE expr
    (65) expr -> . expr EQ expr
    (66) expr -> . expr GE expr
    (67) expr -> . expr GT expr
    (68) expr -> . expr LE expr
    (69) expr -> . expr LT expr
    (70) expr -> . expr AND expr
    (71) expr -> . expr OR expr
    (72) expr -> . expr ANDAND expr
    (73) expr -> . expr OROR expr
    (74) expr -> . expr COLON expr
    (75) expr -> . NOT expr
    (76) expr -> . MINUS expr
    (77) expr -> . PLUS expr
    (78) expr -> . AT LPAREN args RPAREN expr
    (79) expr -> . expr DOT NAME
    (80) expr -> . expr ELLIPSIS NEWLINE
    (81) expr -> . LPAREN expr RPAREN
    (82) expr -> . expr ASSIGN expr
    (83) expr -> . LSQR matrx_rows matrx_elements RSQR
    (84) expr -> . LSQR matrx_elements RSQR
    (85) expr -> . LSQR RSQR
    (86) expr -> . LSQR matrx_rows RSQR
    (87) expr -> . LCURL matrx_rows matrx_elements RCURL
    (88) expr -> . LCURL matrx_elements RCURL
    (89) expr -> . LCURL RCURL
    (90) expr -> . LCURL matrx_rows RCURL
    (91) expr -> . expr LCURL args RCURL
    (92) expr -> . expr LPAREN args RPAREN
    (43) switch_block -> . SWITCH expr CASE expr code_block
    (44) switch_block -> . SWITCH expr CASE statement code_block
    (45) switch_block -> . SWITCH statement CASE expr code_block
    (46) switch_block -> . SWITCH statement CASE statement code_block
    (47) switch_block -> . switch_block CASE expr code_block
    (48) switch_block -> . switch_block CASE statement code_block
    (37) if_block -> . IF expr code_block
    (38) if_block -> . IF statement code_block
    (39) if_block -> . if_block ELSEIF expr code_block
    (40) if_block -> . if_block ELSEIF statement code_block
    (41) if_block -> . if_block ELSE SEMICOLON code_block
    (42) if_block -> . if_block ELSE NEWLINE code_block
    END             shift and go to state 216
    COMMAND         shift and go to state 3
    NEWLINE         shift and go to state 5
    SEMICOLON       shift and go to state 6
    TRY             shift and go to state 8
    WHILE           shift and go to state 9
    IF              shift and go to state 10
    BREAK           shift and go to state 12
    CONTINUE        shift and go to state 13
    FOR             shift and go to state 14
    RETURN          shift and go to state 15
    FUNCTION        shift and go to state 16
    STRING          shift and go to state 17
    NUMBER          shift and go to state 18
    NAME            shift and go to state 19
    NOT             shift and go to state 22
    MINUS           shift and go to state 20
    PLUS            shift and go to state 21
    AT              shift and go to state 23
    LPAREN          shift and go to state 24
    LSQR            shift and go to state 25
    LCURL           shift and go to state 26
    SWITCH          shift and go to state 27

    statement                      shift and go to state 28
    expr                           shift and go to state 4
    switch_block                   shift and go to state 7
    if_block                       shift and go to state 11

state 198

    (16) statement -> WHILE expr code_block END NEWLINE .
    COMMAND         reduce using rule 16 (statement -> WHILE expr code_block END NEWLINE .)
    NEWLINE         reduce using rule 16 (statement -> WHILE expr code_block END NEWLINE .)
    SEMICOLON       reduce using rule 16 (statement -> WHILE expr code_block END NEWLINE .)
    TRY             reduce using rule 16 (statement -> WHILE expr code_block END NEWLINE .)
    WHILE           reduce using rule 16 (statement -> WHILE expr code_block END NEWLINE .)
    IF              reduce using rule 16 (statement -> WHILE expr code_block END NEWLINE .)
    BREAK           reduce using rule 16 (statement -> WHILE expr code_block END NEWLINE .)
    CONTINUE        reduce using rule 16 (statement -> WHILE expr code_block END NEWLINE .)
    FOR             reduce using rule 16 (statement -> WHILE expr code_block END NEWLINE .)
    RETURN          reduce using rule 16 (statement -> WHILE expr code_block END NEWLINE .)
    FUNCTION        reduce using rule 16 (statement -> WHILE expr code_block END NEWLINE .)
    STRING          reduce using rule 16 (statement -> WHILE expr code_block END NEWLINE .)
    NUMBER          reduce using rule 16 (statement -> WHILE expr code_block END NEWLINE .)
    NAME            reduce using rule 16 (statement -> WHILE expr code_block END NEWLINE .)
    NOT             reduce using rule 16 (statement -> WHILE expr code_block END NEWLINE .)
    MINUS           reduce using rule 16 (statement -> WHILE expr code_block END NEWLINE .)
    PLUS            reduce using rule 16 (statement -> WHILE expr code_block END NEWLINE .)
    AT              reduce using rule 16 (statement -> WHILE expr code_block END NEWLINE .)
    LPAREN          reduce using rule 16 (statement -> WHILE expr code_block END NEWLINE .)
    LSQR            reduce using rule 16 (statement -> WHILE expr code_block END NEWLINE .)
    LCURL           reduce using rule 16 (statement -> WHILE expr code_block END NEWLINE .)
    SWITCH          reduce using rule 16 (statement -> WHILE expr code_block END NEWLINE .)
    $end            reduce using rule 16 (statement -> WHILE expr code_block END NEWLINE .)
    CATCH           reduce using rule 16 (statement -> WHILE expr code_block END NEWLINE .)
    END             reduce using rule 16 (statement -> WHILE expr code_block END NEWLINE .)
    CASE            reduce using rule 16 (statement -> WHILE expr code_block END NEWLINE .)
    ELSEIF          reduce using rule 16 (statement -> WHILE expr code_block END NEWLINE .)
    ELSE            reduce using rule 16 (statement -> WHILE expr code_block END NEWLINE .)
    OTHERWISE       reduce using rule 16 (statement -> WHILE expr code_block END NEWLINE .)


state 199

    (17) statement -> WHILE statement code_block END NEWLINE .
    COMMAND         reduce using rule 17 (statement -> WHILE statement code_block END NEWLINE .)
    NEWLINE         reduce using rule 17 (statement -> WHILE statement code_block END NEWLINE .)
    SEMICOLON       reduce using rule 17 (statement -> WHILE statement code_block END NEWLINE .)
    TRY             reduce using rule 17 (statement -> WHILE statement code_block END NEWLINE .)
    WHILE           reduce using rule 17 (statement -> WHILE statement code_block END NEWLINE .)
    IF              reduce using rule 17 (statement -> WHILE statement code_block END NEWLINE .)
    BREAK           reduce using rule 17 (statement -> WHILE statement code_block END NEWLINE .)
    CONTINUE        reduce using rule 17 (statement -> WHILE statement code_block END NEWLINE .)
    FOR             reduce using rule 17 (statement -> WHILE statement code_block END NEWLINE .)
    RETURN          reduce using rule 17 (statement -> WHILE statement code_block END NEWLINE .)
    FUNCTION        reduce using rule 17 (statement -> WHILE statement code_block END NEWLINE .)
    STRING          reduce using rule 17 (statement -> WHILE statement code_block END NEWLINE .)
    NUMBER          reduce using rule 17 (statement -> WHILE statement code_block END NEWLINE .)
    NAME            reduce using rule 17 (statement -> WHILE statement code_block END NEWLINE .)
    NOT             reduce using rule 17 (statement -> WHILE statement code_block END NEWLINE .)
    MINUS           reduce using rule 17 (statement -> WHILE statement code_block END NEWLINE .)
    PLUS            reduce using rule 17 (statement -> WHILE statement code_block END NEWLINE .)
    AT              reduce using rule 17 (statement -> WHILE statement code_block END NEWLINE .)
    LPAREN          reduce using rule 17 (statement -> WHILE statement code_block END NEWLINE .)
    LSQR            reduce using rule 17 (statement -> WHILE statement code_block END NEWLINE .)
    LCURL           reduce using rule 17 (statement -> WHILE statement code_block END NEWLINE .)
    SWITCH          reduce using rule 17 (statement -> WHILE statement code_block END NEWLINE .)
    $end            reduce using rule 17 (statement -> WHILE statement code_block END NEWLINE .)
    CATCH           reduce using rule 17 (statement -> WHILE statement code_block END NEWLINE .)
    END             reduce using rule 17 (statement -> WHILE statement code_block END NEWLINE .)
    CASE            reduce using rule 17 (statement -> WHILE statement code_block END NEWLINE .)
    ELSEIF          reduce using rule 17 (statement -> WHILE statement code_block END NEWLINE .)
    ELSE            reduce using rule 17 (statement -> WHILE statement code_block END NEWLINE .)
    OTHERWISE       reduce using rule 17 (statement -> WHILE statement code_block END NEWLINE .)


state 200

    (18) statement -> IF expr statement END SEMICOLON .
    COMMAND         reduce using rule 18 (statement -> IF expr statement END SEMICOLON .)
    NEWLINE         reduce using rule 18 (statement -> IF expr statement END SEMICOLON .)
    SEMICOLON       reduce using rule 18 (statement -> IF expr statement END SEMICOLON .)
    TRY             reduce using rule 18 (statement -> IF expr statement END SEMICOLON .)
    WHILE           reduce using rule 18 (statement -> IF expr statement END SEMICOLON .)
    IF              reduce using rule 18 (statement -> IF expr statement END SEMICOLON .)
    BREAK           reduce using rule 18 (statement -> IF expr statement END SEMICOLON .)
    CONTINUE        reduce using rule 18 (statement -> IF expr statement END SEMICOLON .)
    FOR             reduce using rule 18 (statement -> IF expr statement END SEMICOLON .)
    RETURN          reduce using rule 18 (statement -> IF expr statement END SEMICOLON .)
    FUNCTION        reduce using rule 18 (statement -> IF expr statement END SEMICOLON .)
    STRING          reduce using rule 18 (statement -> IF expr statement END SEMICOLON .)
    NUMBER          reduce using rule 18 (statement -> IF expr statement END SEMICOLON .)
    NAME            reduce using rule 18 (statement -> IF expr statement END SEMICOLON .)
    NOT             reduce using rule 18 (statement -> IF expr statement END SEMICOLON .)
    MINUS           reduce using rule 18 (statement -> IF expr statement END SEMICOLON .)
    PLUS            reduce using rule 18 (statement -> IF expr statement END SEMICOLON .)
    AT              reduce using rule 18 (statement -> IF expr statement END SEMICOLON .)
    LPAREN          reduce using rule 18 (statement -> IF expr statement END SEMICOLON .)
    LSQR            reduce using rule 18 (statement -> IF expr statement END SEMICOLON .)
    LCURL           reduce using rule 18 (statement -> IF expr statement END SEMICOLON .)
    SWITCH          reduce using rule 18 (statement -> IF expr statement END SEMICOLON .)
    $end            reduce using rule 18 (statement -> IF expr statement END SEMICOLON .)
    CATCH           reduce using rule 18 (statement -> IF expr statement END SEMICOLON .)
    END             reduce using rule 18 (statement -> IF expr statement END SEMICOLON .)
    CASE            reduce using rule 18 (statement -> IF expr statement END SEMICOLON .)
    ELSEIF          reduce using rule 18 (statement -> IF expr statement END SEMICOLON .)
    ELSE            reduce using rule 18 (statement -> IF expr statement END SEMICOLON .)
    OTHERWISE       reduce using rule 18 (statement -> IF expr statement END SEMICOLON .)


state 201

    (19) statement -> IF expr statement END NEWLINE .
    COMMAND         reduce using rule 19 (statement -> IF expr statement END NEWLINE .)
    NEWLINE         reduce using rule 19 (statement -> IF expr statement END NEWLINE .)
    SEMICOLON       reduce using rule 19 (statement -> IF expr statement END NEWLINE .)
    TRY             reduce using rule 19 (statement -> IF expr statement END NEWLINE .)
    WHILE           reduce using rule 19 (statement -> IF expr statement END NEWLINE .)
    IF              reduce using rule 19 (statement -> IF expr statement END NEWLINE .)
    BREAK           reduce using rule 19 (statement -> IF expr statement END NEWLINE .)
    CONTINUE        reduce using rule 19 (statement -> IF expr statement END NEWLINE .)
    FOR             reduce using rule 19 (statement -> IF expr statement END NEWLINE .)
    RETURN          reduce using rule 19 (statement -> IF expr statement END NEWLINE .)
    FUNCTION        reduce using rule 19 (statement -> IF expr statement END NEWLINE .)
    STRING          reduce using rule 19 (statement -> IF expr statement END NEWLINE .)
    NUMBER          reduce using rule 19 (statement -> IF expr statement END NEWLINE .)
    NAME            reduce using rule 19 (statement -> IF expr statement END NEWLINE .)
    NOT             reduce using rule 19 (statement -> IF expr statement END NEWLINE .)
    MINUS           reduce using rule 19 (statement -> IF expr statement END NEWLINE .)
    PLUS            reduce using rule 19 (statement -> IF expr statement END NEWLINE .)
    AT              reduce using rule 19 (statement -> IF expr statement END NEWLINE .)
    LPAREN          reduce using rule 19 (statement -> IF expr statement END NEWLINE .)
    LSQR            reduce using rule 19 (statement -> IF expr statement END NEWLINE .)
    LCURL           reduce using rule 19 (statement -> IF expr statement END NEWLINE .)
    SWITCH          reduce using rule 19 (statement -> IF expr statement END NEWLINE .)
    $end            reduce using rule 19 (statement -> IF expr statement END NEWLINE .)
    CATCH           reduce using rule 19 (statement -> IF expr statement END NEWLINE .)
    END             reduce using rule 19 (statement -> IF expr statement END NEWLINE .)
    CASE            reduce using rule 19 (statement -> IF expr statement END NEWLINE .)
    ELSEIF          reduce using rule 19 (statement -> IF expr statement END NEWLINE .)
    ELSE            reduce using rule 19 (statement -> IF expr statement END NEWLINE .)
    OTHERWISE       reduce using rule 19 (statement -> IF expr statement END NEWLINE .)


state 202

    (21) statement -> IF statement statement END SEMICOLON .
    COMMAND         reduce using rule 21 (statement -> IF statement statement END SEMICOLON .)
    NEWLINE         reduce using rule 21 (statement -> IF statement statement END SEMICOLON .)
    SEMICOLON       reduce using rule 21 (statement -> IF statement statement END SEMICOLON .)
    TRY             reduce using rule 21 (statement -> IF statement statement END SEMICOLON .)
    WHILE           reduce using rule 21 (statement -> IF statement statement END SEMICOLON .)
    IF              reduce using rule 21 (statement -> IF statement statement END SEMICOLON .)
    BREAK           reduce using rule 21 (statement -> IF statement statement END SEMICOLON .)
    CONTINUE        reduce using rule 21 (statement -> IF statement statement END SEMICOLON .)
    FOR             reduce using rule 21 (statement -> IF statement statement END SEMICOLON .)
    RETURN          reduce using rule 21 (statement -> IF statement statement END SEMICOLON .)
    FUNCTION        reduce using rule 21 (statement -> IF statement statement END SEMICOLON .)
    STRING          reduce using rule 21 (statement -> IF statement statement END SEMICOLON .)
    NUMBER          reduce using rule 21 (statement -> IF statement statement END SEMICOLON .)
    NAME            reduce using rule 21 (statement -> IF statement statement END SEMICOLON .)
    NOT             reduce using rule 21 (statement -> IF statement statement END SEMICOLON .)
    MINUS           reduce using rule 21 (statement -> IF statement statement END SEMICOLON .)
    PLUS            reduce using rule 21 (statement -> IF statement statement END SEMICOLON .)
    AT              reduce using rule 21 (statement -> IF statement statement END SEMICOLON .)
    LPAREN          reduce using rule 21 (statement -> IF statement statement END SEMICOLON .)
    LSQR            reduce using rule 21 (statement -> IF statement statement END SEMICOLON .)
    LCURL           reduce using rule 21 (statement -> IF statement statement END SEMICOLON .)
    SWITCH          reduce using rule 21 (statement -> IF statement statement END SEMICOLON .)
    $end            reduce using rule 21 (statement -> IF statement statement END SEMICOLON .)
    CATCH           reduce using rule 21 (statement -> IF statement statement END SEMICOLON .)
    END             reduce using rule 21 (statement -> IF statement statement END SEMICOLON .)
    CASE            reduce using rule 21 (statement -> IF statement statement END SEMICOLON .)
    ELSEIF          reduce using rule 21 (statement -> IF statement statement END SEMICOLON .)
    ELSE            reduce using rule 21 (statement -> IF statement statement END SEMICOLON .)
    OTHERWISE       reduce using rule 21 (statement -> IF statement statement END SEMICOLON .)


state 203

    (22) statement -> IF statement statement END NEWLINE .
    COMMAND         reduce using rule 22 (statement -> IF statement statement END NEWLINE .)
    NEWLINE         reduce using rule 22 (statement -> IF statement statement END NEWLINE .)
    SEMICOLON       reduce using rule 22 (statement -> IF statement statement END NEWLINE .)
    TRY             reduce using rule 22 (statement -> IF statement statement END NEWLINE .)
    WHILE           reduce using rule 22 (statement -> IF statement statement END NEWLINE .)
    IF              reduce using rule 22 (statement -> IF statement statement END NEWLINE .)
    BREAK           reduce using rule 22 (statement -> IF statement statement END NEWLINE .)
    CONTINUE        reduce using rule 22 (statement -> IF statement statement END NEWLINE .)
    FOR             reduce using rule 22 (statement -> IF statement statement END NEWLINE .)
    RETURN          reduce using rule 22 (statement -> IF statement statement END NEWLINE .)
    FUNCTION        reduce using rule 22 (statement -> IF statement statement END NEWLINE .)
    STRING          reduce using rule 22 (statement -> IF statement statement END NEWLINE .)
    NUMBER          reduce using rule 22 (statement -> IF statement statement END NEWLINE .)
    NAME            reduce using rule 22 (statement -> IF statement statement END NEWLINE .)
    NOT             reduce using rule 22 (statement -> IF statement statement END NEWLINE .)
    MINUS           reduce using rule 22 (statement -> IF statement statement END NEWLINE .)
    PLUS            reduce using rule 22 (statement -> IF statement statement END NEWLINE .)
    AT              reduce using rule 22 (statement -> IF statement statement END NEWLINE .)
    LPAREN          reduce using rule 22 (statement -> IF statement statement END NEWLINE .)
    LSQR            reduce using rule 22 (statement -> IF statement statement END NEWLINE .)
    LCURL           reduce using rule 22 (statement -> IF statement statement END NEWLINE .)
    SWITCH          reduce using rule 22 (statement -> IF statement statement END NEWLINE .)
    $end            reduce using rule 22 (statement -> IF statement statement END NEWLINE .)
    CATCH           reduce using rule 22 (statement -> IF statement statement END NEWLINE .)
    END             reduce using rule 22 (statement -> IF statement statement END NEWLINE .)
    CASE            reduce using rule 22 (statement -> IF statement statement END NEWLINE .)
    ELSEIF          reduce using rule 22 (statement -> IF statement statement END NEWLINE .)
    ELSE            reduce using rule 22 (statement -> IF statement statement END NEWLINE .)
    OTHERWISE       reduce using rule 22 (statement -> IF statement statement END NEWLINE .)


state 204

    (31) statement -> FOR statement code_block END SEMICOLON .
    COMMAND         reduce using rule 31 (statement -> FOR statement code_block END SEMICOLON .)
    NEWLINE         reduce using rule 31 (statement -> FOR statement code_block END SEMICOLON .)
    SEMICOLON       reduce using rule 31 (statement -> FOR statement code_block END SEMICOLON .)
    TRY             reduce using rule 31 (statement -> FOR statement code_block END SEMICOLON .)
    WHILE           reduce using rule 31 (statement -> FOR statement code_block END SEMICOLON .)
    IF              reduce using rule 31 (statement -> FOR statement code_block END SEMICOLON .)
    BREAK           reduce using rule 31 (statement -> FOR statement code_block END SEMICOLON .)
    CONTINUE        reduce using rule 31 (statement -> FOR statement code_block END SEMICOLON .)
    FOR             reduce using rule 31 (statement -> FOR statement code_block END SEMICOLON .)
    RETURN          reduce using rule 31 (statement -> FOR statement code_block END SEMICOLON .)
    FUNCTION        reduce using rule 31 (statement -> FOR statement code_block END SEMICOLON .)
    STRING          reduce using rule 31 (statement -> FOR statement code_block END SEMICOLON .)
    NUMBER          reduce using rule 31 (statement -> FOR statement code_block END SEMICOLON .)
    NAME            reduce using rule 31 (statement -> FOR statement code_block END SEMICOLON .)
    NOT             reduce using rule 31 (statement -> FOR statement code_block END SEMICOLON .)
    MINUS           reduce using rule 31 (statement -> FOR statement code_block END SEMICOLON .)
    PLUS            reduce using rule 31 (statement -> FOR statement code_block END SEMICOLON .)
    AT              reduce using rule 31 (statement -> FOR statement code_block END SEMICOLON .)
    LPAREN          reduce using rule 31 (statement -> FOR statement code_block END SEMICOLON .)
    LSQR            reduce using rule 31 (statement -> FOR statement code_block END SEMICOLON .)
    LCURL           reduce using rule 31 (statement -> FOR statement code_block END SEMICOLON .)
    SWITCH          reduce using rule 31 (statement -> FOR statement code_block END SEMICOLON .)
    $end            reduce using rule 31 (statement -> FOR statement code_block END SEMICOLON .)
    CATCH           reduce using rule 31 (statement -> FOR statement code_block END SEMICOLON .)
    END             reduce using rule 31 (statement -> FOR statement code_block END SEMICOLON .)
    CASE            reduce using rule 31 (statement -> FOR statement code_block END SEMICOLON .)
    ELSEIF          reduce using rule 31 (statement -> FOR statement code_block END SEMICOLON .)
    ELSE            reduce using rule 31 (statement -> FOR statement code_block END SEMICOLON .)
    OTHERWISE       reduce using rule 31 (statement -> FOR statement code_block END SEMICOLON .)


state 205

    (32) statement -> FOR statement code_block END NEWLINE .
    COMMAND         reduce using rule 32 (statement -> FOR statement code_block END NEWLINE .)
    NEWLINE         reduce using rule 32 (statement -> FOR statement code_block END NEWLINE .)
    SEMICOLON       reduce using rule 32 (statement -> FOR statement code_block END NEWLINE .)
    TRY             reduce using rule 32 (statement -> FOR statement code_block END NEWLINE .)
    WHILE           reduce using rule 32 (statement -> FOR statement code_block END NEWLINE .)
    IF              reduce using rule 32 (statement -> FOR statement code_block END NEWLINE .)
    BREAK           reduce using rule 32 (statement -> FOR statement code_block END NEWLINE .)
    CONTINUE        reduce using rule 32 (statement -> FOR statement code_block END NEWLINE .)
    FOR             reduce using rule 32 (statement -> FOR statement code_block END NEWLINE .)
    RETURN          reduce using rule 32 (statement -> FOR statement code_block END NEWLINE .)
    FUNCTION        reduce using rule 32 (statement -> FOR statement code_block END NEWLINE .)
    STRING          reduce using rule 32 (statement -> FOR statement code_block END NEWLINE .)
    NUMBER          reduce using rule 32 (statement -> FOR statement code_block END NEWLINE .)
    NAME            reduce using rule 32 (statement -> FOR statement code_block END NEWLINE .)
    NOT             reduce using rule 32 (statement -> FOR statement code_block END NEWLINE .)
    MINUS           reduce using rule 32 (statement -> FOR statement code_block END NEWLINE .)
    PLUS            reduce using rule 32 (statement -> FOR statement code_block END NEWLINE .)
    AT              reduce using rule 32 (statement -> FOR statement code_block END NEWLINE .)
    LPAREN          reduce using rule 32 (statement -> FOR statement code_block END NEWLINE .)
    LSQR            reduce using rule 32 (statement -> FOR statement code_block END NEWLINE .)
    LCURL           reduce using rule 32 (statement -> FOR statement code_block END NEWLINE .)
    SWITCH          reduce using rule 32 (statement -> FOR statement code_block END NEWLINE .)
    $end            reduce using rule 32 (statement -> FOR statement code_block END NEWLINE .)
    CATCH           reduce using rule 32 (statement -> FOR statement code_block END NEWLINE .)
    END             reduce using rule 32 (statement -> FOR statement code_block END NEWLINE .)
    CASE            reduce using rule 32 (statement -> FOR statement code_block END NEWLINE .)
    ELSEIF          reduce using rule 32 (statement -> FOR statement code_block END NEWLINE .)
    ELSE            reduce using rule 32 (statement -> FOR statement code_block END NEWLINE .)
    OTHERWISE       reduce using rule 32 (statement -> FOR statement code_block END NEWLINE .)


state 206

    (36) statement -> FUNCTION statement code_block END NEWLINE .
    COMMAND         reduce using rule 36 (statement -> FUNCTION statement code_block END NEWLINE .)
    NEWLINE         reduce using rule 36 (statement -> FUNCTION statement code_block END NEWLINE .)
    SEMICOLON       reduce using rule 36 (statement -> FUNCTION statement code_block END NEWLINE .)
    TRY             reduce using rule 36 (statement -> FUNCTION statement code_block END NEWLINE .)
    WHILE           reduce using rule 36 (statement -> FUNCTION statement code_block END NEWLINE .)
    IF              reduce using rule 36 (statement -> FUNCTION statement code_block END NEWLINE .)
    BREAK           reduce using rule 36 (statement -> FUNCTION statement code_block END NEWLINE .)
    CONTINUE        reduce using rule 36 (statement -> FUNCTION statement code_block END NEWLINE .)
    FOR             reduce using rule 36 (statement -> FUNCTION statement code_block END NEWLINE .)
    RETURN          reduce using rule 36 (statement -> FUNCTION statement code_block END NEWLINE .)
    FUNCTION        reduce using rule 36 (statement -> FUNCTION statement code_block END NEWLINE .)
    STRING          reduce using rule 36 (statement -> FUNCTION statement code_block END NEWLINE .)
    NUMBER          reduce using rule 36 (statement -> FUNCTION statement code_block END NEWLINE .)
    NAME            reduce using rule 36 (statement -> FUNCTION statement code_block END NEWLINE .)
    NOT             reduce using rule 36 (statement -> FUNCTION statement code_block END NEWLINE .)
    MINUS           reduce using rule 36 (statement -> FUNCTION statement code_block END NEWLINE .)
    PLUS            reduce using rule 36 (statement -> FUNCTION statement code_block END NEWLINE .)
    AT              reduce using rule 36 (statement -> FUNCTION statement code_block END NEWLINE .)
    LPAREN          reduce using rule 36 (statement -> FUNCTION statement code_block END NEWLINE .)
    LSQR            reduce using rule 36 (statement -> FUNCTION statement code_block END NEWLINE .)
    LCURL           reduce using rule 36 (statement -> FUNCTION statement code_block END NEWLINE .)
    SWITCH          reduce using rule 36 (statement -> FUNCTION statement code_block END NEWLINE .)
    $end            reduce using rule 36 (statement -> FUNCTION statement code_block END NEWLINE .)
    CATCH           reduce using rule 36 (statement -> FUNCTION statement code_block END NEWLINE .)
    END             reduce using rule 36 (statement -> FUNCTION statement code_block END NEWLINE .)
    CASE            reduce using rule 36 (statement -> FUNCTION statement code_block END NEWLINE .)
    ELSEIF          reduce using rule 36 (statement -> FUNCTION statement code_block END NEWLINE .)
    ELSE            reduce using rule 36 (statement -> FUNCTION statement code_block END NEWLINE .)
    OTHERWISE       reduce using rule 36 (statement -> FUNCTION statement code_block END NEWLINE .)


state 207

    (78) expr -> AT LPAREN args RPAREN expr .
    (52) expr -> expr . CTRANSPOSE
    (53) expr -> expr . TRANSPOSE
    (54) expr -> expr . MPOWER expr
    (55) expr -> expr . POWER expr
    (56) expr -> expr . LDIVIDE expr
    (57) expr -> expr . RDIVIDE expr
    (58) expr -> expr . TIMES expr
    (59) expr -> expr . MLDIVIDE expr
    (60) expr -> expr . MRDIVIDE expr
    (61) expr -> expr . MTIMES expr
    (62) expr -> expr . MINUS expr
    (63) expr -> expr . PLUS expr
    (64) expr -> expr . NE expr
    (65) expr -> expr . EQ expr
    (66) expr -> expr . GE expr
    (67) expr -> expr . GT expr
    (68) expr -> expr . LE expr
    (69) expr -> expr . LT expr
    (70) expr -> expr . AND expr
    (71) expr -> expr . OR expr
    (72) expr -> expr . ANDAND expr
    (73) expr -> expr . OROR expr
    (74) expr -> expr . COLON expr
    (79) expr -> expr . DOT NAME
    (80) expr -> expr . ELLIPSIS NEWLINE
    (82) expr -> expr . ASSIGN expr
    (91) expr -> expr . LCURL args RCURL
    (92) expr -> expr . LPAREN args RPAREN
  ! shift/reduce conflict for CTRANSPOSE resolved as shift
  ! shift/reduce conflict for TRANSPOSE resolved as shift
  ! shift/reduce conflict for MPOWER resolved as shift
  ! shift/reduce conflict for POWER resolved as shift
  ! shift/reduce conflict for LDIVIDE resolved as shift
  ! shift/reduce conflict for RDIVIDE resolved as shift
  ! shift/reduce conflict for TIMES resolved as shift
  ! shift/reduce conflict for MLDIVIDE resolved as shift
  ! shift/reduce conflict for MRDIVIDE resolved as shift
  ! shift/reduce conflict for MTIMES resolved as shift
  ! shift/reduce conflict for MINUS resolved as shift
  ! shift/reduce conflict for PLUS resolved as shift
  ! shift/reduce conflict for NE resolved as shift
  ! shift/reduce conflict for EQ resolved as shift
  ! shift/reduce conflict for GE resolved as shift
  ! shift/reduce conflict for GT resolved as shift
  ! shift/reduce conflict for LE resolved as shift
  ! shift/reduce conflict for LT resolved as shift
  ! shift/reduce conflict for AND resolved as shift
  ! shift/reduce conflict for OR resolved as shift
  ! shift/reduce conflict for ANDAND resolved as shift
  ! shift/reduce conflict for OROR resolved as shift
  ! shift/reduce conflict for COLON resolved as shift
  ! shift/reduce conflict for DOT resolved as shift
  ! shift/reduce conflict for ELLIPSIS resolved as shift
  ! shift/reduce conflict for ASSIGN resolved as shift
  ! shift/reduce conflict for LCURL resolved as shift
  ! shift/reduce conflict for LPAREN resolved as shift
    COMMA           reduce using rule 78 (expr -> AT LPAREN args RPAREN expr .)
    NEWLINE         reduce using rule 78 (expr -> AT LPAREN args RPAREN expr .)
    SEMICOLON       reduce using rule 78 (expr -> AT LPAREN args RPAREN expr .)
    COMMAND         reduce using rule 78 (expr -> AT LPAREN args RPAREN expr .)
    TRY             reduce using rule 78 (expr -> AT LPAREN args RPAREN expr .)
    WHILE           reduce using rule 78 (expr -> AT LPAREN args RPAREN expr .)
    IF              reduce using rule 78 (expr -> AT LPAREN args RPAREN expr .)
    BREAK           reduce using rule 78 (expr -> AT LPAREN args RPAREN expr .)
    CONTINUE        reduce using rule 78 (expr -> AT LPAREN args RPAREN expr .)
    FOR             reduce using rule 78 (expr -> AT LPAREN args RPAREN expr .)
    RETURN          reduce using rule 78 (expr -> AT LPAREN args RPAREN expr .)
    FUNCTION        reduce using rule 78 (expr -> AT LPAREN args RPAREN expr .)
    STRING          reduce using rule 78 (expr -> AT LPAREN args RPAREN expr .)
    NUMBER          reduce using rule 78 (expr -> AT LPAREN args RPAREN expr .)
    NAME            reduce using rule 78 (expr -> AT LPAREN args RPAREN expr .)
    NOT             reduce using rule 78 (expr -> AT LPAREN args RPAREN expr .)
    AT              reduce using rule 78 (expr -> AT LPAREN args RPAREN expr .)
    LSQR            reduce using rule 78 (expr -> AT LPAREN args RPAREN expr .)
    SWITCH          reduce using rule 78 (expr -> AT LPAREN args RPAREN expr .)
    RPAREN          reduce using rule 78 (expr -> AT LPAREN args RPAREN expr .)
    RSQR            reduce using rule 78 (expr -> AT LPAREN args RPAREN expr .)
    RCURL           reduce using rule 78 (expr -> AT LPAREN args RPAREN expr .)
    CASE            reduce using rule 78 (expr -> AT LPAREN args RPAREN expr .)
    CTRANSPOSE      shift and go to state 33
    TRANSPOSE       shift and go to state 34
    MPOWER          shift and go to state 35
    POWER           shift and go to state 36
    LDIVIDE         shift and go to state 37
    RDIVIDE         shift and go to state 38
    TIMES           shift and go to state 39
    MLDIVIDE        shift and go to state 40
    MRDIVIDE        shift and go to state 41
    MTIMES          shift and go to state 42
    MINUS           shift and go to state 43
    PLUS            shift and go to state 44
    NE              shift and go to state 45
    EQ              shift and go to state 46
    GE              shift and go to state 47
    GT              shift and go to state 48
    LE              shift and go to state 49
    LT              shift and go to state 50
    AND             shift and go to state 51
    OR              shift and go to state 52
    ANDAND          shift and go to state 53
    OROR            shift and go to state 54
    COLON           shift and go to state 55
    DOT             shift and go to state 56
    ELLIPSIS        shift and go to state 57
    ASSIGN          shift and go to state 58
    LCURL           shift and go to state 59
    LPAREN          shift and go to state 60


state 208

    (43) switch_block -> SWITCH expr CASE expr code_block .
    (3) code_block -> code_block . statement
    (4) statement -> . COMMAND
    (5) statement -> . expr COMMA
    (6) statement -> . expr NEWLINE
    (7) statement -> . expr SEMICOLON
    (8) statement -> . NEWLINE
    (9) statement -> . SEMICOLON
    (10) statement -> . switch_block OTHERWISE NEWLINE code_block END SEMICOLON
    (11) statement -> . switch_block OTHERWISE SEMICOLON code_block END SEMICOLON
    (12) statement -> . switch_block OTHERWISE NEWLINE code_block END NEWLINE
    (13) statement -> . switch_block OTHERWISE SEMICOLON code_block END NEWLINE
    (14) statement -> . switch_block END NEWLINE
    (15) statement -> . TRY code_block CATCH statement code_block END NEWLINE
    (16) statement -> . WHILE expr code_block END NEWLINE
    (17) statement -> . WHILE statement code_block END NEWLINE
    (18) statement -> . IF expr statement END SEMICOLON
    (19) statement -> . IF expr statement END NEWLINE
    (20) statement -> . IF expr statement END
    (21) statement -> . IF statement statement END SEMICOLON
    (22) statement -> . IF statement statement END NEWLINE
    (23) statement -> . IF statement statement END
    (24) statement -> . if_block END SEMICOLON
    (25) statement -> . if_block END NEWLINE
    (26) statement -> . if_block END
    (27) statement -> . BREAK SEMICOLON
    (28) statement -> . CONTINUE SEMICOLON
    (29) statement -> . BREAK NEWLINE
    (30) statement -> . CONTINUE NEWLINE
    (31) statement -> . FOR statement code_block END SEMICOLON
    (32) statement -> . FOR statement code_block END NEWLINE
    (33) statement -> . RETURN expr SEMICOLON
    (34) statement -> . RETURN expr NEWLINE
    (35) statement -> . FUNCTION statement code_block
    (36) statement -> . FUNCTION statement code_block END NEWLINE
    (49) expr -> . STRING
    (50) expr -> . NUMBER
    (51) expr -> . NAME
    (52) expr -> . expr CTRANSPOSE
    (53) expr -> . expr TRANSPOSE
    (54) expr -> . expr MPOWER expr
    (55) expr -> . expr POWER expr
    (56) expr -> . expr LDIVIDE expr
    (57) expr -> . expr RDIVIDE expr
    (58) expr -> . expr TIMES expr
    (59) expr -> . expr MLDIVIDE expr
    (60) expr -> . expr MRDIVIDE expr
    (61) expr -> . expr MTIMES expr
    (62) expr -> . expr MINUS expr
    (63) expr -> . expr PLUS expr
    (64) expr -> . expr NE expr
    (65) expr -> . expr EQ expr
    (66) expr -> . expr GE expr
    (67) expr -> . expr GT expr
    (68) expr -> . expr LE expr
    (69) expr -> . expr LT expr
    (70) expr -> . expr AND expr
    (71) expr -> . expr OR expr
    (72) expr -> . expr ANDAND expr
    (73) expr -> . expr OROR expr
    (74) expr -> . expr COLON expr
    (75) expr -> . NOT expr
    (76) expr -> . MINUS expr
    (77) expr -> . PLUS expr
    (78) expr -> . AT LPAREN args RPAREN expr
    (79) expr -> . expr DOT NAME
    (80) expr -> . expr ELLIPSIS NEWLINE
    (81) expr -> . LPAREN expr RPAREN
    (82) expr -> . expr ASSIGN expr
    (83) expr -> . LSQR matrx_rows matrx_elements RSQR
    (84) expr -> . LSQR matrx_elements RSQR
    (85) expr -> . LSQR RSQR
    (86) expr -> . LSQR matrx_rows RSQR
    (87) expr -> . LCURL matrx_rows matrx_elements RCURL
    (88) expr -> . LCURL matrx_elements RCURL
    (89) expr -> . LCURL RCURL
    (90) expr -> . LCURL matrx_rows RCURL
    (91) expr -> . expr LCURL args RCURL
    (92) expr -> . expr LPAREN args RPAREN
    (43) switch_block -> . SWITCH expr CASE expr code_block
    (44) switch_block -> . SWITCH expr CASE statement code_block
    (45) switch_block -> . SWITCH statement CASE expr code_block
    (46) switch_block -> . SWITCH statement CASE statement code_block
    (47) switch_block -> . switch_block CASE expr code_block
    (48) switch_block -> . switch_block CASE statement code_block
    (37) if_block -> . IF expr code_block
    (38) if_block -> . IF statement code_block
    (39) if_block -> . if_block ELSEIF expr code_block
    (40) if_block -> . if_block ELSEIF statement code_block
    (41) if_block -> . if_block ELSE SEMICOLON code_block
    (42) if_block -> . if_block ELSE NEWLINE code_block
    OTHERWISE       reduce using rule 43 (switch_block -> SWITCH expr CASE expr code_block .)
    END             reduce using rule 43 (switch_block -> SWITCH expr CASE expr code_block .)
    CASE            reduce using rule 43 (switch_block -> SWITCH expr CASE expr code_block .)
    COMMAND         shift and go to state 3
    NEWLINE         shift and go to state 5
    SEMICOLON       shift and go to state 6
    TRY             shift and go to state 8
    WHILE           shift and go to state 9
    IF              shift and go to state 10
    BREAK           shift and go to state 12
    CONTINUE        shift and go to state 13
    FOR             shift and go to state 14
    RETURN          shift and go to state 15
    FUNCTION        shift and go to state 16
    STRING          shift and go to state 17
    NUMBER          shift and go to state 18
    NAME            shift and go to state 19
    NOT             shift and go to state 22
    MINUS           shift and go to state 20
    PLUS            shift and go to state 21
    AT              shift and go to state 23
    LPAREN          shift and go to state 24
    LSQR            shift and go to state 25
    LCURL           shift and go to state 26
    SWITCH          shift and go to state 27

    expr                           shift and go to state 4
    statement                      shift and go to state 28
    switch_block                   shift and go to state 7
    if_block                       shift and go to state 11

state 209

    (44) switch_block -> SWITCH expr CASE statement code_block .
    (3) code_block -> code_block . statement
    (4) statement -> . COMMAND
    (5) statement -> . expr COMMA
    (6) statement -> . expr NEWLINE
    (7) statement -> . expr SEMICOLON
    (8) statement -> . NEWLINE
    (9) statement -> . SEMICOLON
    (10) statement -> . switch_block OTHERWISE NEWLINE code_block END SEMICOLON
    (11) statement -> . switch_block OTHERWISE SEMICOLON code_block END SEMICOLON
    (12) statement -> . switch_block OTHERWISE NEWLINE code_block END NEWLINE
    (13) statement -> . switch_block OTHERWISE SEMICOLON code_block END NEWLINE
    (14) statement -> . switch_block END NEWLINE
    (15) statement -> . TRY code_block CATCH statement code_block END NEWLINE
    (16) statement -> . WHILE expr code_block END NEWLINE
    (17) statement -> . WHILE statement code_block END NEWLINE
    (18) statement -> . IF expr statement END SEMICOLON
    (19) statement -> . IF expr statement END NEWLINE
    (20) statement -> . IF expr statement END
    (21) statement -> . IF statement statement END SEMICOLON
    (22) statement -> . IF statement statement END NEWLINE
    (23) statement -> . IF statement statement END
    (24) statement -> . if_block END SEMICOLON
    (25) statement -> . if_block END NEWLINE
    (26) statement -> . if_block END
    (27) statement -> . BREAK SEMICOLON
    (28) statement -> . CONTINUE SEMICOLON
    (29) statement -> . BREAK NEWLINE
    (30) statement -> . CONTINUE NEWLINE
    (31) statement -> . FOR statement code_block END SEMICOLON
    (32) statement -> . FOR statement code_block END NEWLINE
    (33) statement -> . RETURN expr SEMICOLON
    (34) statement -> . RETURN expr NEWLINE
    (35) statement -> . FUNCTION statement code_block
    (36) statement -> . FUNCTION statement code_block END NEWLINE
    (49) expr -> . STRING
    (50) expr -> . NUMBER
    (51) expr -> . NAME
    (52) expr -> . expr CTRANSPOSE
    (53) expr -> . expr TRANSPOSE
    (54) expr -> . expr MPOWER expr
    (55) expr -> . expr POWER expr
    (56) expr -> . expr LDIVIDE expr
    (57) expr -> . expr RDIVIDE expr
    (58) expr -> . expr TIMES expr
    (59) expr -> . expr MLDIVIDE expr
    (60) expr -> . expr MRDIVIDE expr
    (61) expr -> . expr MTIMES expr
    (62) expr -> . expr MINUS expr
    (63) expr -> . expr PLUS expr
    (64) expr -> . expr NE expr
    (65) expr -> . expr EQ expr
    (66) expr -> . expr GE expr
    (67) expr -> . expr GT expr
    (68) expr -> . expr LE expr
    (69) expr -> . expr LT expr
    (70) expr -> . expr AND expr
    (71) expr -> . expr OR expr
    (72) expr -> . expr ANDAND expr
    (73) expr -> . expr OROR expr
    (74) expr -> . expr COLON expr
    (75) expr -> . NOT expr
    (76) expr -> . MINUS expr
    (77) expr -> . PLUS expr
    (78) expr -> . AT LPAREN args RPAREN expr
    (79) expr -> . expr DOT NAME
    (80) expr -> . expr ELLIPSIS NEWLINE
    (81) expr -> . LPAREN expr RPAREN
    (82) expr -> . expr ASSIGN expr
    (83) expr -> . LSQR matrx_rows matrx_elements RSQR
    (84) expr -> . LSQR matrx_elements RSQR
    (85) expr -> . LSQR RSQR
    (86) expr -> . LSQR matrx_rows RSQR
    (87) expr -> . LCURL matrx_rows matrx_elements RCURL
    (88) expr -> . LCURL matrx_elements RCURL
    (89) expr -> . LCURL RCURL
    (90) expr -> . LCURL matrx_rows RCURL
    (91) expr -> . expr LCURL args RCURL
    (92) expr -> . expr LPAREN args RPAREN
    (43) switch_block -> . SWITCH expr CASE expr code_block
    (44) switch_block -> . SWITCH expr CASE statement code_block
    (45) switch_block -> . SWITCH statement CASE expr code_block
    (46) switch_block -> . SWITCH statement CASE statement code_block
    (47) switch_block -> . switch_block CASE expr code_block
    (48) switch_block -> . switch_block CASE statement code_block
    (37) if_block -> . IF expr code_block
    (38) if_block -> . IF statement code_block
    (39) if_block -> . if_block ELSEIF expr code_block
    (40) if_block -> . if_block ELSEIF statement code_block
    (41) if_block -> . if_block ELSE SEMICOLON code_block
    (42) if_block -> . if_block ELSE NEWLINE code_block
    OTHERWISE       reduce using rule 44 (switch_block -> SWITCH expr CASE statement code_block .)
    END             reduce using rule 44 (switch_block -> SWITCH expr CASE statement code_block .)
    CASE            reduce using rule 44 (switch_block -> SWITCH expr CASE statement code_block .)
    COMMAND         shift and go to state 3
    NEWLINE         shift and go to state 5
    SEMICOLON       shift and go to state 6
    TRY             shift and go to state 8
    WHILE           shift and go to state 9
    IF              shift and go to state 10
    BREAK           shift and go to state 12
    CONTINUE        shift and go to state 13
    FOR             shift and go to state 14
    RETURN          shift and go to state 15
    FUNCTION        shift and go to state 16
    STRING          shift and go to state 17
    NUMBER          shift and go to state 18
    NAME            shift and go to state 19
    NOT             shift and go to state 22
    MINUS           shift and go to state 20
    PLUS            shift and go to state 21
    AT              shift and go to state 23
    LPAREN          shift and go to state 24
    LSQR            shift and go to state 25
    LCURL           shift and go to state 26
    SWITCH          shift and go to state 27

    expr                           shift and go to state 4
    statement                      shift and go to state 28
    switch_block                   shift and go to state 7
    if_block                       shift and go to state 11

state 210

    (46) switch_block -> SWITCH statement CASE statement code_block .
    (3) code_block -> code_block . statement
    (4) statement -> . COMMAND
    (5) statement -> . expr COMMA
    (6) statement -> . expr NEWLINE
    (7) statement -> . expr SEMICOLON
    (8) statement -> . NEWLINE
    (9) statement -> . SEMICOLON
    (10) statement -> . switch_block OTHERWISE NEWLINE code_block END SEMICOLON
    (11) statement -> . switch_block OTHERWISE SEMICOLON code_block END SEMICOLON
    (12) statement -> . switch_block OTHERWISE NEWLINE code_block END NEWLINE
    (13) statement -> . switch_block OTHERWISE SEMICOLON code_block END NEWLINE
    (14) statement -> . switch_block END NEWLINE
    (15) statement -> . TRY code_block CATCH statement code_block END NEWLINE
    (16) statement -> . WHILE expr code_block END NEWLINE
    (17) statement -> . WHILE statement code_block END NEWLINE
    (18) statement -> . IF expr statement END SEMICOLON
    (19) statement -> . IF expr statement END NEWLINE
    (20) statement -> . IF expr statement END
    (21) statement -> . IF statement statement END SEMICOLON
    (22) statement -> . IF statement statement END NEWLINE
    (23) statement -> . IF statement statement END
    (24) statement -> . if_block END SEMICOLON
    (25) statement -> . if_block END NEWLINE
    (26) statement -> . if_block END
    (27) statement -> . BREAK SEMICOLON
    (28) statement -> . CONTINUE SEMICOLON
    (29) statement -> . BREAK NEWLINE
    (30) statement -> . CONTINUE NEWLINE
    (31) statement -> . FOR statement code_block END SEMICOLON
    (32) statement -> . FOR statement code_block END NEWLINE
    (33) statement -> . RETURN expr SEMICOLON
    (34) statement -> . RETURN expr NEWLINE
    (35) statement -> . FUNCTION statement code_block
    (36) statement -> . FUNCTION statement code_block END NEWLINE
    (49) expr -> . STRING
    (50) expr -> . NUMBER
    (51) expr -> . NAME
    (52) expr -> . expr CTRANSPOSE
    (53) expr -> . expr TRANSPOSE
    (54) expr -> . expr MPOWER expr
    (55) expr -> . expr POWER expr
    (56) expr -> . expr LDIVIDE expr
    (57) expr -> . expr RDIVIDE expr
    (58) expr -> . expr TIMES expr
    (59) expr -> . expr MLDIVIDE expr
    (60) expr -> . expr MRDIVIDE expr
    (61) expr -> . expr MTIMES expr
    (62) expr -> . expr MINUS expr
    (63) expr -> . expr PLUS expr
    (64) expr -> . expr NE expr
    (65) expr -> . expr EQ expr
    (66) expr -> . expr GE expr
    (67) expr -> . expr GT expr
    (68) expr -> . expr LE expr
    (69) expr -> . expr LT expr
    (70) expr -> . expr AND expr
    (71) expr -> . expr OR expr
    (72) expr -> . expr ANDAND expr
    (73) expr -> . expr OROR expr
    (74) expr -> . expr COLON expr
    (75) expr -> . NOT expr
    (76) expr -> . MINUS expr
    (77) expr -> . PLUS expr
    (78) expr -> . AT LPAREN args RPAREN expr
    (79) expr -> . expr DOT NAME
    (80) expr -> . expr ELLIPSIS NEWLINE
    (81) expr -> . LPAREN expr RPAREN
    (82) expr -> . expr ASSIGN expr
    (83) expr -> . LSQR matrx_rows matrx_elements RSQR
    (84) expr -> . LSQR matrx_elements RSQR
    (85) expr -> . LSQR RSQR
    (86) expr -> . LSQR matrx_rows RSQR
    (87) expr -> . LCURL matrx_rows matrx_elements RCURL
    (88) expr -> . LCURL matrx_elements RCURL
    (89) expr -> . LCURL RCURL
    (90) expr -> . LCURL matrx_rows RCURL
    (91) expr -> . expr LCURL args RCURL
    (92) expr -> . expr LPAREN args RPAREN
    (43) switch_block -> . SWITCH expr CASE expr code_block
    (44) switch_block -> . SWITCH expr CASE statement code_block
    (45) switch_block -> . SWITCH statement CASE expr code_block
    (46) switch_block -> . SWITCH statement CASE statement code_block
    (47) switch_block -> . switch_block CASE expr code_block
    (48) switch_block -> . switch_block CASE statement code_block
    (37) if_block -> . IF expr code_block
    (38) if_block -> . IF statement code_block
    (39) if_block -> . if_block ELSEIF expr code_block
    (40) if_block -> . if_block ELSEIF statement code_block
    (41) if_block -> . if_block ELSE SEMICOLON code_block
    (42) if_block -> . if_block ELSE NEWLINE code_block
    OTHERWISE       reduce using rule 46 (switch_block -> SWITCH statement CASE statement code_block .)
    END             reduce using rule 46 (switch_block -> SWITCH statement CASE statement code_block .)
    CASE            reduce using rule 46 (switch_block -> SWITCH statement CASE statement code_block .)
    COMMAND         shift and go to state 3
    NEWLINE         shift and go to state 5
    SEMICOLON       shift and go to state 6
    TRY             shift and go to state 8
    WHILE           shift and go to state 9
    IF              shift and go to state 10
    BREAK           shift and go to state 12
    CONTINUE        shift and go to state 13
    FOR             shift and go to state 14
    RETURN          shift and go to state 15
    FUNCTION        shift and go to state 16
    STRING          shift and go to state 17
    NUMBER          shift and go to state 18
    NAME            shift and go to state 19
    NOT             shift and go to state 22
    MINUS           shift and go to state 20
    PLUS            shift and go to state 21
    AT              shift and go to state 23
    LPAREN          shift and go to state 24
    LSQR            shift and go to state 25
    LCURL           shift and go to state 26
    SWITCH          shift and go to state 27

    statement                      shift and go to state 28
    expr                           shift and go to state 4
    switch_block                   shift and go to state 7
    if_block                       shift and go to state 11

state 211

    (45) switch_block -> SWITCH statement CASE expr code_block .
    (3) code_block -> code_block . statement
    (4) statement -> . COMMAND
    (5) statement -> . expr COMMA
    (6) statement -> . expr NEWLINE
    (7) statement -> . expr SEMICOLON
    (8) statement -> . NEWLINE
    (9) statement -> . SEMICOLON
    (10) statement -> . switch_block OTHERWISE NEWLINE code_block END SEMICOLON
    (11) statement -> . switch_block OTHERWISE SEMICOLON code_block END SEMICOLON
    (12) statement -> . switch_block OTHERWISE NEWLINE code_block END NEWLINE
    (13) statement -> . switch_block OTHERWISE SEMICOLON code_block END NEWLINE
    (14) statement -> . switch_block END NEWLINE
    (15) statement -> . TRY code_block CATCH statement code_block END NEWLINE
    (16) statement -> . WHILE expr code_block END NEWLINE
    (17) statement -> . WHILE statement code_block END NEWLINE
    (18) statement -> . IF expr statement END SEMICOLON
    (19) statement -> . IF expr statement END NEWLINE
    (20) statement -> . IF expr statement END
    (21) statement -> . IF statement statement END SEMICOLON
    (22) statement -> . IF statement statement END NEWLINE
    (23) statement -> . IF statement statement END
    (24) statement -> . if_block END SEMICOLON
    (25) statement -> . if_block END NEWLINE
    (26) statement -> . if_block END
    (27) statement -> . BREAK SEMICOLON
    (28) statement -> . CONTINUE SEMICOLON
    (29) statement -> . BREAK NEWLINE
    (30) statement -> . CONTINUE NEWLINE
    (31) statement -> . FOR statement code_block END SEMICOLON
    (32) statement -> . FOR statement code_block END NEWLINE
    (33) statement -> . RETURN expr SEMICOLON
    (34) statement -> . RETURN expr NEWLINE
    (35) statement -> . FUNCTION statement code_block
    (36) statement -> . FUNCTION statement code_block END NEWLINE
    (49) expr -> . STRING
    (50) expr -> . NUMBER
    (51) expr -> . NAME
    (52) expr -> . expr CTRANSPOSE
    (53) expr -> . expr TRANSPOSE
    (54) expr -> . expr MPOWER expr
    (55) expr -> . expr POWER expr
    (56) expr -> . expr LDIVIDE expr
    (57) expr -> . expr RDIVIDE expr
    (58) expr -> . expr TIMES expr
    (59) expr -> . expr MLDIVIDE expr
    (60) expr -> . expr MRDIVIDE expr
    (61) expr -> . expr MTIMES expr
    (62) expr -> . expr MINUS expr
    (63) expr -> . expr PLUS expr
    (64) expr -> . expr NE expr
    (65) expr -> . expr EQ expr
    (66) expr -> . expr GE expr
    (67) expr -> . expr GT expr
    (68) expr -> . expr LE expr
    (69) expr -> . expr LT expr
    (70) expr -> . expr AND expr
    (71) expr -> . expr OR expr
    (72) expr -> . expr ANDAND expr
    (73) expr -> . expr OROR expr
    (74) expr -> . expr COLON expr
    (75) expr -> . NOT expr
    (76) expr -> . MINUS expr
    (77) expr -> . PLUS expr
    (78) expr -> . AT LPAREN args RPAREN expr
    (79) expr -> . expr DOT NAME
    (80) expr -> . expr ELLIPSIS NEWLINE
    (81) expr -> . LPAREN expr RPAREN
    (82) expr -> . expr ASSIGN expr
    (83) expr -> . LSQR matrx_rows matrx_elements RSQR
    (84) expr -> . LSQR matrx_elements RSQR
    (85) expr -> . LSQR RSQR
    (86) expr -> . LSQR matrx_rows RSQR
    (87) expr -> . LCURL matrx_rows matrx_elements RCURL
    (88) expr -> . LCURL matrx_elements RCURL
    (89) expr -> . LCURL RCURL
    (90) expr -> . LCURL matrx_rows RCURL
    (91) expr -> . expr LCURL args RCURL
    (92) expr -> . expr LPAREN args RPAREN
    (43) switch_block -> . SWITCH expr CASE expr code_block
    (44) switch_block -> . SWITCH expr CASE statement code_block
    (45) switch_block -> . SWITCH statement CASE expr code_block
    (46) switch_block -> . SWITCH statement CASE statement code_block
    (47) switch_block -> . switch_block CASE expr code_block
    (48) switch_block -> . switch_block CASE statement code_block
    (37) if_block -> . IF expr code_block
    (38) if_block -> . IF statement code_block
    (39) if_block -> . if_block ELSEIF expr code_block
    (40) if_block -> . if_block ELSEIF statement code_block
    (41) if_block -> . if_block ELSE SEMICOLON code_block
    (42) if_block -> . if_block ELSE NEWLINE code_block
    OTHERWISE       reduce using rule 45 (switch_block -> SWITCH statement CASE expr code_block .)
    END             reduce using rule 45 (switch_block -> SWITCH statement CASE expr code_block .)
    CASE            reduce using rule 45 (switch_block -> SWITCH statement CASE expr code_block .)
    COMMAND         shift and go to state 3
    NEWLINE         shift and go to state 5
    SEMICOLON       shift and go to state 6
    TRY             shift and go to state 8
    WHILE           shift and go to state 9
    IF              shift and go to state 10
    BREAK           shift and go to state 12
    CONTINUE        shift and go to state 13
    FOR             shift and go to state 14
    RETURN          shift and go to state 15
    FUNCTION        shift and go to state 16
    STRING          shift and go to state 17
    NUMBER          shift and go to state 18
    NAME            shift and go to state 19
    NOT             shift and go to state 22
    MINUS           shift and go to state 20
    PLUS            shift and go to state 21
    AT              shift and go to state 23
    LPAREN          shift and go to state 24
    LSQR            shift and go to state 25
    LCURL           shift and go to state 26
    SWITCH          shift and go to state 27

    statement                      shift and go to state 28
    expr                           shift and go to state 4
    switch_block                   shift and go to state 7
    if_block                       shift and go to state 11

state 212

    (12) statement -> switch_block OTHERWISE NEWLINE code_block END NEWLINE .
    COMMAND         reduce using rule 12 (statement -> switch_block OTHERWISE NEWLINE code_block END NEWLINE .)
    NEWLINE         reduce using rule 12 (statement -> switch_block OTHERWISE NEWLINE code_block END NEWLINE .)
    SEMICOLON       reduce using rule 12 (statement -> switch_block OTHERWISE NEWLINE code_block END NEWLINE .)
    TRY             reduce using rule 12 (statement -> switch_block OTHERWISE NEWLINE code_block END NEWLINE .)
    WHILE           reduce using rule 12 (statement -> switch_block OTHERWISE NEWLINE code_block END NEWLINE .)
    IF              reduce using rule 12 (statement -> switch_block OTHERWISE NEWLINE code_block END NEWLINE .)
    BREAK           reduce using rule 12 (statement -> switch_block OTHERWISE NEWLINE code_block END NEWLINE .)
    CONTINUE        reduce using rule 12 (statement -> switch_block OTHERWISE NEWLINE code_block END NEWLINE .)
    FOR             reduce using rule 12 (statement -> switch_block OTHERWISE NEWLINE code_block END NEWLINE .)
    RETURN          reduce using rule 12 (statement -> switch_block OTHERWISE NEWLINE code_block END NEWLINE .)
    FUNCTION        reduce using rule 12 (statement -> switch_block OTHERWISE NEWLINE code_block END NEWLINE .)
    STRING          reduce using rule 12 (statement -> switch_block OTHERWISE NEWLINE code_block END NEWLINE .)
    NUMBER          reduce using rule 12 (statement -> switch_block OTHERWISE NEWLINE code_block END NEWLINE .)
    NAME            reduce using rule 12 (statement -> switch_block OTHERWISE NEWLINE code_block END NEWLINE .)
    NOT             reduce using rule 12 (statement -> switch_block OTHERWISE NEWLINE code_block END NEWLINE .)
    MINUS           reduce using rule 12 (statement -> switch_block OTHERWISE NEWLINE code_block END NEWLINE .)
    PLUS            reduce using rule 12 (statement -> switch_block OTHERWISE NEWLINE code_block END NEWLINE .)
    AT              reduce using rule 12 (statement -> switch_block OTHERWISE NEWLINE code_block END NEWLINE .)
    LPAREN          reduce using rule 12 (statement -> switch_block OTHERWISE NEWLINE code_block END NEWLINE .)
    LSQR            reduce using rule 12 (statement -> switch_block OTHERWISE NEWLINE code_block END NEWLINE .)
    LCURL           reduce using rule 12 (statement -> switch_block OTHERWISE NEWLINE code_block END NEWLINE .)
    SWITCH          reduce using rule 12 (statement -> switch_block OTHERWISE NEWLINE code_block END NEWLINE .)
    $end            reduce using rule 12 (statement -> switch_block OTHERWISE NEWLINE code_block END NEWLINE .)
    CATCH           reduce using rule 12 (statement -> switch_block OTHERWISE NEWLINE code_block END NEWLINE .)
    END             reduce using rule 12 (statement -> switch_block OTHERWISE NEWLINE code_block END NEWLINE .)
    CASE            reduce using rule 12 (statement -> switch_block OTHERWISE NEWLINE code_block END NEWLINE .)
    ELSEIF          reduce using rule 12 (statement -> switch_block OTHERWISE NEWLINE code_block END NEWLINE .)
    ELSE            reduce using rule 12 (statement -> switch_block OTHERWISE NEWLINE code_block END NEWLINE .)
    OTHERWISE       reduce using rule 12 (statement -> switch_block OTHERWISE NEWLINE code_block END NEWLINE .)


state 213

    (10) statement -> switch_block OTHERWISE NEWLINE code_block END SEMICOLON .
    COMMAND         reduce using rule 10 (statement -> switch_block OTHERWISE NEWLINE code_block END SEMICOLON .)
    NEWLINE         reduce using rule 10 (statement -> switch_block OTHERWISE NEWLINE code_block END SEMICOLON .)
    SEMICOLON       reduce using rule 10 (statement -> switch_block OTHERWISE NEWLINE code_block END SEMICOLON .)
    TRY             reduce using rule 10 (statement -> switch_block OTHERWISE NEWLINE code_block END SEMICOLON .)
    WHILE           reduce using rule 10 (statement -> switch_block OTHERWISE NEWLINE code_block END SEMICOLON .)
    IF              reduce using rule 10 (statement -> switch_block OTHERWISE NEWLINE code_block END SEMICOLON .)
    BREAK           reduce using rule 10 (statement -> switch_block OTHERWISE NEWLINE code_block END SEMICOLON .)
    CONTINUE        reduce using rule 10 (statement -> switch_block OTHERWISE NEWLINE code_block END SEMICOLON .)
    FOR             reduce using rule 10 (statement -> switch_block OTHERWISE NEWLINE code_block END SEMICOLON .)
    RETURN          reduce using rule 10 (statement -> switch_block OTHERWISE NEWLINE code_block END SEMICOLON .)
    FUNCTION        reduce using rule 10 (statement -> switch_block OTHERWISE NEWLINE code_block END SEMICOLON .)
    STRING          reduce using rule 10 (statement -> switch_block OTHERWISE NEWLINE code_block END SEMICOLON .)
    NUMBER          reduce using rule 10 (statement -> switch_block OTHERWISE NEWLINE code_block END SEMICOLON .)
    NAME            reduce using rule 10 (statement -> switch_block OTHERWISE NEWLINE code_block END SEMICOLON .)
    NOT             reduce using rule 10 (statement -> switch_block OTHERWISE NEWLINE code_block END SEMICOLON .)
    MINUS           reduce using rule 10 (statement -> switch_block OTHERWISE NEWLINE code_block END SEMICOLON .)
    PLUS            reduce using rule 10 (statement -> switch_block OTHERWISE NEWLINE code_block END SEMICOLON .)
    AT              reduce using rule 10 (statement -> switch_block OTHERWISE NEWLINE code_block END SEMICOLON .)
    LPAREN          reduce using rule 10 (statement -> switch_block OTHERWISE NEWLINE code_block END SEMICOLON .)
    LSQR            reduce using rule 10 (statement -> switch_block OTHERWISE NEWLINE code_block END SEMICOLON .)
    LCURL           reduce using rule 10 (statement -> switch_block OTHERWISE NEWLINE code_block END SEMICOLON .)
    SWITCH          reduce using rule 10 (statement -> switch_block OTHERWISE NEWLINE code_block END SEMICOLON .)
    $end            reduce using rule 10 (statement -> switch_block OTHERWISE NEWLINE code_block END SEMICOLON .)
    CATCH           reduce using rule 10 (statement -> switch_block OTHERWISE NEWLINE code_block END SEMICOLON .)
    END             reduce using rule 10 (statement -> switch_block OTHERWISE NEWLINE code_block END SEMICOLON .)
    CASE            reduce using rule 10 (statement -> switch_block OTHERWISE NEWLINE code_block END SEMICOLON .)
    ELSEIF          reduce using rule 10 (statement -> switch_block OTHERWISE NEWLINE code_block END SEMICOLON .)
    ELSE            reduce using rule 10 (statement -> switch_block OTHERWISE NEWLINE code_block END SEMICOLON .)
    OTHERWISE       reduce using rule 10 (statement -> switch_block OTHERWISE NEWLINE code_block END SEMICOLON .)


state 214

    (11) statement -> switch_block OTHERWISE SEMICOLON code_block END SEMICOLON .
    COMMAND         reduce using rule 11 (statement -> switch_block OTHERWISE SEMICOLON code_block END SEMICOLON .)
    NEWLINE         reduce using rule 11 (statement -> switch_block OTHERWISE SEMICOLON code_block END SEMICOLON .)
    SEMICOLON       reduce using rule 11 (statement -> switch_block OTHERWISE SEMICOLON code_block END SEMICOLON .)
    TRY             reduce using rule 11 (statement -> switch_block OTHERWISE SEMICOLON code_block END SEMICOLON .)
    WHILE           reduce using rule 11 (statement -> switch_block OTHERWISE SEMICOLON code_block END SEMICOLON .)
    IF              reduce using rule 11 (statement -> switch_block OTHERWISE SEMICOLON code_block END SEMICOLON .)
    BREAK           reduce using rule 11 (statement -> switch_block OTHERWISE SEMICOLON code_block END SEMICOLON .)
    CONTINUE        reduce using rule 11 (statement -> switch_block OTHERWISE SEMICOLON code_block END SEMICOLON .)
    FOR             reduce using rule 11 (statement -> switch_block OTHERWISE SEMICOLON code_block END SEMICOLON .)
    RETURN          reduce using rule 11 (statement -> switch_block OTHERWISE SEMICOLON code_block END SEMICOLON .)
    FUNCTION        reduce using rule 11 (statement -> switch_block OTHERWISE SEMICOLON code_block END SEMICOLON .)
    STRING          reduce using rule 11 (statement -> switch_block OTHERWISE SEMICOLON code_block END SEMICOLON .)
    NUMBER          reduce using rule 11 (statement -> switch_block OTHERWISE SEMICOLON code_block END SEMICOLON .)
    NAME            reduce using rule 11 (statement -> switch_block OTHERWISE SEMICOLON code_block END SEMICOLON .)
    NOT             reduce using rule 11 (statement -> switch_block OTHERWISE SEMICOLON code_block END SEMICOLON .)
    MINUS           reduce using rule 11 (statement -> switch_block OTHERWISE SEMICOLON code_block END SEMICOLON .)
    PLUS            reduce using rule 11 (statement -> switch_block OTHERWISE SEMICOLON code_block END SEMICOLON .)
    AT              reduce using rule 11 (statement -> switch_block OTHERWISE SEMICOLON code_block END SEMICOLON .)
    LPAREN          reduce using rule 11 (statement -> switch_block OTHERWISE SEMICOLON code_block END SEMICOLON .)
    LSQR            reduce using rule 11 (statement -> switch_block OTHERWISE SEMICOLON code_block END SEMICOLON .)
    LCURL           reduce using rule 11 (statement -> switch_block OTHERWISE SEMICOLON code_block END SEMICOLON .)
    SWITCH          reduce using rule 11 (statement -> switch_block OTHERWISE SEMICOLON code_block END SEMICOLON .)
    $end            reduce using rule 11 (statement -> switch_block OTHERWISE SEMICOLON code_block END SEMICOLON .)
    CATCH           reduce using rule 11 (statement -> switch_block OTHERWISE SEMICOLON code_block END SEMICOLON .)
    END             reduce using rule 11 (statement -> switch_block OTHERWISE SEMICOLON code_block END SEMICOLON .)
    CASE            reduce using rule 11 (statement -> switch_block OTHERWISE SEMICOLON code_block END SEMICOLON .)
    ELSEIF          reduce using rule 11 (statement -> switch_block OTHERWISE SEMICOLON code_block END SEMICOLON .)
    ELSE            reduce using rule 11 (statement -> switch_block OTHERWISE SEMICOLON code_block END SEMICOLON .)
    OTHERWISE       reduce using rule 11 (statement -> switch_block OTHERWISE SEMICOLON code_block END SEMICOLON .)


state 215

    (13) statement -> switch_block OTHERWISE SEMICOLON code_block END NEWLINE .
    COMMAND         reduce using rule 13 (statement -> switch_block OTHERWISE SEMICOLON code_block END NEWLINE .)
    NEWLINE         reduce using rule 13 (statement -> switch_block OTHERWISE SEMICOLON code_block END NEWLINE .)
    SEMICOLON       reduce using rule 13 (statement -> switch_block OTHERWISE SEMICOLON code_block END NEWLINE .)
    TRY             reduce using rule 13 (statement -> switch_block OTHERWISE SEMICOLON code_block END NEWLINE .)
    WHILE           reduce using rule 13 (statement -> switch_block OTHERWISE SEMICOLON code_block END NEWLINE .)
    IF              reduce using rule 13 (statement -> switch_block OTHERWISE SEMICOLON code_block END NEWLINE .)
    BREAK           reduce using rule 13 (statement -> switch_block OTHERWISE SEMICOLON code_block END NEWLINE .)
    CONTINUE        reduce using rule 13 (statement -> switch_block OTHERWISE SEMICOLON code_block END NEWLINE .)
    FOR             reduce using rule 13 (statement -> switch_block OTHERWISE SEMICOLON code_block END NEWLINE .)
    RETURN          reduce using rule 13 (statement -> switch_block OTHERWISE SEMICOLON code_block END NEWLINE .)
    FUNCTION        reduce using rule 13 (statement -> switch_block OTHERWISE SEMICOLON code_block END NEWLINE .)
    STRING          reduce using rule 13 (statement -> switch_block OTHERWISE SEMICOLON code_block END NEWLINE .)
    NUMBER          reduce using rule 13 (statement -> switch_block OTHERWISE SEMICOLON code_block END NEWLINE .)
    NAME            reduce using rule 13 (statement -> switch_block OTHERWISE SEMICOLON code_block END NEWLINE .)
    NOT             reduce using rule 13 (statement -> switch_block OTHERWISE SEMICOLON code_block END NEWLINE .)
    MINUS           reduce using rule 13 (statement -> switch_block OTHERWISE SEMICOLON code_block END NEWLINE .)
    PLUS            reduce using rule 13 (statement -> switch_block OTHERWISE SEMICOLON code_block END NEWLINE .)
    AT              reduce using rule 13 (statement -> switch_block OTHERWISE SEMICOLON code_block END NEWLINE .)
    LPAREN          reduce using rule 13 (statement -> switch_block OTHERWISE SEMICOLON code_block END NEWLINE .)
    LSQR            reduce using rule 13 (statement -> switch_block OTHERWISE SEMICOLON code_block END NEWLINE .)
    LCURL           reduce using rule 13 (statement -> switch_block OTHERWISE SEMICOLON code_block END NEWLINE .)
    SWITCH          reduce using rule 13 (statement -> switch_block OTHERWISE SEMICOLON code_block END NEWLINE .)
    $end            reduce using rule 13 (statement -> switch_block OTHERWISE SEMICOLON code_block END NEWLINE .)
    CATCH           reduce using rule 13 (statement -> switch_block OTHERWISE SEMICOLON code_block END NEWLINE .)
    END             reduce using rule 13 (statement -> switch_block OTHERWISE SEMICOLON code_block END NEWLINE .)
    CASE            reduce using rule 13 (statement -> switch_block OTHERWISE SEMICOLON code_block END NEWLINE .)
    ELSEIF          reduce using rule 13 (statement -> switch_block OTHERWISE SEMICOLON code_block END NEWLINE .)
    ELSE            reduce using rule 13 (statement -> switch_block OTHERWISE SEMICOLON code_block END NEWLINE .)
    OTHERWISE       reduce using rule 13 (statement -> switch_block OTHERWISE SEMICOLON code_block END NEWLINE .)


state 216

    (15) statement -> TRY code_block CATCH statement code_block END . NEWLINE
    NEWLINE         shift and go to state 217


state 217

    (15) statement -> TRY code_block CATCH statement code_block END NEWLINE .
    COMMAND         reduce using rule 15 (statement -> TRY code_block CATCH statement code_block END NEWLINE .)
    NEWLINE         reduce using rule 15 (statement -> TRY code_block CATCH statement code_block END NEWLINE .)
    SEMICOLON       reduce using rule 15 (statement -> TRY code_block CATCH statement code_block END NEWLINE .)
    TRY             reduce using rule 15 (statement -> TRY code_block CATCH statement code_block END NEWLINE .)
    WHILE           reduce using rule 15 (statement -> TRY code_block CATCH statement code_block END NEWLINE .)
    IF              reduce using rule 15 (statement -> TRY code_block CATCH statement code_block END NEWLINE .)
    BREAK           reduce using rule 15 (statement -> TRY code_block CATCH statement code_block END NEWLINE .)
    CONTINUE        reduce using rule 15 (statement -> TRY code_block CATCH statement code_block END NEWLINE .)
    FOR             reduce using rule 15 (statement -> TRY code_block CATCH statement code_block END NEWLINE .)
    RETURN          reduce using rule 15 (statement -> TRY code_block CATCH statement code_block END NEWLINE .)
    FUNCTION        reduce using rule 15 (statement -> TRY code_block CATCH statement code_block END NEWLINE .)
    STRING          reduce using rule 15 (statement -> TRY code_block CATCH statement code_block END NEWLINE .)
    NUMBER          reduce using rule 15 (statement -> TRY code_block CATCH statement code_block END NEWLINE .)
    NAME            reduce using rule 15 (statement -> TRY code_block CATCH statement code_block END NEWLINE .)
    NOT             reduce using rule 15 (statement -> TRY code_block CATCH statement code_block END NEWLINE .)
    MINUS           reduce using rule 15 (statement -> TRY code_block CATCH statement code_block END NEWLINE .)
    PLUS            reduce using rule 15 (statement -> TRY code_block CATCH statement code_block END NEWLINE .)
    AT              reduce using rule 15 (statement -> TRY code_block CATCH statement code_block END NEWLINE .)
    LPAREN          reduce using rule 15 (statement -> TRY code_block CATCH statement code_block END NEWLINE .)
    LSQR            reduce using rule 15 (statement -> TRY code_block CATCH statement code_block END NEWLINE .)
    LCURL           reduce using rule 15 (statement -> TRY code_block CATCH statement code_block END NEWLINE .)
    SWITCH          reduce using rule 15 (statement -> TRY code_block CATCH statement code_block END NEWLINE .)
    $end            reduce using rule 15 (statement -> TRY code_block CATCH statement code_block END NEWLINE .)
    CATCH           reduce using rule 15 (statement -> TRY code_block CATCH statement code_block END NEWLINE .)
    END             reduce using rule 15 (statement -> TRY code_block CATCH statement code_block END NEWLINE .)
    CASE            reduce using rule 15 (statement -> TRY code_block CATCH statement code_block END NEWLINE .)
    ELSEIF          reduce using rule 15 (statement -> TRY code_block CATCH statement code_block END NEWLINE .)
    ELSE            reduce using rule 15 (statement -> TRY code_block CATCH statement code_block END NEWLINE .)
    OTHERWISE       reduce using rule 15 (statement -> TRY code_block CATCH statement code_block END NEWLINE .)


Conflicts:

shift/reduce conflict for COMMAND in state 2 resolved as shift
shift/reduce conflict for NEWLINE in state 2 resolved as shift
shift/reduce conflict for SEMICOLON in state 2 resolved as shift
shift/reduce conflict for TRY in state 2 resolved as shift
shift/reduce conflict for WHILE in state 2 resolved as shift
shift/reduce conflict for IF in state 2 resolved as shift
shift/reduce conflict for BREAK in state 2 resolved as shift
shift/reduce conflict for CONTINUE in state 2 resolved as shift
shift/reduce conflict for FOR in state 2 resolved as shift
shift/reduce conflict for RETURN in state 2 resolved as shift
shift/reduce conflict for FUNCTION in state 2 resolved as shift
shift/reduce conflict for STRING in state 2 resolved as shift
shift/reduce conflict for NUMBER in state 2 resolved as shift
shift/reduce conflict for NAME in state 2 resolved as shift
shift/reduce conflict for NOT in state 2 resolved as shift
shift/reduce conflict for MINUS in state 2 resolved as shift
shift/reduce conflict for PLUS in state 2 resolved as shift
shift/reduce conflict for AT in state 2 resolved as shift
shift/reduce conflict for LPAREN in state 2 resolved as shift
shift/reduce conflict for LSQR in state 2 resolved as shift
shift/reduce conflict for LCURL in state 2 resolved as shift
shift/reduce conflict for SWITCH in state 2 resolved as shift
shift/reduce conflict for COMMAND in state 29 resolved as shift
shift/reduce conflict for NEWLINE in state 29 resolved as shift
shift/reduce conflict for SEMICOLON in state 29 resolved as shift
shift/reduce conflict for TRY in state 29 resolved as shift
shift/reduce conflict for WHILE in state 29 resolved as shift
shift/reduce conflict for IF in state 29 resolved as shift
shift/reduce conflict for BREAK in state 29 resolved as shift
shift/reduce conflict for CONTINUE in state 29 resolved as shift
shift/reduce conflict for FOR in state 29 resolved as shift
shift/reduce conflict for RETURN in state 29 resolved as shift
shift/reduce conflict for FUNCTION in state 29 resolved as shift
shift/reduce conflict for STRING in state 29 resolved as shift
shift/reduce conflict for NUMBER in state 29 resolved as shift
shift/reduce conflict for NAME in state 29 resolved as shift
shift/reduce conflict for NOT in state 29 resolved as shift
shift/reduce conflict for MINUS in state 29 resolved as shift
shift/reduce conflict for PLUS in state 29 resolved as shift
shift/reduce conflict for AT in state 29 resolved as shift
shift/reduce conflict for LPAREN in state 29 resolved as shift
shift/reduce conflict for LSQR in state 29 resolved as shift
shift/reduce conflict for LCURL in state 29 resolved as shift
shift/reduce conflict for SWITCH in state 29 resolved as shift
shift/reduce conflict for NEWLINE in state 69 resolved as shift
shift/reduce conflict for SEMICOLON in state 69 resolved as shift
shift/reduce conflict for MINUS in state 87 resolved as shift
shift/reduce conflict for PLUS in state 87 resolved as shift
shift/reduce conflict for LCURL in state 87 resolved as shift
shift/reduce conflict for LPAREN in state 87 resolved as shift
shift/reduce conflict for COMMA in state 117 resolved as shift
shift/reduce conflict for END in state 134 resolved as shift
shift/reduce conflict for COMMAND in state 134 resolved as shift
shift/reduce conflict for NEWLINE in state 134 resolved as shift
shift/reduce conflict for SEMICOLON in state 134 resolved as shift
shift/reduce conflict for TRY in state 134 resolved as shift
shift/reduce conflict for WHILE in state 134 resolved as shift
shift/reduce conflict for IF in state 134 resolved as shift
shift/reduce conflict for BREAK in state 134 resolved as shift
shift/reduce conflict for CONTINUE in state 134 resolved as shift
shift/reduce conflict for FOR in state 134 resolved as shift
shift/reduce conflict for RETURN in state 134 resolved as shift
shift/reduce conflict for FUNCTION in state 134 resolved as shift
shift/reduce conflict for STRING in state 134 resolved as shift
shift/reduce conflict for NUMBER in state 134 resolved as shift
shift/reduce conflict for NAME in state 134 resolved as shift
shift/reduce conflict for NOT in state 134 resolved as shift
shift/reduce conflict for MINUS in state 134 resolved as shift
shift/reduce conflict for PLUS in state 134 resolved as shift
shift/reduce conflict for AT in state 134 resolved as shift
shift/reduce conflict for LPAREN in state 134 resolved as shift
shift/reduce conflict for LSQR in state 134 resolved as shift
shift/reduce conflict for LCURL in state 134 resolved as shift
shift/reduce conflict for SWITCH in state 134 resolved as shift
shift/reduce conflict for END in state 136 resolved as shift
shift/reduce conflict for COMMAND in state 136 resolved as shift
shift/reduce conflict for NEWLINE in state 136 resolved as shift
shift/reduce conflict for SEMICOLON in state 136 resolved as shift
shift/reduce conflict for TRY in state 136 resolved as shift
shift/reduce conflict for WHILE in state 136 resolved as shift
shift/reduce conflict for IF in state 136 resolved as shift
shift/reduce conflict for BREAK in state 136 resolved as shift
shift/reduce conflict for CONTINUE in state 136 resolved as shift
shift/reduce conflict for FOR in state 136 resolved as shift
shift/reduce conflict for RETURN in state 136 resolved as shift
shift/reduce conflict for FUNCTION in state 136 resolved as shift
shift/reduce conflict for STRING in state 136 resolved as shift
shift/reduce conflict for NUMBER in state 136 resolved as shift
shift/reduce conflict for NAME in state 136 resolved as shift
shift/reduce conflict for NOT in state 136 resolved as shift
shift/reduce conflict for MINUS in state 136 resolved as shift
shift/reduce conflict for PLUS in state 136 resolved as shift
shift/reduce conflict for AT in state 136 resolved as shift
shift/reduce conflict for LPAREN in state 136 resolved as shift
shift/reduce conflict for LSQR in state 136 resolved as shift
shift/reduce conflict for LCURL in state 136 resolved as shift
shift/reduce conflict for SWITCH in state 136 resolved as shift
shift/reduce conflict for END in state 147 resolved as shift
shift/reduce conflict for COMMAND in state 147 resolved as shift
shift/reduce conflict for NEWLINE in state 147 resolved as shift
shift/reduce conflict for SEMICOLON in state 147 resolved as shift
shift/reduce conflict for TRY in state 147 resolved as shift
shift/reduce conflict for WHILE in state 147 resolved as shift
shift/reduce conflict for IF in state 147 resolved as shift
shift/reduce conflict for BREAK in state 147 resolved as shift
shift/reduce conflict for CONTINUE in state 147 resolved as shift
shift/reduce conflict for FOR in state 147 resolved as shift
shift/reduce conflict for RETURN in state 147 resolved as shift
shift/reduce conflict for FUNCTION in state 147 resolved as shift
shift/reduce conflict for STRING in state 147 resolved as shift
shift/reduce conflict for NUMBER in state 147 resolved as shift
shift/reduce conflict for NAME in state 147 resolved as shift
shift/reduce conflict for NOT in state 147 resolved as shift
shift/reduce conflict for MINUS in state 147 resolved as shift
shift/reduce conflict for PLUS in state 147 resolved as shift
shift/reduce conflict for AT in state 147 resolved as shift
shift/reduce conflict for LPAREN in state 147 resolved as shift
shift/reduce conflict for LSQR in state 147 resolved as shift
shift/reduce conflict for LCURL in state 147 resolved as shift
shift/reduce conflict for SWITCH in state 147 resolved as shift
shift/reduce conflict for MINUS in state 155 resolved as shift
shift/reduce conflict for PLUS in state 155 resolved as shift
shift/reduce conflict for LCURL in state 155 resolved as shift
shift/reduce conflict for LPAREN in state 155 resolved as shift
shift/reduce conflict for COMMA in state 173 resolved as shift
shift/reduce conflict for COMMA in state 173 resolved as shift
shift/reduce conflict for MINUS in state 173 resolved as shift
shift/reduce conflict for PLUS in state 173 resolved as shift
shift/reduce conflict for LCURL in state 173 resolved as shift
shift/reduce conflict for LPAREN in state 173 resolved as shift
shift/reduce conflict for RPAREN in state 174 resolved as shift
shift/reduce conflict for COMMA in state 174 resolved as shift
shift/reduce conflict for NEWLINE in state 176 resolved as shift
shift/reduce conflict for SEMICOLON in state 176 resolved as shift
shift/reduce conflict for NEWLINE in state 177 resolved as shift
shift/reduce conflict for SEMICOLON in state 177 resolved as shift
shift/reduce conflict for CTRANSPOSE in state 207 resolved as shift
shift/reduce conflict for TRANSPOSE in state 207 resolved as shift
shift/reduce conflict for MPOWER in state 207 resolved as shift
shift/reduce conflict for POWER in state 207 resolved as shift
shift/reduce conflict for LDIVIDE in state 207 resolved as shift
shift/reduce conflict for RDIVIDE in state 207 resolved as shift
shift/reduce conflict for TIMES in state 207 resolved as shift
shift/reduce conflict for MLDIVIDE in state 207 resolved as shift
shift/reduce conflict for MRDIVIDE in state 207 resolved as shift
shift/reduce conflict for MTIMES in state 207 resolved as shift
shift/reduce conflict for MINUS in state 207 resolved as shift
shift/reduce conflict for PLUS in state 207 resolved as shift
shift/reduce conflict for NE in state 207 resolved as shift
shift/reduce conflict for EQ in state 207 resolved as shift
shift/reduce conflict for GE in state 207 resolved as shift
shift/reduce conflict for GT in state 207 resolved as shift
shift/reduce conflict for LE in state 207 resolved as shift
shift/reduce conflict for LT in state 207 resolved as shift
shift/reduce conflict for AND in state 207 resolved as shift
shift/reduce conflict for OR in state 207 resolved as shift
shift/reduce conflict for ANDAND in state 207 resolved as shift
shift/reduce conflict for OROR in state 207 resolved as shift
shift/reduce conflict for COLON in state 207 resolved as shift
shift/reduce conflict for DOT in state 207 resolved as shift
shift/reduce conflict for ELLIPSIS in state 207 resolved as shift
shift/reduce conflict for ASSIGN in state 207 resolved as shift
shift/reduce conflict for LCURL in state 207 resolved as shift
shift/reduce conflict for LPAREN in state 207 resolved as shift
reduce/reduce conflict in state 127 resolved using rule statement -> NEWLINE
rejected rule (statement -> expr NEWLINE) in state 127
reduce/reduce conflict in state 132 resolved using rule statement -> SEMICOLON
rejected rule (statement -> expr SEMICOLON) in state 132
reduce/reduce conflict in state 171 resolved using rule expr -> MINUS expr  [precedence=left, level=9]
rejected rule (expr -> expr MINUS expr  [precedence=left, level=9]) in state 171
reduce/reduce conflict in state 172 resolved using rule expr -> PLUS expr  [precedence=left, level=9]
rejected rule (expr -> expr PLUS expr  [precedence=left, level=9]) in state 172
reduce/reduce conflict in state 173 resolved using rule args -> expr
rejected rule (matrx_elements -> expr) in state 173